site_va,record_va,record_index,target_va,len,extra_len,checksum
0x201a78,0xc6090,122,0x20c190,0x20,0x0,0xa1e34ca7d75e7ecf
0x2022ac,0xc60b0,123,0x20c2f0,0x20,0x0,0x53ee46b0701f8a19
0x2023f0,0xc6370,145,0x20e150,0x20,0x0,0x7b75130407a483d3
0x2023fc,0xc6390,146,0x20e2b0,0x20,0x0,0x387440fbf0aa4353
0x202738,0xc60d0,124,0x20c450,0x20,0x0,0xef985e9b41e7b78f
0x2027ec,0xc60f0,125,0x20c5b0,0x20,0x0,0xabe295ea76ef46e7
0x202e08,0xc6110,126,0x20c710,0x20,0x0,0x87e034004d8a04aa
0x20305c,0xc6130,127,0x20c870,0x20,0x0,0x1f4870eb91d6b21c
0x20358c,0xc6150,128,0x20c9d0,0x20,0x0,0x3d2a37c3553d7a51
0x203d2c,0xc6170,129,0x20cb30,0x20,0x0,0x92263b4a9708514d
0x2065e8,0xc6190,130,0x20cc90,0x20,0x0,0xaae5ae30f57b683d
0x206a30,0xc61b0,131,0x20ce10,0x20,0x0,0xb33628a341dcd7e
0x20c790,0xc61d0,132,0x20cf70,0x20,0x0,0xa2a0866a776f2ccc
0x20cb20,0xc61f0,133,0x20d0d0,0x20,0x0,0x1c684bfe9cc29b4e
0x20ce44,0xc6210,134,0x20d230,0x20,0x0,0xe39c62e48fbeecef
0x20da50,0xc6230,135,0x20d390,0x20,0x0,0xb6eb3aaa2443607
0x20dc78,0xc6250,136,0x20d4f0,0x20,0x0,0x59d86edb56e7ccc9
0x210ab4,0xc6270,137,0x20d650,0x20,0x0,0x1b19cf531847f24a
0x210dc8,0xc6290,138,0x20d7b0,0x20,0x0,0x3c1a898566047bb
0x2122d4,0xc62b0,139,0x20d910,0x20,0x0,0x9c88c4e22ff3dc66
0x2134f4,0xc6390,146,0x20e2b0,0x20,0x0,0x387440fbf0aa4353
0x213710,0xc62d0,140,0x20da70,0x20,0x0,0x9dfb550a284bd7d
0x213b18,0xc6c50,216,0x2142f0,0x20,0x0,0x34dc425307f07e55
0x213f28,0xc6cf0,221,0x2149d0,0x20,0x0,0x527fbe32499be306
0x21414c,0xc6d30,223,0x214c90,0x20,0x0,0x2f9f5e8109defe56
0x214340,0xc6d70,225,0x214f50,0x20,0x0,0x622f087048a97d0d
0x21462c,0xc62f0,141,0x20dbd0,0x20,0x0,0xfd98d7cc40e8a15b
0x2147e0,0xc6310,142,0x20dd30,0x20,0x0,0x9a04d29883ddb78a
0x215148,0xc6330,143,0x20de90,0x20,0x0,0xc3d86d91967ee330
0x215884,0xc6350,144,0x20dff0,0x20,0x0,0x3a2274466d8606f3
0x215930,0xc6bf0,213,0x213ed0,0x20,0x0,0x14c96461e50c02a9
0x215a68,0xc63b0,147,0x20e410,0x20,0x0,0xd9d7d39ff3f63365
0x215cc0,0xc63d0,148,0x20e570,0x20,0x0,0x448ed61356227cc7
0x2160ac,0xc63f0,149,0x20e6d0,0x20,0x0,0x7b972abffb74d888
0x216250,0xc6450,152,0x20eaf0,0x20,0x0,0x951208a88406ef23
0x2163b8,0xc6470,153,0x20ec50,0x20,0x0,0x11b9396e6f0c8a60
0x216610,0xc64b0,155,0x20ef10,0x20,0x0,0x4055d96dc4cbbf60
0x216784,0xc64d0,156,0x20f070,0x20,0x0,0x83dd151b172450a
0x2168d8,0xc64f0,157,0x20f1d0,0x20,0x0,0x5fe71c3f758fe27d
0x216a4c,0xc6510,158,0x20f330,0x20,0x0,0x56993f5932212e4a
0x216bc0,0xc6530,159,0x20f490,0x20,0x0,0x4b745d39c673030e
0x216dac,0xc6550,160,0x20f5f0,0x20,0x0,0x2232427b4c78b970
0x216f48,0xc6570,161,0x20f750,0x20,0x0,0x4a40454ca9d0549
0x217108,0xc6590,162,0x20f8b0,0x20,0x0,0x14699bb6c3858980
0x217228,0xc65b0,163,0x20fa10,0x20,0x0,0x2da61c87150bdf56
0x217388,0xc65d0,164,0x20fb70,0x20,0x0,0x13516a7748cb9a9d
0x2174f4,0xc65f0,165,0x20fcd0,0x20,0x0,0xf0fa491c5016db4e
0x217718,0xc6610,166,0x20fe30,0x20,0x0,0x1437d719401ad40b
0x217b4c,0xc6630,167,0x20ff90,0x20,0x0,0x18a170ab8ca465de
0x218064,0xc6650,168,0x2100f0,0x20,0x0,0x8787e3fa858bafc0
0x21832c,0xc6670,169,0x210250,0x20,0x0,0x38b5925e633eeff3
0x218428,0xc6710,174,0x210930,0x20,0x0,0x5c4745bb28ee8915
0x2184f0,0xc6730,175,0x210a90,0x20,0x0,0x548fe0c6fb2ce571
0x2185b4,0xc6690,170,0x2103b0,0x20,0x0,0x51072a2d4b515cd0
0x2188b0,0xc66b0,171,0x210510,0x20,0x0,0xa0c665da55804c3c
0x218bd4,0xc66d0,172,0x210670,0x20,0x0,0xdacdceb966cc01d1
0x218ef0,0xc66f0,173,0x2107d0,0x20,0x0,0xdd682d663250610e
0x2190f0,0xc6750,176,0x210bf0,0x20,0x0,0xb7ccee5720863f45
0x219320,0xc6770,177,0x210d50,0x20,0x0,0xd62736bb0f7d3a29
0x2194cc,0xc6790,178,0x210eb0,0x20,0x0,0xb03883e0d9eef5fd
0x219978,0xc67b0,179,0x211010,0x20,0x0,0xea40a3ceda2231e0
0x219b9c,0xc67d0,180,0x211170,0x20,0x0,0x240229e0994952ca
0x219d18,0xc67f0,181,0x2112d0,0x20,0x0,0xf7775ad6e1999f91
0x219e70,0xc6810,182,0x211430,0x20,0x0,0x2caadefa69f3e5c3
0x21a020,0xc6830,183,0x211590,0x20,0x0,0xc4c796546d372974
0x21a3dc,0xc6850,184,0x2116f0,0x20,0x0,0x65b28f160fa84af4
0x21a5d0,0xc6870,185,0x211850,0x20,0x0,0xe5253ef163baca4e
0x21aefc,0xc6890,186,0x2119b0,0x20,0x0,0x19084623116cfbdd
0x21b510,0xc68b0,187,0x211b10,0x20,0x0,0x7ef3e31de4e68583
0x21b9c4,0xc68d0,188,0x211c70,0x20,0x0,0xab8cdd73baf1bd51
0x21bc1c,0xc68f0,189,0x211dd0,0x20,0x0,0x6f071f7d31d605c7
0x21bdd4,0xc6910,190,0x211f30,0x20,0x0,0xebbb87c98236fa6e
0x21bfd4,0xc6950,192,0x2121f0,0x20,0x0,0x3344ebc68a9fa73e
0x21c15c,0xc6970,193,0x212350,0x20,0x0,0x45facc50a97f36d4
0x21c2b0,0xc6990,194,0x2124b0,0x20,0x0,0x4544ebcab98d8135
0x21c504,0xc69b0,195,0x212610,0x20,0x0,0x3e21b177bb5eefde
0x21c680,0xc69d0,196,0x212770,0x20,0x0,0x316b0f8dcc1bbbc9
0x21c7ec,0xc69f0,197,0x2128d0,0x20,0x0,0x5d6f15efcd1da6ec
0x21cb48,0xc6a10,198,0x212a30,0x20,0x0,0xb69451571cf85cf3
0x21cc80,0xc6a30,199,0x212b90,0x20,0x0,0xd2da32c3131a270f
0x21cde0,0xc6a50,200,0x212cf0,0x20,0x0,0x3d0bd4723d5423c5
0x21cf34,0xc6a70,201,0x212e50,0x20,0x0,0x385d84cf5168d31c
0x21d178,0xc6a90,202,0x212fb0,0x20,0x0,0x8932b98126b74547
0x21d294,0xc6ab0,203,0x213110,0x20,0x0,0x394da1f78a84c29b
0x21d5b4,0xc6ad0,204,0x213270,0x20,0x0,0x4ad1cf2c39e30c5f
0x21d7d0,0xc6af0,205,0x2133d0,0x20,0x0,0x5606d86f1c1b035d
0x21d934,0xc6b10,206,0x213530,0x20,0x0,0x38714e1225d80fac
0x21dbe8,0xc6b30,207,0x213690,0x20,0x0,0x6c1f55f5ecabd0bc
0x21de70,0xc6b50,208,0x2137f0,0x20,0x0,0xf5872d6edda6a6bc
0x21dfec,0xc6b70,209,0x213950,0x20,0x0,0x5635534d90c5f990
0x21ea78,0xc6b90,210,0x213ab0,0x20,0x0,0x3b5f3ae3a99d5c02
0x21f338,0xc6bb0,211,0x213c10,0x20,0x0,0xccbc583b479e7ead
0x21f500,0xc6bd0,212,0x213d70,0x20,0x0,0x563dfe58889caf2
0x21fc90,0xc6c10,214,0x214030,0x20,0x0,0x76a73caafc2a57dd
0x21fed0,0xc6c30,215,0x214190,0x20,0x0,0xccf520275afa281e
0x2200a8,0xc6c70,217,0x214450,0x20,0x0,0x6a7a8275db9299c6
0x2202ac,0xc6c90,218,0x2145b0,0x20,0x0,0x98154eba89a69104
0x220638,0xc6cb0,219,0x214710,0x20,0x0,0x9ee855235fbe7ab2
0x220984,0xc6cd0,220,0x214870,0x20,0x0,0x176b68a6b8d78a29
0x220c08,0xc6d10,222,0x214b30,0x20,0x0,0x829c1fa0479411f7
0x220e4c,0xc6d50,224,0x214df0,0x20,0x0,0x37d6d79735150291
0x22107c,0xc6d90,226,0x2150b0,0x20,0x0,0x77809cdfad78f1d
0x2212dc,0xc6db0,227,0x215210,0x20,0x0,0x7e6f8cf65b1bfd3
0x222fc8,0xc6dd0,228,0x215370,0x20,0x0,0xb7fe831ef7fb7e75
0x223184,0xc6df0,229,0x2154d0,0x20,0x0,0x354fc360a70c7a96
0x2233b8,0xc6e10,230,0x55844c,0x1d0,0x100,0x4a499dd26b01c5d2
0x2233f0,0xc6010,118,0x20bc10,0x20,0x0,0xe07bee8d359eeae6
0x223488,0xc6e30,231,0x5acdfc,0x1c0,0x100,0x98bf144dfecce264
0x223578,0xc6e50,232,0x4c6944,0x114,0x100,0x13e0cb6324958e7
0x223634,0xc6e70,233,0x538320,0x33c,0x100,0xad7b36ebfb1511fd
0x223710,0xc6e90,234,0x36b190,0x824,0x100,0x32cf57e31cafc54
0x2237cc,0xc6eb0,235,0x265594,0x270,0x100,0x48f913e7890d0681
0x2238bc,0xc6ed0,236,0x379090,0x90,0x100,0x8bb7ea7884a36d52
0x2239a4,0xc6ef0,237,0x42e538,0x30,0x100,0x3c55041558e356f
0x223a8c,0xc6f10,238,0x26e500,0x34,0x100,0x7056cdf194312405
0x223b7c,0xc6f30,239,0x374a90,0x2c,0x100,0x12cdb40c577ee546
0x223c50,0xc6f50,240,0x4db944,0x68,0x100,0xd2119808bf6b0765
0x223d40,0xc6f70,241,0x2e6914,0x2840,0x100,0xf84f742dc5c4537
0x223dfc,0xc6f90,242,0x227b34,0x3ac,0x100,0xb1cc756d8d2eb727
0x223eb8,0xc6fb0,243,0x25cb94,0x6c,0x100,0xc5391ee5619c08e7
0x223f74,0xc6fd0,244,0x489a64,0x9c,0x100,0xa16c2be9375f33b0
0x22405c,0xc6ff0,245,0x28cfcc,0x4c,0x100,0x7063ac8411dfcd4f
0x22415c,0xc7010,246,0x600ee0,0x5d74,0x100,0x85e7e3f227524be2
0x22424c,0xc7030,247,0x4cc744,0x2c,0x100,0xcecb0b51972c23a5
0x224354,0xc7050,248,0x424238,0x34,0x100,0x82141ee8db6dd666
0x224444,0xc7070,249,0x609be0,0x2c,0x100,0xb617a51cc3d14893
0x22454c,0xc70b0,251,0x22ba34,0x28,0x100,0x989c3de221fb575c
0x22464c,0xc70d0,252,0x378590,0x2c,0x100,0xca5ce8852e4b132
0x22474c,0xc70f0,253,0x4d9144,0x30,0x100,0x43f3376756de54b5
0x224854,0xc7130,255,0x490264,0x20,0x100,0xefd85cfb818cee5d
0x22488c,0xc7010,246,0x600ee0,0x5d74,0x100,0x85e7e3f227524be2
0x224944,0xc7150,256,0x368490,0xbcc,0x100,0x3f7e688317df748b
0x224a44,0xc7190,258,0x67e620,0x2c,0x100,0x31ff6464350edd1f
0x224b34,0xc71b0,259,0x430138,0x20,0x100,0x406a4cbf8e6e193c
0x224b6c,0xc7010,246,0x600ee0,0x5d74,0x100,0x85e7e3f227524be2
0x224c3c,0xc71d0,260,0x3a4234,0x30,0x100,0xcef747368756e6eb
0x224d3c,0xc71f0,261,0x2eaa14,0x34,0x100,0xf5c64d3f749cdab3
0x224e3c,0xc7210,262,0x268794,0x2c,0x100,0x4f530903e605817d
0x224f44,0xc7230,263,0x486964,0x34,0x100,0x2aa74c7603938965
0x22504c,0xc7250,264,0x53e120,0x2c,0x100,0x9731252887879fe1
0x22513c,0xc7270,265,0x5b73fc,0x28,0x100,0x1acd39bef61b2fe6
0x225254,0xc7290,266,0x420638,0x2c,0x100,0x44550a180187ab64
0x225310,0xc72d0,268,0x4c8744,0x54,0x100,0x7c900d5413782e20
0x2253cc,0xc72f0,269,0x4cac44,0x1c4,0x100,0x9baf30271d858a75
0x2254d4,0xc7350,272,0x432138,0x28,0x100,0x30c8e01dcdc805d3
0x2255d4,0xc73b0,275,0x4dbb44,0x38,0x100,0x3581ddad55cac325
0x2256d4,0xc73d0,276,0x3a4c34,0x2c,0x100,0xa0d79a77bb3afd36
0x2257d4,0xc73f0,277,0x36de90,0x2cb8,0x100,0xab1ff09c5c061461
0x225890,0xc7410,278,0x6d1b74,0x1d4,0x100,0x1137241fa5afe2d2
0x22594c,0xc7430,279,0x4cf444,0x134,0x100,0x4d947c7ed0c84f18
0x225a08,0xc7450,280,0x62bd5c,0x158,0x100,0x3d7df9e4ce82fb74
0x225ac4,0xc7470,281,0x530b20,0x2c,0x100,0xd0f15cd2888cb0dc
0x225bac,0xc7490,282,0x42e438,0x1c,0x100,0x5c7f40aba58aa2c5
0x225c94,0xc74b0,283,0x49c364,0x28,0x100,0x2d3d8cfb354477e0
0x225d98,0xc74d0,284,0x25b294,0x210,0x100,0x7f0b663754b86bbf
0x225e6c,0xc74f0,285,0x25ff94,0x22c,0x100,0x29b6d51907d0d581
0x225f5c,0xc7510,286,0x2e5f14,0x54,0x100,0xfd43c6b3f34040c5
0x225f94,0xc7010,246,0x600ee0,0x5d74,0x100,0x85e7e3f227524be2
0x22604c,0xc7530,287,0x5b7dfc,0x28,0x100,0x17c29bf61db3ded9
0x22614c,0xc7550,288,0x491e64,0x2e0,0x100,0x2957817e0484fabb
0x22623c,0xc7570,289,0x2ee414,0x50,0x100,0x6cacff6dda04c373
0x226310,0xc7590,290,0x6495d4,0x774,0xb0,0xe6a1cd6b1522858b
0x2263e4,0xc75b0,291,0x485564,0x11f4,0x100,0x38362d5d89aa818b
0x2264e4,0xc75d0,292,0x53ef20,0x3c,0x100,0x79b82035856048a3
0x2265e4,0xc75f0,293,0x53c620,0x2c,0x100,0x576a931bbb9c2adf
0x2266ec,0xc7610,294,0x427b38,0x3b4,0x100,0x1a91d48c7f30a5d3
0x2267dc,0xc7630,295,0x42a438,0x34,0x100,0x6243d2d09165c130
0x2268b0,0xc7650,296,0x4c8e44,0x21c,0x100,0xa89e9269a8353d1f
0x226984,0xc7670,297,0x36f790,0xfc,0x100,0x8d0b001d49789cab
0x226a58,0xc7690,298,0x2f2314,0xec,0x100,0xbe27cc2a25619a85
0x226a90,0xc7010,246,0x600ee0,0x5d74,0x100,0x85e7e3f227524be2
0x226b2c,0xc76b0,299,0x2eee14,0x228,0x100,0xd39514c01df37805
0x226c00,0xc76d0,300,0x604ce0,0x100,0x100,0x2b624a5510c9a37f
0x226cd4,0xc76f0,301,0x36f290,0x1ec,0x100,0xa6022625b3dcb212
0x226d90,0xc7710,302,0x2f2d14,0x13c,0x100,0xf20fa923a28581ef
0x226e78,0xc7730,303,0x2eb814,0x3c,0x100,0x122786415f24300d
0x226eb0,0xc7010,246,0x600ee0,0x5d74,0x100,0x85e7e3f227524be2
0x226f6c,0xc7750,304,0x433b38,0x30,0x100,0x3863b6970255df8
0x227040,0xc7770,305,0x2ff76c,0x1a0,0x100,0xfcc1d710d1159d66
0x227148,0xc7790,306,0x2920cc,0x944,0x100,0xd5d4517eca33eaf
0x227204,0xc77b0,307,0x491064,0x164,0x100,0x52f8839e40a0c580
0x22723c,0xc7010,246,0x600ee0,0x5d74,0x100,0x85e7e3f227524be2
0x2272ec,0xc77d0,308,0x418638,0x74,0x100,0xd677cb9327591e83
0x2273a8,0xc77f0,309,0x48bb64,0xa0,0x100,0x8dd86c86e8a01a8
0x227464,0xc7810,310,0x25a094,0x24,0x100,0xba82c4cf3e766e19
0x227554,0xc7830,311,0x488c64,0x98,0x100,0x68384a5bdbee7275
0x227610,0xc7850,312,0x391454,0x98,0x100,0x8d88459323d5d27e
0x2276cc,0xc7890,314,0x6c99c8,0x150,0x100,0xf27b6d1cc2da5b6e
0x227788,0xc78d0,316,0x25d694,0x180,0x100,0x250d8f1356d6bfcb
0x227844,0xc78f0,317,0x2e5614,0x160,0x100,0xa0a558065a9dedf3
0x227900,0xc7910,318,0x495a64,0x150,0x100,0x5b69c221bb2a1de7
0x227938,0xc7010,246,0x600ee0,0x5d74,0x100,0x85e7e3f227524be2
0x2279ec,0xc7930,319,0x4a0464,0x2c,0x100,0xac561b037f419866
0x227aa8,0xc7970,321,0x499764,0x158,0x100,0x29ed824af985802e
0x227b64,0xc7990,322,0x48ed64,0x98,0x100,0xd5a18506b219c83c
0x227c20,0xc79b0,323,0x494864,0x198,0x100,0x7b3e93846fec7b82
0x227d08,0xc79d0,324,0x365990,0x24,0x100,0xd1c793c0872790d9
0x227dc4,0xc79f0,325,0x229434,0x60,0x100,0x32908f60e0651a6e
0x227e80,0xc7a10,326,0x25fc94,0x1e4,0x100,0x6c24728356f04c2a
0x227f3c,0xc7a30,327,0x41db38,0x284,0x100,0xebb74d49ede68992
0x228024,0xc7a50,328,0x53eb20,0xbc,0x100,0x5ceb3c112e68a4f3
0x2280e0,0xc7a70,329,0x373190,0xcc,0x100,0x94eae5def74ccb78
0x228118,0xc7010,246,0x600ee0,0x5d74,0x100,0x85e7e3f227524be2
0x22819c,0xc7a90,330,0x4a0464,0x2e4,0x100,0xcc024c27c53d92c
0x228258,0xc7ab0,331,0x55c44c,0x284,0x100,0xf221f1defb004676
0x228290,0xc7010,246,0x600ee0,0x5d74,0x100,0x85e7e3f227524be2
0x228348,0xc7ad0,332,0x2ece14,0x68,0x100,0x1217ff8bdea40c2f
0x228404,0xc7af0,333,0x2e9b14,0x2a4,0x100,0x15556a66400e2196
0x2284c0,0xc7b10,334,0x4d8b44,0x2a4,0x100,0x8bf7dc55d70e33f
0x22857c,0xc7b30,335,0x499f64,0x94,0x100,0xc217898b0858188a
0x228638,0xc7b50,336,0x42af38,0x94,0x100,0x48858d0e6b1c0894
0x2286f4,0xc7b70,337,0x3b7474,0x200,0x100,0xc5f1ddd1bbf4cc75
0x2287b0,0xc7b90,338,0x2ee414,0x1bc,0x100,0x551fc5e1d9ee6b95
0x22886c,0xc7bb0,339,0x48bf64,0x4d4,0x100,0xa4ca0527a0488456
0x2288a4,0xc7010,246,0x600ee0,0x5d74,0x100,0x85e7e3f227524be2
0x228928,0xc7bd0,340,0x493b64,0x15c,0x100,0x3be2d87242748fea
0x228960,0xc7010,246,0x600ee0,0x5d74,0x100,0x85e7e3f227524be2
0x2289e4,0xc7bf0,341,0x4d1844,0x3c,0x100,0xb1347fa20c644bbc
0x228aa0,0xc7c10,342,0x539420,0x1bc,0x100,0x66b84e0ecb252a7a
0x228b88,0xc7c30,343,0x429538,0x4c,0x100,0xee78228ed435f14b
0x228bc0,0xc7010,246,0x600ee0,0x5d74,0x100,0x85e7e3f227524be2
0x228c44,0xc7c50,344,0x4d1e44,0x34,0x100,0xa84a25e957a2a4d
0x228d00,0xc7c70,345,0x3ae9d0,0x68,0x100,0xae8b75b4d9700f1c
0x228dbc,0xc7c90,346,0x68d7d0,0x64,0x100,0x458d003db5556078
0x228e78,0xc7cb0,347,0x2f3a14,0x78,0x100,0x80974820f82a5a8a
0x228f34,0xc7cd0,348,0x2eae14,0x70,0x100,0x47811e7f217c718c
0x228ff0,0xc7cf0,349,0x235508,0x1ec,0xb0,0xf4d09530ebfe2021
0x2290d4,0xc7d10,350,0x6047e0,0x8c0,0x100,0x75e1cc7773470c85
0x2291c0,0xc7d30,351,0x2890cc,0x54,0x100,0x8db65e119479d805
0x2292a8,0xc7d50,352,0x394d54,0x2c,0x100,0x985d47f801283f2f
0x229390,0xc7d70,353,0x431c38,0x1c,0x100,0x3710557ac36bcff8
0x2293c8,0xc7010,246,0x600ee0,0x5d74,0x100,0x85e7e3f227524be2
0x229478,0xc7d90,354,0x26dc00,0x30,0x100,0x9adf71cbdb36fea4
0x229560,0xc7db0,355,0x31b000,0x20,0xa0,0x7cfc6838f2dca784
0x229650,0xc7dd0,356,0x41e638,0x54,0x100,0x46ef9cd1c211988f
0x229740,0xc7df0,357,0x60f2e0,0x15c,0x100,0x878dabf9abfd5838
0x229828,0xc7e10,358,0x48ca64,0x24,0x100,0x9c2381949effc7e5
0x229860,0xc7010,246,0x600ee0,0x5d74,0x100,0x85e7e3f227524be2
0x229918,0xc7e30,359,0x68cad0,0x4ec,0x100,0x25a03fd06e35037a
0x2299d4,0xc7e70,361,0x5ae3fc,0x6c,0x100,0xce191a575da10af
0x229a90,0xc7ed0,364,0x605fe0,0x38,0x100,0x5f9f7d20a7662cbd
0x229b78,0xc7ef0,365,0x603ae0,0x30,0x100,0x83c78f79996e490d
0x229c68,0xc7f10,366,0x48f564,0x138,0x100,0xe96345238bc01148
0x229d68,0xc7f30,367,0x55764c,0x6c,0x100,0xcb89d34ae7bb82a
0x229e24,0xc7f70,369,0x291ccc,0x258,0x100,0xd9758ecb4723b998
0x229ee0,0xc7f90,370,0x4d1c44,0x1a0,0x100,0xb937cf3472c5d3e8
0x229f9c,0xc7fb0,371,0x3a4b34,0x158,0x100,0x81506fd7a7d98416
0x22a058,0xc7fd0,372,0x28a7cc,0xc8,0x100,0x9f525f3a8fbf675
0x22a114,0xc7ff0,373,0x53c220,0xa0,0x100,0xc28eaee890aa7f04
0x22a1d0,0xc8010,374,0x5ac0fc,0x140,0x100,0xf245152ff3501188
0x22a28c,0xc8030,375,0x53e320,0x164,0x100,0x90b0498f0de5c0ad
0x22a348,0xc8050,376,0x424938,0x13c,0x100,0x3b1a7b8222d30e28
0x22a404,0xc8070,377,0x63efc8,0x178,0x100,0x308cc3a2bc2676ed
0x22a4c0,0xc8090,378,0x539a20,0x180,0x100,0x72c33564d81f7ee8
0x22a57c,0xc80b0,379,0x49bd64,0xd4,0x100,0x1b80d8d16470101d
0x22a638,0xc80d0,380,0x4ce544,0x80,0x100,0xc62196cdfe5bb970
0x22a6f4,0xc80f0,381,0x55e54c,0x11c,0x100,0x91f20dade5600d9
0x22a7b0,0xc8110,382,0x431338,0x154,0x100,0x333057b3f84764a7
0x22a86c,0xc8130,383,0x41a338,0x80,0x100,0x71eb0cc1faa1eb1
0x22a8a4,0xc8010,374,0x5ac0fc,0x140,0x100,0xf245152ff3501188
0x22a954,0xc8150,384,0x368590,0xf8,0x100,0x1c0112aacd9efb1d
0x22aa10,0xc8170,385,0x3bd598,0xa4,0x100,0x202cae502a0834ac
0x22aacc,0xc8190,386,0x52ce20,0xa8,0x100,0x794acec3ebbb9874
0x22ab88,0xc81b0,387,0x485464,0x16c,0x100,0xc1a5c79a050eaee7
0x22abc0,0xc8010,374,0x5ac0fc,0x140,0x100,0xf245152ff3501188
0x22ac44,0xc81d0,388,0x68d0d0,0xac,0x100,0xaa857f3a9b623108
0x22ad00,0xc81f0,389,0x41ba38,0x134,0x100,0x84ad0374d60307db
0x22adbc,0xc8210,390,0x485864,0x160,0x100,0x48b03728817905a3
0x22adf4,0xc8010,374,0x5ac0fc,0x140,0x100,0xf245152ff3501188
0x22ae78,0xc8230,391,0x422b38,0xb4,0x100,0x8ebae72b341a1b78
0x22af34,0xc8250,392,0x36b690,0x88,0x100,0x3087ebf07c4e0696
0x22aff0,0xc8270,393,0x3b7874,0x240,0x100,0x82d54a83640a664d
0x22b0ac,0xc8290,394,0x6139e0,0x13c,0x100,0x60d0f6e3adda491c
0x22b194,0xc82b0,395,0x4d0b44,0x60,0x100,0xae3af91569c79624
0x22b29c,0xc82d0,396,0x31743c,0xa88,0x100,0x8575ae998ed35123
0x22b38c,0xc82f0,397,0x4d3644,0x8d4,0x100,0x69453c997a48cd3a
0x22b4a4,0xc8310,398,0x534b20,0x170,0x100,0xe29c17a6ce813b8f
0x22b58c,0xc8330,399,0x49c864,0x34,0x100,0x7066a8a231738bf5
0x22b68c,0xc8350,400,0x223e34,0x7ac,0x100,0x151816965176ba26
0x22b748,0xc8370,401,0x486464,0x238,0x100,0xf5b2ecea4aef19d9
0x22b804,0xc8390,402,0x428b38,0x1e4,0x100,0x579202ccb954ae22
0x22b8c0,0xc83b0,403,0x6009e0,0x1fc,0x100,0xbae81288c0178503
0x22b8f8,0xc8010,374,0x5ac0fc,0x140,0x100,0xf245152ff3501188
0x22b97c,0xc83d0,404,0x493764,0x300,0x100,0x2b93dfeca1ac56c1
0x22ba38,0xc83f0,405,0x557a4c,0x58,0x100,0x49b07afb12d32810
0x22ba70,0xc8010,374,0x5ac0fc,0x140,0x100,0xf245152ff3501188
0x22baf4,0xc8410,406,0x42cc38,0x34,0x100,0xa0eef05a597c561c
0x22bbb0,0xc8430,407,0x396954,0x22c,0x100,0x2b10df9096f3e70c
0x22bc6c,0xc8450,408,0x378790,0x5c,0x100,0x5c777dc0eccc45c0
0x22bd28,0xc8470,409,0x378f90,0x40,0x100,0x588a9bd0942e64f5
0x22bde4,0xc8490,410,0x3b7f74,0x58,0x100,0x78b365917764ebbb
0x22be1c,0xc8010,374,0x5ac0fc,0x140,0x100,0xf245152ff3501188
0x22bea0,0xc84b0,411,0x55fc4c,0x2c,0x100,0x87b5753018bc2f6
0x22bed8,0xc8010,374,0x5ac0fc,0x140,0x100,0xf245152ff3501188
0x22bf5c,0xc84d0,412,0x5baefc,0x1d8,0x100,0x35fe48be6cbbd5a0
0x22c018,0xc84f0,413,0x2e6e14,0x70,0x100,0xe721823b79ee0fa5
0x22c0d4,0xc8510,414,0x4a1e64,0x58,0x100,0xbc1f3a4dfedec86b
0x22c10c,0xc8010,374,0x5ac0fc,0x140,0x100,0xf245152ff3501188
0x22c190,0xc8530,415,0x3ae8d0,0x44,0x100,0x7289643671e5cb13
0x22c24c,0xc8550,416,0x2ed714,0x188,0x100,0x1200cba212c990d4
0x22c308,0xc8570,417,0x397054,0x6c,0x100,0xc76c2a8dad94eb6
0x22c3c4,0xc8590,418,0x228f34,0x38,0x100,0xde4d71ea25512d7d
0x22c480,0xc85b0,419,0x36fa90,0x1f8,0x100,0x7eeefc73dd2e5e30
0x22c53c,0xc85d0,420,0x3ae3d0,0x2c,0x100,0x110f0525f26fbdaf
0x22c574,0xc8010,374,0x5ac0fc,0x140,0x100,0xf245152ff3501188
0x22c60c,0xc85f0,421,0x417a38,0x5e8,0x100,0xea5dd0d24029bc85
0x22c6bc,0xc8630,423,0x215790,0x20,0x0,0x8e9c0979ecf64839
0x22c9bc,0xc8650,424,0x55da4c,0x68,0x100,0xaad60038deed2717
0x22caa4,0xc8670,425,0x3b6f74,0x1bc,0x100,0xe600302256e49486
0x22cb60,0xc86b0,427,0x4dc044,0x60,0x100,0x3ce0c0810baa5dc6
0x22cbfc,0xc8cf0,477,0x219c70,0x20,0x0,0x9cf2524149cdb323
0x22ced4,0xc8d10,478,0x219dd0,0x20,0x0,0x6f527e5895ddcb3
0x22d068,0xc8d30,479,0x219f30,0x20,0x0,0x9d3c541a928fb3fd
0x22e194,0xc8d50,480,0x21a090,0x20,0x0,0x2a0da385a9f00edf
0x22e59c,0xc8d70,481,0x21a1f0,0x20,0x0,0x48121109464d4307
0x22e6a0,0xc8d90,482,0x21a350,0x20,0x0,0x5be83d54a2cf4816
0x22e9e8,0xc8dd0,484,0x21a610,0x20,0x0,0xb7b6e7f3add9f86d
0x22ec20,0xc8df0,485,0x21a770,0x20,0x0,0xf1c94bbc70f05896
0x22f920,0xc8e10,486,0x21a8d0,0x20,0x0,0x925746fac4b919f6
0x22fb3c,0xc8e30,487,0x21aa30,0x20,0x0,0x885ea18907f124e1
0x22fcfc,0xc8e50,488,0x21ab90,0x20,0x0,0x9ef8769996d2aa54
0x22fed8,0xc8e70,489,0x21acf0,0x20,0x0,0xb2ecc3f8490fe794
0x22ffe8,0xc8e90,490,0x21ae50,0x20,0x0,0xec1c261138aabc69
0x230110,0xc8eb0,491,0x21afb0,0x20,0x0,0x38317a2c6ebab2d3
0x2302e4,0xc8ff0,501,0x21bd70,0x20,0x0,0xc99d3e39bce55110
0x2305d4,0xc9070,505,0x21c2f0,0x20,0x0,0xc7f24814a812f414
0x230868,0xc9090,506,0x21c450,0x20,0x0,0x3da404ab770f3ba0
0x230ba8,0xc90b0,507,0x21c5b0,0x20,0x0,0x1538265ce712c9c7
0x230d14,0xc9010,502,0x21bed0,0x20,0x0,0x1dcddb6b0072c9a4
0x230db8,0xc90d0,508,0x21c710,0x20,0x0,0x92c1472de3e79a4e
0x230f24,0xc9010,502,0x21bed0,0x20,0x0,0x1dcddb6b0072c9a4
0x230f98,0xc90f0,509,0x21c870,0x20,0x0,0x6469409c171bbd79
0x23119c,0xc9110,510,0x21c9d0,0x20,0x0,0xb6eec4905834a422
0x231470,0xc9010,502,0x21bed0,0x20,0x0,0x1dcddb6b0072c9a4
0x2314c0,0xc9010,502,0x21bed0,0x20,0x0,0x1dcddb6b0072c9a4
0x231580,0xc9130,511,0x21cb30,0x20,0x0,0xa09455af8d99cec5
0x23188c,0xc9150,512,0x21cc90,0x20,0x0,0x622b428b93210478
0x231a08,0xc9170,513,0x21cdf0,0x20,0x0,0x622b428b93210478
0x231bbc,0xc9190,514,0x21cf50,0x20,0x0,0xe70173253c2e82d2
0x231db4,0xc91b0,515,0x21d0b0,0x20,0x0,0xf1c7a5bffab92cc2
0x231e9c,0xc9010,502,0x21bed0,0x20,0x0,0x1dcddb6b0072c9a4
0x231f9c,0xc91d0,516,0x21d210,0x20,0x0,0xe0be64bfec4304e0
0x232168,0xc9210,518,0x21d4d0,0x20,0x0,0x18e0eb4e423b6313
0x232554,0xc9230,519,0x21d630,0x20,0x0,0xfdeeace553b2c010
0x2326b4,0xc9250,520,0x21d790,0x20,0x0,0x18e0eb4e423b6313
0x23288c,0xc9270,521,0x394c54,0x174,0x100,0xd1d6eab85d88a26a
0x2328c4,0xc9010,502,0x21bed0,0x20,0x0,0x1dcddb6b0072c9a4
0x232974,0xc9290,522,0x6042e0,0x34,0x100,0x944a1fb3e17ec666
0x232a68,0xc92b0,523,0x315d3c,0x1134,0x100,0xdb0910cb3e8f1e39
0x232b6c,0xc92d0,524,0x4c9844,0xd04,0x100,0xf2273491b99c322f
0x232ba4,0xc9010,502,0x21bed0,0x20,0x0,0x1dcddb6b0072c9a4
0x232c44,0xc92f0,525,0x534920,0x408,0x100,0x14393e86d0330184
0x232d34,0xc9310,526,0x369c90,0x124,0x100,0xa8475ea11fa30e81
0x232df0,0xc9330,527,0x391154,0x2a0,0x100,0xef305a7c2e8391dc
0x232ee0,0xc9350,528,0x396554,0x210,0x100,0x4aab3fe3a51a50
0x232fd0,0xc9370,529,0x41de38,0x98,0x100,0x9d3d112c3fccd140
0x2330c4,0xc93b0,531,0x52d920,0x2c4,0x100,0x430240919aeb9b68
0x2331ac,0xc93d0,532,0x52b420,0x48,0x100,0x2625c027c62d4d4d
0x23327c,0xc93f0,533,0x2fccbc,0x164,0x100,0x7c2b494643bbc7e4
0x233364,0xc9410,534,0x31513c,0x48,0x100,0x513f1c6c6a7b0c6e
0x23344c,0xc9430,535,0x291ccc,0x6c,0x100,0xa69d36296254d32f
0x233534,0xc9450,536,0x4d6844,0x214,0x100,0x397075d7c7eee743
0x2335f0,0xc9470,537,0x258894,0x1b4,0x100,0xb849b7f8f1f9dc60
0x2336c4,0xc9490,538,0x42bb38,0x30,0x100,0x6d2281ed3b650fc9
0x2336fc,0xc9010,502,0x21bed0,0x20,0x0,0x1dcddb6b0072c9a4
0x233780,0xc94b0,539,0x227a34,0x70,0x100,0xa4087ac0a40a7fa3
0x23383c,0xc94d0,540,0x2934cc,0x158,0x100,0x4628257a26b419b0
0x2338f8,0xc94f0,541,0x425e38,0x1c0,0x100,0x2263ec0d27af50d2
0x2339b4,0xc9510,542,0x48a864,0x19c,0x100,0xa90f74790faa23d2
0x233a70,0xc9530,543,0x496564,0x50,0x100,0xb963cae200385829
0x233aa8,0xc9010,502,0x21bed0,0x20,0x0,0x1dcddb6b0072c9a4
0x233b2c,0xc9550,544,0x418538,0x11c,0x100,0xcbf3b699c3ac990a
0x233be8,0xc9570,545,0x601be0,0x134,0x100,0x249c5909812335ea
0x233c20,0xc9010,502,0x21bed0,0x20,0x0,0x1dcddb6b0072c9a4
0x233ca4,0xc9590,546,0x4d4944,0x150,0x100,0x6bf498e73c8dec00
0x233cdc,0xc9010,502,0x21bed0,0x20,0x0,0x1dcddb6b0072c9a4
0x233d60,0xc95b0,547,0x4ca544,0x38,0x100,0x3e8d63dea24b4e4
0x233e1c,0xc95d0,548,0x6026e0,0x150,0x100,0xb3746e7077e499b5
0x233e54,0xc9010,502,0x21bed0,0x20,0x0,0x1dcddb6b0072c9a4
0x233ed8,0xc95f0,549,0x48b564,0x68,0x100,0xd7bc958e598c62fc
0x233f94,0xc9610,550,0x377390,0x98,0x100,0xf760b59a6887487e
0x234050,0xc9630,551,0x36ca90,0x188,0x100,0x63ab545559c12728
0x23410c,0xc9650,552,0x368f90,0x90,0x100,0xdd24854f15f6465d
0x2341c8,0xc9670,553,0x262594,0x54,0x100,0x17b6fcb02da23306
0x234284,0xc96d0,556,0x3addd0,0x150,0x100,0x852f62d857ae9f2
0x234340,0xc96f0,557,0x430338,0x1c4,0x100,0xbe7c313e18e1da01
0x2343fc,0xc9710,558,0x3a3134,0x98,0x100,0xa5131d7d99665e34
0x2344b8,0xc9730,559,0x427438,0x64,0x100,0x4d796607bb0a06c8
0x234574,0xc97f0,565,0x49fc64,0x198,0x100,0xb64c1af40b5d5042
0x234630,0xc9830,567,0x4cb144,0x2c,0x100,0xf42e893cdb8c5c4f
0x2346ec,0xc9850,568,0x52d320,0xa0,0x100,0x9bb54bf695db5499
0x2347a8,0xc9870,569,0x607ae0,0x24,0x100,0x1d6d2a4b250318cf
0x234890,0xc9890,570,0x317c3c,0x4c,0xb0,0xf898f198c75b01dc
0x23494c,0xc98b0,571,0x316b3c,0x140,0x100,0xe824dc49e586030c
0x234a08,0xc98d0,572,0x25ac94,0x54,0x100,0x17b80d41431b4a4f
0x234ac4,0xc98f0,573,0x5b7cfc,0xb8,0x100,0xa249cf4ab1135634
0x234b80,0xc9910,574,0x5ffbe0,0x1a4,0x100,0xbba2c836e6a4212
0x234c3c,0xc9930,575,0x60e3e0,0x208,0x100,0x7b1de0342171a06f
0x234c74,0xc9010,502,0x21bed0,0x20,0x0,0x1dcddb6b0072c9a4
0x234cf8,0xc9950,576,0x422338,0x3e0,0x100,0xe55fdfadd5abe5bd
0x234db4,0xc9970,577,0x6166e0,0x3e4,0x100,0xd01fa52f2da593be
0x234e70,0xc9990,578,0x52ad20,0x224,0x100,0x76c6e3d896304389
0x234f2c,0xc99b0,579,0x311c3c,0xbc,0x100,0x8510455602af6e40
0x234fe8,0xc99d0,580,0x2ee614,0x1a4,0x100,0x9ff2f3c29f0a439e
0x2350a4,0xc99f0,581,0x52b620,0x1c8,0x100,0x3bf191505f727126
0x235160,0xc9a10,582,0x427f38,0x1dc,0x100,0xc8c303b58eb8fe78
0x23521c,0xc9a30,583,0x6131e0,0x1f4,0x100,0x49a40bb413472874
0x235254,0xc9010,502,0x21bed0,0x20,0x0,0x1dcddb6b0072c9a4
0x2352d8,0xc9a50,584,0x2eea14,0x19c,0x100,0x2c02989f9d986b38
0x235394,0xc9a70,585,0x41d338,0x3c,0x100,0x1af0c6c06d405d99
0x235484,0xc9ab0,587,0x6372e4,0x68,0x100,0x3a0bbe160a130d22
0x23556c,0xc9ad0,588,0x6152e0,0x4c,0x100,0xecbba8cb30aa9063
0x2355a4,0xc9010,502,0x21bed0,0x20,0x0,0x1dcddb6b0072c9a4
0x235664,0xcba50,840,0x233250,0x20,0x0,0xa1359ff2e747b26b
0x235754,0xcb030,759,0x22c2d0,0x20,0x0,0xc3552bc481c84727
0x235798,0xcba70,841,0x2333b0,0x20,0x0,0x87e52161c79974e0
0x235998,0xcba90,842,0x233510,0x20,0x0,0xd849b4a78d140edd
0x235b90,0xcbab0,843,0x233670,0x20,0x0,0x831af31f5ac01b60
0x235e30,0xcbad0,844,0x2337d0,0x20,0x0,0x929a2d322ec62147
0x236300,0xcbaf0,845,0x233930,0x20,0x0,0x3e544f5b4eee00f4
0x236634,0xcbb10,846,0x233a90,0x20,0x0,0x1e3de1cf3eab7b41
0x236834,0xcbb30,847,0x233bf0,0x20,0x0,0xcbfac0373f5af1bd
0x236c04,0xcbb90,850,0x234010,0x20,0x0,0x329f1d3c6bea29c1
0x236d14,0xcbe70,873,0x235fb0,0x20,0x0,0x519271e4cff7eabc
0x236ed8,0xcbe70,873,0x235fb0,0x20,0x0,0x519271e4cff7eabc
0x237580,0xcbb50,848,0x233d50,0x20,0x0,0x960f416f59dd68c0
0x237b5c,0xcbb70,849,0x233eb0,0x20,0x0,0xc4a2f5667ca7997c
0x23809c,0xcbbb0,851,0x234170,0x20,0x0,0x5940d12fa8f48b4d
0x238318,0xcbbd0,852,0x2342d0,0x20,0x0,0xab56ab914e1fdba3
0x238a68,0xcbbf0,853,0x234430,0x20,0x0,0x1e00e367a4f93dfd
0x23a98c,0xcbc10,854,0x234590,0x20,0x0,0x4515ba5e22ccde5b
0x23aed4,0xcbc30,855,0x2346f0,0x20,0x0,0x739527dae7c4ebeb
0x23b340,0xcbc50,856,0x234850,0x20,0x0,0x329f1d3c6bea29c1
0x23b694,0xcbc90,858,0x234b10,0x20,0x0,0xfeb6d5f14f9c5968
0x23b804,0xcbcd0,860,0x234dd0,0x20,0x0,0x4515ba5e22d0445b
0x23bb00,0xcbcf0,861,0x234f30,0x20,0x0,0x739527dae7c4ebeb
0x23bccc,0xcbd70,865,0x2354b0,0x20,0x0,0x8edcdeedd443abf4
0x23be40,0xcbe50,872,0x235e50,0x20,0x0,0x40406a9ef0536ebc
0x23bfc0,0xcbe90,874,0x236110,0x20,0x0,0x6c24bf6bbe2db71f
0x23c0d0,0xcbeb0,875,0x236270,0x20,0x0,0x347edebc72c66fb3
0x23c260,0xcbed0,876,0x2363d0,0x20,0x0,0x3324c5856af167b3
0x23c480,0xcbef0,877,0x236530,0x20,0x0,0x68656e42b6e7e9e7
0x23c68c,0xcbf10,878,0x236690,0x20,0x0,0x3f3f21dc332383a
0x23ca48,0xcbf30,879,0x2367f0,0x20,0x0,0xeee24ec5c8497ec3
0x23cb74,0xcbf50,880,0x236950,0x20,0x0,0x77dbb1c2bd3883fd
0x23cd64,0xcbf90,882,0x236c10,0x20,0x0,0x7579eb998f30395f
0x23cfe8,0xcbfb0,883,0x236d70,0x20,0x0,0xe00663eb06cc606
0x23d0fc,0xcbfd0,884,0x236ed0,0x20,0x0,0x9220169902c6a4c
0x23d20c,0xcbff0,885,0x237030,0x20,0x0,0x836ccfc2597d6d54
0x23d3e0,0xcc010,886,0x237190,0x20,0x0,0x6e326a63e5835326
0x23d700,0xcc030,887,0x2372f0,0x20,0x0,0x1e9a7a605b396e99
0x23d8d8,0xcc050,888,0x237450,0x20,0x0,0xe511808f7005ea77
0x23dbc8,0xcc070,889,0x2375b0,0x20,0x0,0x67e50c0586cb6f35
0x23dd74,0xcc090,890,0x237710,0x20,0x0,0x27e4eb7e15a850d0
0x23dfa8,0xcc0b0,891,0x237870,0x20,0x0,0x9af66da7e19b1126
0x23e100,0xcc110,894,0x237c90,0x20,0x0,0x8867853eb2f19d9b
0x23e3e8,0xcc130,895,0x237df0,0x20,0x0,0x6622c870817651a8
0x23e4f8,0xcc150,896,0x237f50,0x20,0x0,0xc5a5ad2c9b8bc357
0x23e8a8,0xcc170,897,0x2380b0,0x20,0x0,0x68a9a4974e9bd64c
0x23ea14,0xcc190,898,0x238210,0x20,0x0,0xcb6db5b1c2a8734d
0x23ed68,0xcc1b0,899,0x238370,0x20,0x0,0xc458d95021295f44
0x23f068,0xcc1d0,900,0x2384d0,0x20,0x0,0x3f32cf9d9390ea98
0x23f43c,0xcc1f0,901,0x238630,0x20,0x0,0xe5fd1d28e0c226b7
0x23f814,0xcc210,902,0x238790,0x20,0x0,0xe2f3792e76cbba77
0x23fbe0,0xcc230,903,0x2388f0,0x20,0x0,0x3474836442d2294e
0x23fcd4,0xcc290,906,0x238d10,0x20,0x0,0x83c767d67cf1629a
0x23fde4,0xcc2b0,907,0x238e70,0x20,0x0,0x7d6f42db8055db4f
0x23ff84,0xcc250,904,0x238a50,0x20,0x0,0x6d69f02f55a9b217
0x2400e0,0xcc270,905,0x238bb0,0x20,0x0,0xfd70492648e408dd
0x2402c8,0xcc2d0,908,0x238fd0,0x20,0x0,0x1770c53080a1d8f2
0x240460,0xcc2f0,909,0x239130,0x20,0x0,0x1716ce4a45fab64c
0x2405e8,0xcc310,910,0x239290,0x20,0x0,0x518adf61f50ac1d6
0x2407b0,0xcc330,911,0x2393f0,0x20,0x0,0xfb450cd48aff181c
0x2408cc,0xcc090,890,0x237710,0x20,0x0,0x27e4eb7e15a850d0
0x240930,0xcc350,912,0x239550,0x20,0x0,0xeaaf75cb9f4fa306
0x240b90,0xcc370,913,0x2396b0,0x20,0x0,0x8e347549a94683e3
0x240ea4,0xcc390,914,0x239810,0x20,0x0,0x1d46395b5e552a9a
0x240fec,0xcc3b0,915,0x239970,0x20,0x0,0x521360f86aec1b
0x2412a8,0xcc3d0,916,0x239ad0,0x20,0x0,0xe67be64ff8b26041
0x241580,0xcc3f0,917,0x239c30,0x20,0x0,0xaa300bc3a7c69c43
0x241700,0xcc410,918,0x239d90,0x20,0x0,0x7291682d8d1c4721
0x2418e4,0xcc430,919,0x239f10,0x20,0x0,0x979768810b75ba05
0x241d2c,0xcc450,920,0x23a070,0x20,0x0,0xca2d2f99f9e26855
0x241f18,0xcc470,921,0x23a1d0,0x20,0x0,0xd102b1459ef3b793
0x242104,0xcc490,922,0x23a330,0x20,0x0,0x3ffd32a891b9bc7b
0x242280,0xcc4b0,923,0x23a490,0x20,0x0,0xedd86e334b175b9b
0x2423ec,0xcc4d0,924,0x23a5f0,0x20,0x0,0xb380f147937356ec
0x24258c,0xcc4f0,925,0x23a750,0x20,0x0,0x2280d87a4fe678b3
0x2426f0,0xcc510,926,0x23a8b0,0x20,0x0,0xbf1074caea2ca300
0x2428b8,0xcc530,927,0x23aa10,0x20,0x0,0x517e80012f7ba6c7
0x242a1c,0xcc550,928,0x23ab70,0x20,0x0,0x48c5d8f4de9fb631
0x242bb8,0xcc570,929,0x23acd0,0x20,0x0,0xbfdb05dbf63571bb
0x242d44,0xcc5b0,931,0x23af90,0x20,0x0,0x5dfbd3df4ee040a
0x242e9c,0xcc5d0,932,0x23b0f0,0x20,0x0,0x8614f0f8f0099dd7
0x243068,0xcc5f0,933,0x23b250,0x20,0x0,0xf0976910d9ad743b
0x243214,0xcc610,934,0x23b3b0,0x20,0x0,0xa608c646c153cd2f
0x243364,0xcc630,935,0x23b510,0x20,0x0,0x75b6a52589534594
0x2434ac,0xcc650,936,0x23b670,0x20,0x0,0x59d675daeb437f93
0x243674,0xcc670,937,0x23b7d0,0x20,0x0,0xbf6724716be87eac
0x2437dc,0xcc690,938,0x23b930,0x20,0x0,0x9f29bb26f1ef4d05
0x243940,0xcc6b0,939,0x23ba90,0x20,0x0,0x13713de42dd921
0x243a58,0xcc7f0,949,0x23c850,0x20,0x0,0x65d487d8e75a79d6
0x243bac,0xcc6b0,939,0x23ba90,0x20,0x0,0x13713de42dd921
0x243cdc,0xcc7f0,949,0x23c850,0x20,0x0,0x65d487d8e75a79d6
0x24422c,0xcc6d0,940,0x23bbf0,0x20,0x0,0x69f88e63a1c2f931
0x24441c,0xcc010,886,0x237190,0x20,0x0,0x6e326a63e5835326
0x2444b0,0xcc6f0,941,0x23bd50,0x20,0x0,0x88537f3a9a077c7a
0x244618,0xcc710,942,0x23beb0,0x20,0x0,0x78f555677e3d3954
0x244724,0xcc730,943,0x23c010,0x20,0x0,0xfbf4a19005732ff2
0x24488c,0xcc750,944,0x23c170,0x20,0x0,0x6c42b3a7558e95ba
0x2449dc,0xcc770,945,0x23c2d0,0x20,0x0,0xe3442b7ca4f8fe1c
0x244d3c,0xcc790,946,0x23c430,0x20,0x0,0x2a37d82d594d1e78
0x244f44,0xcc7b0,947,0x23c590,0x20,0x0,0x262b8c4a8f1f0816
0x2450e4,0xcc7d0,948,0x23c6f0,0x20,0x0,0x8ee75f1e990cc5c5
0x245270,0xcc810,950,0x23c9b0,0x20,0x0,0xd60195053580df51
0x24549c,0xcc830,951,0x23cb10,0x20,0x0,0x7fd7cd0edf89b65f
0x2455d8,0xcc850,952,0x23cc70,0x20,0x0,0xb767f1e608bd73ff
0x24587c,0xcc870,953,0x23cdd0,0x20,0x0,0x315ab10329bb4752
0x2459e0,0xcc890,954,0x23cf30,0x20,0x0,0x50a4372195c25b52
0x245b0c,0xcc8b0,955,0x23d090,0x20,0x0,0x5e3700d803aba2b3
0x245c34,0xcc8d0,956,0x23d1f0,0x20,0x0,0xad20c726501bbfd6
0x245e7c,0xcc8f0,957,0x23d350,0x20,0x0,0x37acbf71180a71eb
0x246004,0xcc910,958,0x23d4b0,0x20,0x0,0xe27a304836bd542c
0x246150,0xcc930,959,0x23d610,0x20,0x0,0xb4ded8fb58dc7cfc
0x2462f4,0xcc950,960,0x23d770,0x20,0x0,0x4216dda6d24a1714
0x2464a8,0xcc970,961,0x23d8d0,0x20,0x0,0x17d3824dee3aaa6b
0x246614,0xcc990,962,0x23da30,0x20,0x0,0xa75587f2b026ff1f
0x2467d4,0xcc9b0,963,0x23db90,0x20,0x0,0x8a6aa0c0ff5796d3
0x246c70,0xcc9d0,964,0x23dcf0,0x20,0x0,0x4ce918b3eac3207
0x246db8,0xcc9f0,965,0x23de50,0x20,0x0,0x19ccce98eafdc5f9
0x246f3c,0xcca10,966,0x23dfb0,0x20,0x0,0xfa07f25a61b13ffe
0x2472a4,0xcca30,967,0x23e110,0x20,0x0,0x6849de2998e16dae
0x2473e8,0xcca50,968,0x23e270,0x20,0x0,0xf40fdc8e597fce3d
0x24754c,0xcca70,969,0x23e3d0,0x20,0x0,0x4ff01c8145b735d6
0x2476b8,0xcca90,970,0x23e530,0x20,0x0,0xe1d48634d15fc7e8
0x247910,0xccab0,971,0x23e690,0x20,0x0,0x68d0538c389fc4ce
0x247a44,0xccad0,972,0x23e7f0,0x20,0x0,0x5b898923ac49f77e
0x247bd0,0xccaf0,973,0x23e950,0x20,0x0,0xceb93fee3639bfa7
0x247db0,0xccb10,974,0x23eab0,0x20,0x0,0x48e19b6ef54d5b19
0x247f78,0xccb30,975,0x23ec10,0x20,0x0,0x157e43992f9b9f05
0x248174,0xccb50,976,0x23ed70,0x20,0x0,0x7275ae1c191f3f01
0x248480,0xccb70,977,0x23eed0,0x20,0x0,0x5b7d969facb0c5cc
0x2486c8,0xccb90,978,0x23f030,0x20,0x0,0xde9e2ae87a552e0f
0x2489b0,0xccbb0,979,0x23f190,0x20,0x0,0x7dec6afa3938fb7a
0x248bcc,0xccbd0,980,0x23f2f0,0x20,0x0,0x6e4bc8f2418dc205
0x248e6c,0xccbf0,981,0x23f450,0x20,0x0,0x91ff1a06f96fd49d
0x249190,0xccc10,982,0x23f5b0,0x20,0x0,0x586143acc4b804a0
0x249324,0xccc30,983,0x23f710,0x20,0x0,0xb95c2610ecdc2def
0x249488,0xccc50,984,0x23f870,0x20,0x0,0x4dd59a6400876192
0x249660,0xccc70,985,0x23f9d0,0x20,0x0,0x1ea3c85741eaf012
0x249884,0xcc010,886,0x237190,0x20,0x0,0x6e326a63e5835326
0x249918,0xccc90,986,0x23fb30,0x20,0x0,0xec0dbfa904b5ab3
0x249a64,0xcccb0,987,0x23fc90,0x20,0x0,0xd78c368723b9265d
0x249c94,0xcccd0,988,0x23fdf0,0x20,0x0,0x7625263b9c1190fc
0x249dac,0xcccf0,989,0x23ff50,0x20,0x0,0x879a87e5f37f42c0
0x249ec4,0xccd10,990,0x2400b0,0x20,0x0,0x529a157b85963b98
0x24a078,0xccd30,991,0x240210,0x20,0x0,0x2b446893da3ac195
0x24a234,0xccd50,992,0x240370,0x20,0x0,0xb94b69679e53b833
0x24a400,0xccd70,993,0x2404d0,0x20,0x0,0x83fbcffd7073cb52
0x24a618,0xccd90,994,0x240630,0x20,0x0,0xdfe22088c734e670
0x24a7e4,0xccdb0,995,0x240790,0x20,0x0,0xfab64453b40274f3
0x24a988,0xccdd0,996,0x2408f0,0x20,0x0,0x13c066829bce7d90
0x24aae8,0xccdf0,997,0x240a50,0x20,0x0,0x49bf9b8a7af7e3b5
0x24ac6c,0xcce10,998,0x240bb0,0x20,0x0,0x8c006af4e4a9a717
0x24ae34,0xcce30,999,0x240d10,0x20,0x0,0x39112ee47badef02
0x24af90,0xcce50,1000,0x240e70,0x20,0x0,0x6a4a08a4c25f5e8f
0x24b1d4,0xcce70,1001,0x240fd0,0x20,0x0,0xbadbde792467987e
0x24b374,0xcce90,1002,0x241130,0x20,0x0,0x4cd14787a077d7b2
0x24b5f8,0xcceb0,1003,0x241290,0x20,0x0,0x3564f00d0d7555a0
0x24b748,0xcced0,1004,0x2413f0,0x20,0x0,0x53d3ec43d5024d40
0x24b9b8,0xccef0,1005,0x241550,0x20,0x0,0xa7445686043e37c0
0x24baf0,0xccf10,1006,0x2416b0,0x20,0x0,0xbe97ee17dbae61ac
0x24bd94,0xccf30,1007,0x241810,0x20,0x0,0x4a09ee42e7e6fbc1
0x24bf14,0xcd270,1033,0x243bd0,0x20,0x0,0x4572eb3f8dc554bc
0x24c1e0,0xccf50,1008,0x241970,0x20,0x0,0x62213653dc1bacb
0x24c3dc,0xccf70,1009,0x241ad0,0x20,0x0,0xe321a20f7cca7f54
0x24c5a0,0xccf90,1010,0x241c30,0x20,0x0,0xa348d157b263d16b
0x24c6a0,0xccfb0,1011,0x241d90,0x20,0x0,0x2ad766e9a5e3cd42
0x24c7d4,0xccfd0,1012,0x241ef0,0x20,0x0,0xef126b763d4df697
0x24ccdc,0xccff0,1013,0x242050,0x20,0x0,0xa0f30ecbda5b72ba
0x24cf00,0xcd010,1014,0x2421b0,0x20,0x0,0xdb6361540925a324
0x24d06c,0xcd030,1015,0x242310,0x20,0x0,0xae3e5e331560f534
0x24d1f0,0xcd050,1016,0x242470,0x20,0x0,0xe0f50d6607877798
0x24d2fc,0xcd070,1017,0x2425d0,0x20,0x0,0x57a38ffa0de73d47
0x24d420,0xcd090,1018,0x242730,0x20,0x0,0xb79f52b10bd43fa5
0x24d564,0xcd0b0,1019,0x242890,0x20,0x0,0x3d2a37c3553d7a51
0x24d850,0xcd0d0,1020,0x2429f0,0x20,0x0,0x8765d76eb68cff0d
0x24d990,0xcd0f0,1021,0x242b50,0x20,0x0,0xdc4ec147818a19f3
0x24daa0,0xcd110,1022,0x242cb0,0x20,0x0,0xd516b369636b066c
0x24dc40,0xcd130,1023,0x242e10,0x20,0x0,0xf93ad2728a0a14fb
0x24de30,0xcd150,1024,0x242f70,0x20,0x0,0x1297b9b32e6daa46
0x24df88,0xcd170,1025,0x2430d0,0x20,0x0,0x2c05a5558f474a7e
0x24e194,0xcd010,1014,0x2421b0,0x20,0x0,0xdb6361540925a324
0x24e428,0xcd1d0,1028,0x2434f0,0x20,0x0,0xb1d45c5196115d3a
0x24e55c,0xcd250,1032,0x243a70,0x20,0x0,0x69841abe82a88480
0x24e828,0xcd290,1034,0x243d30,0x20,0x0,0x9162cc108689d891
0x24ea70,0xcd2b0,1035,0x243e90,0x20,0x0,0x726f457394e1cd50
0x24ebe4,0xcd2d0,1036,0x243ff0,0x20,0x0,0xf44fe5491686e61f
0x24ee3c,0xcd2f0,1037,0x244150,0x20,0x0,0x9bbf48279dab7019
0x24f0a4,0xcd310,1038,0x2442b0,0x20,0x0,0x287d02897ae666d6
0x24f488,0xcd330,1039,0x244410,0x20,0x0,0xe27afe4f497e86e8
0x24f5a4,0xcd350,1040,0x244570,0x20,0x0,0xcf557389bb660ef3
0x24f6c4,0xcd370,1041,0x2446d0,0x20,0x0,0x2098a59ef1b86f48
0x24f8dc,0xcd3b0,1043,0x244990,0x20,0x0,0xd135aa55093ad21b
0x24fa70,0xcd390,1042,0x244830,0x20,0x0,0x6112ead6f7bbc13a
0x24fc6c,0xcd010,1014,0x2421b0,0x20,0x0,0xdb6361540925a324
0x24fdb8,0xcd3d0,1044,0x244af0,0x20,0x0,0xe82ceed2d2999743
0x24ff18,0xcd3f0,1045,0x244c50,0x20,0x0,0x56b343fa9043459e
0x250224,0xcd410,1046,0x244db0,0x20,0x0,0x2bf868bf2cfb8a09
0x250cf4,0xcd5b0,1059,0x245fb0,0x20,0x0,0xbc1c26113a2a2e8e
0x251cc4,0xcd430,1047,0x244f10,0x20,0x0,0xe7459d3222d5b378
0x251e68,0xcd450,1048,0x245070,0x20,0x0,0xe1fd62613173d3b3
0x251fa8,0xcd010,1014,0x2421b0,0x20,0x0,0xdb6361540925a324
0x252034,0xcd470,1049,0x2451d0,0x20,0x0,0xa8bdef9e08502efc
0x252198,0xcd490,1050,0x245350,0x20,0x0,0xb76a265d63588231
0x252270,0xcd4b0,1051,0x2454b0,0x20,0x0,0x6a6402069ed1e19
0x252358,0xcd4b0,1051,0x2454b0,0x20,0x0,0x6a6402069ed1e19
0x2524e4,0xcd4d0,1052,0x245610,0x20,0x0,0x90a0bfdd60055d5a
0x2525a8,0xcd4f0,1053,0x245770,0x20,0x0,0x60e4fe0703c7fc6e
0x25267c,0xcd510,1054,0x2458d0,0x20,0x0,0x1332df82d3e5df69
0x252880,0xcd550,1056,0x245b90,0x20,0x0,0xd7584cbfec7c4308
0x252abc,0xcd570,1057,0x245cf0,0x20,0x0,0x8a9b57898dbab5fe
0x252cc0,0xcd590,1058,0x245e50,0x20,0x0,0x8a888cbff2df0a1d
0x252e34,0xcd5d0,1060,0x246110,0x20,0x0,0xd288f3143f8d84d2
0x253b90,0xcd5f0,1061,0x246270,0x20,0x0,0x38da7b3affc40b5d
0x253cf8,0xcd610,1062,0x2463d0,0x20,0x0,0xf8b61b8aab28395a
0x253fc8,0xcd630,1063,0x246530,0x20,0x0,0xa968eedbec7c0c24
0x254310,0xcd650,1064,0x246690,0x20,0x0,0xd0232aa470147e6c
0x2546c0,0xcd670,1065,0x2467f0,0x20,0x0,0x919db11a0d1bae94
0x25492c,0xcd690,1066,0x246950,0x20,0x0,0x9e7ced9ac9186e33
0x254afc,0xcd6b0,1067,0x246ab0,0x20,0x0,0xdeba603b743b19b6
0x254d0c,0xcd6d0,1068,0x246c10,0x20,0x0,0x1f2d718521a5e98d
0x254e68,0xcd6f0,1069,0x246d70,0x20,0x0,0x6bd4adf281bd18b8
0x254fa4,0xcd710,1070,0x246ed0,0x20,0x0,0x459fdbe18c43ec
0x2551f8,0xcd730,1071,0x247030,0x20,0x0,0xf6e501d657e894ab
0x2554d0,0xcd750,1072,0x247190,0x20,0x0,0xf96d51d349091bcc
0x2556ac,0xcd770,1073,0x2472f0,0x20,0x0,0x831980f1736084ec
0x255b90,0xcd790,1074,0x247450,0x20,0x0,0xcad2e7a3b5cbd070
0x255fa4,0xcd7b0,1075,0x2475b0,0x20,0x0,0xf145930286f5b312
0x256074,0xcd810,1078,0x2479d0,0x20,0x0,0x7195c6bad5ea052a
0x2563f4,0xcd7d0,1076,0x247710,0x20,0x0,0xfa6d55298e481f92
0x256590,0xcd7f0,1077,0x247870,0x20,0x0,0x7417341033dae021
0x25672c,0xcd830,1079,0x247b30,0x20,0x0,0x9939a14fd971d849
0x256978,0xcd850,1080,0x247c90,0x20,0x0,0xc54243aa0fb3eac6
0x256e9c,0xcd870,1081,0x247df0,0x20,0x0,0xcaae9ae36e0f3a67
0x2572a4,0xcd890,1082,0x247f50,0x20,0x0,0x916a9d21e318afd3
0x257e3c,0xcd8b0,1083,0x2480b0,0x20,0x0,0xe37d6df912845ad0
0x257f78,0xcd8d0,1084,0x248210,0x20,0x0,0x2d5914136e8e87e8
0x258104,0xcd8f0,1085,0x5b90fc,0xd08,0x100,0x3a2d117f5daf5451
0x2581ec,0xcd910,1086,0x417d38,0x90,0x100,0xa5128b8ffbf8ef9b
0x2582dc,0xcd930,1087,0x4d7b44,0x1d58,0x100,0x86644f36e31afa52
0x2583ac,0xcd950,1088,0x3bd398,0x13c,0x100,0x5558bf7ee656e616
0x2583e4,0xcd010,1014,0x2421b0,0x20,0x0,0xdb6361540925a324
0x258468,0xcd970,1089,0x2ec114,0x118,0x100,0xf275e75175e643ef
0x258524,0xcd990,1090,0x22bd34,0x2c,0x100,0x1a6c16031d0555fc
0x2585e0,0xcd9b0,1091,0x484c64,0x150,0x100,0xb811bf3d44ce9faa
0x2586c8,0xcd9d0,1092,0x68c8d0,0x74,0x100,0xb986720e1a6e1bc
0x258784,0xcd9f0,1093,0x374790,0xa0,0x100,0x7cdaae98f6cbc492
0x258840,0xcda10,1094,0x4a2864,0x80,0x100,0x27109b593fca7031
0x2588fc,0xcda30,1095,0x49a064,0x1a4,0x100,0x55f308105a8e41e2
0x258934,0xcd010,1014,0x2421b0,0x20,0x0,0xdb6361540925a324
0x2589b8,0xcda50,1096,0x25a194,0x148,0x100,0x1101f1210a603a00
0x258a74,0xcda90,1098,0x606ae0,0x258,0x100,0x33a35dcc05084cc1
0x258b30,0xcdab0,1099,0x4db444,0x198,0x100,0xe98a731070269e48
0x258bec,0xcdaf0,1101,0x421e38,0x15c,0x100,0x1dd8eda164177076
0x258ca8,0xcdb10,1102,0x2ef814,0x188,0x100,0xf23249d08770451a
0x258d64,0xcdb30,1103,0x374c90,0x158,0x100,0xbb0df877c5f8a1de
0x258e20,0xcdb50,1104,0x3cc138,0x54,0x100,0xb8790828b64ae724
0x258edc,0xcdb70,1105,0x691748,0x98,0x90,0x4b279b50db18da6a
0x258fc4,0xcdb90,1106,0x3adfd0,0x1f4,0x100,0x8d4e0c1bcf6e48c8
0x259080,0xcdbd0,1108,0x6391f8,0xb8,0x100,0xcdbed4370ac3aa60
0x25913c,0xcdbf0,1109,0x36d690,0x424,0x100,0x542f6ce53ddff9c0
0x259174,0xcd010,1014,0x2421b0,0x20,0x0,0xdb6361540925a324
0x25922c,0xcdc10,1110,0x3acfd0,0x4c,0x100,0xf52ecf852a17be21
0x2592e8,0xcdc30,1111,0x22c534,0x220,0x100,0xfadf5b7358621a06
0x259320,0xcd010,1014,0x2421b0,0x20,0x0,0xdb6361540925a324
0x2593d8,0xcdc50,1112,0x422f38,0x740,0x100,0x9aa4799be5424e72
0x2594c0,0xcdc70,1113,0x369f90,0x5cc,0x100,0x87fe62c0fd2e1f66
0x25957c,0xcdc90,1114,0x418838,0x220,0x100,0x3ae1072d793f7e91
0x2595b4,0xcd010,1014,0x2421b0,0x20,0x0,0xdb6361540925a324
0x259638,0xcdcb0,1115,0x226234,0x4c8,0x100,0x931f5dd4dc23cec5
0x2596f4,0xcdcd0,1116,0x28cecc,0x98,0x100,0x896673b049a7d9bd
0x2597b0,0xcdcf0,1117,0x233408,0x20c,0x100,0x78d3a0873560203c
0x25986c,0xcdd10,1118,0x491764,0x158,0x100,0x548745fc0ef617cc
0x25995c,0xcdd30,1119,0x52bb20,0x40,0x100,0x20f017e9103c7f4d
0x259a48,0xcdd50,1120,0x6db278,0x28,0x100,0x97e86b2df0ecef7f
0x259b30,0xcdd70,1121,0x426338,0x34,0x100,0x1d28868e66db137a
0x259c18,0xcdd90,1122,0x2efe14,0x30,0x100,0x43d8ccf9868dc46
0x259d00,0xcddb0,1123,0x53b120,0x38,0x100,0xb193b6ca1987b5f9
0x259dbc,0xcddd0,1124,0x3a3534,0x98,0x100,0x898acd373443980d
0x259edc,0xcddf0,1125,0x258894,0x2c8,0x100,0x46582e2cf209c6f9
0x259f98,0xcde10,1126,0x4d3544,0x23c,0x100,0xa09272ad1ccd6afb
0x259fd0,0xcd010,1014,0x2421b0,0x20,0x0,0xdb6361540925a324
0x25a054,0xcde30,1127,0x424f38,0x13c,0x100,0x8c0b184acbd230f8
0x25a110,0xcde50,1128,0x5b74fc,0x118,0x100,0x50c72c71a6a8e1ea
0x25a1cc,0xcde70,1129,0x268ba8,0x13c,0x100,0x699942df68daf3f9
0x25a288,0xcde90,1130,0x4a2564,0x1e0,0x100,0xddcb67e9db9f9961
0x25a2c0,0xcd010,1014,0x2421b0,0x20,0x0,0xdb6361540925a324
0x25a344,0xcdeb0,1131,0x483164,0x1c4,0x100,0xb4a0c2e947cace27
0x25a400,0xcded0,1132,0x2f2014,0x134,0x100,0xad26cf288483b1b2
0x25a4bc,0xcdef0,1133,0x48b064,0x150,0x100,0x4baddf1b1e581508
0x25a4f4,0xcd010,1014,0x2421b0,0x20,0x0,0xdb6361540925a324
0x25a578,0xcdf30,1135,0x2ea114,0x6c,0x100,0x68457f024a60e7bb
0x25a634,0xcdf70,1137,0x499864,0x258,0x100,0x8b20f9f56ddb12dc
0x25a6f0,0xcdf90,1138,0x367090,0x1bc,0x100,0xccd880e87b1758bb
0x25a7ac,0xcdfb0,1139,0x5bebfc,0x9c,0x100,0xf4ea220f64a31f91
0x25a868,0xcdfd0,1140,0x5ffee0,0x50,0x100,0x1fffe193c3ec6ca3
0x25a924,0xcdff0,1141,0x49a164,0x150,0x100,0x6ed4001ab6a63d4c
0x25a95c,0xcd010,1014,0x2421b0,0x20,0x0,0xdb6361540925a324
0x25a9e0,0xce010,1142,0x499c64,0x120,0x100,0xfeedc1c259c6de00
0x25aa9c,0xce030,1143,0x4d0044,0x12c,0x100,0x45a346e8ed2eb76f
0x25ab58,0xce050,1144,0x226e34,0xcc,0x100,0xe52882c4b818c51a
0x25ac14,0xce070,1145,0x6002e0,0x90,0x100,0xe9fe7e7a1fa7c396
0x25ac4c,0xce010,1142,0x499c64,0x120,0x100,0xfeedc1c259c6de00
0x25acd0,0xce090,1146,0x49be64,0x148,0x100,0x72775e0a8bd134c2
0x25ad8c,0xce0b0,1147,0x2efc14,0x38,0x100,0x146076498f8d2203
0x25ae48,0xce0d0,1148,0x496364,0x154,0x100,0x5555cd6b59632ca7
0x25af04,0xce0f0,1149,0x494d64,0x118,0x100,0xc0118a25bf6a5ef
0x25af3c,0xce010,1142,0x499c64,0x120,0x100,0xfeedc1c259c6de00
0x25afc0,0xce110,1150,0x41cd38,0x13c,0x100,0xedf95bfd5126b241
0x25b07c,0xce130,1151,0x424c38,0x80,0x100,0x843fb7e9a9357d62
0x25b138,0xce150,1152,0x41a938,0x294,0x100,0xb381ba5ea4ea47d5
0x25b170,0xce010,1142,0x499c64,0x120,0x100,0xfeedc1c259c6de00
0x25b1f4,0xce170,1153,0x31763c,0xa4,0x100,0xd4edf650d8cd009d
0x25b2b0,0xce190,1154,0x378890,0x118,0x100,0x5ac87438a0b3b2ce
0x25b3a0,0xce1b0,1155,0x6ca4c8,0x54,0x100,0xe613bf5bcae5d91c
0x25b45c,0xce1d0,1156,0x233908,0x1a8,0x100,0x8af2d9afd29bd85
0x25b518,0xce1f0,1157,0x534a20,0x11c,0x100,0x5ae6ad470e0d9161
0x25b5d4,0xce210,1158,0x49a664,0x90,0x100,0xd56cb3bbabe60de1
0x25b6d4,0xce230,1159,0x372c90,0x1d0,0x100,0xc42886c08add3de1
0x25b7c4,0xce250,1160,0x224834,0x50,0x100,0xaf09617a89655fe8
0x25b880,0xce270,1161,0x368490,0x170,0x100,0x11987d78de7cbcec
0x25b93c,0xce290,1162,0x62ede0,0x120,0x100,0x650340a550033d45
0x25b9f8,0xce2b0,1163,0x432038,0x9c,0x100,0x6cb117bdf6c0df15
0x25bab4,0xce2d0,1164,0x532f20,0x1e0,0x100,0x1fd1e67cd2bf1858
0x25bb84,0xce2f0,1165,0x2919cc,0x140,0x100,0x5791f94cae6ac276
0x25bc40,0xce310,1166,0x4c6e44,0xa4,0x100,0xada19db932a927a0
0x25bcfc,0xce330,1167,0x49c264,0xa4,0x100,0x2f558be2fec57b86
0x25bde4,0xce350,1168,0x368390,0x4c,0x100,0x7e531d86b8fc4955
0x25becc,0xce370,1169,0x41d938,0x38,0x100,0x46cc048cdfe6c03a
0x25bfbc,0xce390,1170,0x420938,0x38,0x100,0xab12fd0586d7fd2f
0x25bff4,0xce010,1142,0x499c64,0x120,0x100,0xfeedc1c259c6de00
0x25c078,0xce3b0,1171,0x2913cc,0x2b4,0x100,0xf86d69e5180c122f
0x25c134,0xce3d0,1172,0x699e00,0x194,0x100,0xce51dd1e1827949f
0x25c16c,0xce010,1142,0x499c64,0x120,0x100,0xfeedc1c259c6de00
0x25c224,0xce430,1175,0x49da64,0x68,0x100,0x15c3a0b7a72a23c4
0x25c30c,0xce450,1176,0x4cdd44,0x4c,0x100,0x827eb6cf56f1e265
0x25c344,0xce010,1142,0x499c64,0x120,0x100,0xfeedc1c259c6de00
0x25c3c8,0xce470,1177,0x52f520,0x184,0x100,0xbc476b88b458de90
0x25c484,0xce490,1178,0x536620,0x94c,0x100,0xfe2ead529510eb0b
0x25c540,0xce4b0,1179,0x31333c,0x1c4,0x100,0xb4c6fbe22f785090
0x25c5fc,0xce4d0,1180,0x649a5c,0x290,0xf0,0x4f080763ac88e32c
0x25c6b8,0xce4f0,1181,0x377b90,0x1a8,0x100,0x6b2c8ff144985230
0x25c774,0xce510,1182,0x530020,0x194,0x100,0x667cc84e35573c7a
0x25c830,0xce530,1183,0x428438,0x4c,0x100,0xc55cda230182c854
0x25c8ec,0xce550,1184,0x610be0,0x148,0x100,0x91bf0c7ec66fbac6
0x25c924,0xce010,1142,0x499c64,0x120,0x100,0xfeedc1c259c6de00
0x25c9a8,0xce570,1185,0x41e038,0x74,0x100,0x8487aeb815b190e8
0x25ca64,0xce590,1186,0x495364,0x13c,0x100,0x378ae358beb573ae
0x25ca9c,0xce010,1142,0x499c64,0x120,0x100,0xfeedc1c259c6de00
0x25cb20,0xce5b0,1187,0x532820,0x150,0x100,0x7bcd3343a8c8ff3c
0x25cbdc,0xce5d0,1188,0x399154,0x1e4,0x100,0x11af0bb4450c5698
0x25cc98,0xce5f0,1189,0x52c120,0x284,0x100,0xa18e2f3f2babe243
0x25cd80,0xce610,1190,0x370990,0x2f0,0x100,0x48773fae6f9030ed
0x25cdb8,0xce010,1142,0x499c64,0x120,0x100,0xfeedc1c259c6de00
0x25ce3c,0xce630,1191,0x31373c,0xe8,0x100,0x8a4f5f73c296374a
0x25cef8,0xce650,1192,0x53d720,0x154,0x100,0x7f9fc9e09ed2c5aa
0x25cfb4,0xce670,1193,0x68dad0,0x3e8,0x100,0xd7e16e6a6b37065d
0x25d070,0xce690,1194,0x4d1844,0x340,0x100,0xdf9faf007685f0dd
0x25d12c,0xce6b0,1195,0x5b2afc,0x300,0x100,0xe7a9fb19189ba244
0x25d1e8,0xce6d0,1196,0x48f464,0x358,0x100,0xebb7cddd508da9c4
0x25d2a4,0xce6f0,1197,0x49ad64,0x15c,0x100,0x753f22aadceb6264
0x25d2dc,0xce010,1142,0x499c64,0x120,0x100,0xfeedc1c259c6de00
0x25d360,0xce710,1198,0x6c8980,0x3e0,0x100,0x48b0df67f07c150d
0x25d41c,0xce730,1199,0x52d020,0x308,0x100,0x8f161c9a6fae9ec2
0x25d454,0xce010,1142,0x499c64,0x120,0x100,0xfeedc1c259c6de00
0x25d4d8,0xce750,1200,0x41f238,0x3c8,0x100,0x983458c120010875
0x25d510,0xce010,1142,0x499c64,0x120,0x100,0xfeedc1c259c6de00
0x25d594,0xce770,1201,0x5ba9fc,0x120,0x100,0x7ec52046b646972a
0x25d650,0xce790,1202,0x5b3ffc,0x174,0x100,0x54ee62a6403d6adf
0x25d70c,0xce7b0,1203,0x2936cc,0x19c,0x100,0x828c30918a9299c1
0x25d744,0xce010,1142,0x499c64,0x120,0x100,0xfeedc1c259c6de00
0x25d7c8,0xce7d0,1204,0x225f34,0x40,0x100,0x565ba405568c5124
0x25d800,0xce010,1142,0x499c64,0x120,0x100,0xfeedc1c259c6de00
0x25d884,0xce7f0,1205,0x4d4d44,0x64,0x100,0x2dffd7dedc8ccd22
0x25d940,0xce810,1206,0x5b23fc,0x160,0x100,0x4bd2e5ef6e3aef90
0x25d9fc,0xce830,1207,0x48e864,0x298,0x100,0x8a43d046ea83329c
0x25dab8,0xce850,1208,0x4d3044,0x98,0x100,0x26f1d6581cc7803
0x25db74,0xce870,1209,0x498164,0x188,0x100,0x19dcbed7a6cff030
0x25dc30,0xce890,1210,0x482f64,0x120,0x100,0x2645a7a1ec27b86
0x25dcec,0xce8b0,1211,0x6a0a18,0x15c,0x100,0xc3fdd99285da997
0x25dda8,0xce8d0,1212,0x393e54,0x1bc,0x100,0x75bd33a8d09c5326
0x25de64,0xce8f0,1213,0x232e08,0x78,0x100,0xa3a82f57565080ac
0x25df20,0xce910,1214,0x55714c,0x98,0x100,0x954f9c62017b4f46
0x25dfdc,0xce930,1215,0x3c9240,0x38,0x100,0x4dee4af959e64790
0x25e014,0xce010,1142,0x499c64,0x120,0x100,0xfeedc1c259c6de00
0x25e098,0xce950,1216,0x4d2c44,0x64,0x100,0x6311052e2ad7823b
0x25e154,0xce970,1217,0x315c3c,0x154,0x100,0xf6b0371700f2346f
0x25e210,0xce990,1218,0x533d20,0x270,0x100,0x76cf28c24617a07f
0x25e2cc,0xce9b0,1219,0x49d764,0x334,0x100,0x2810d0f802a9bf4d
0x25e3e4,0xce9d0,1220,0x6169e0,0x404,0x100,0xee25fc38915fc513
0x25e4a0,0xce9f0,1221,0x429238,0x2d8,0x100,0x378e0934965ca4c6
0x25e55c,0xcea10,1222,0x60cbe0,0x5c,0x100,0x10c3a3ba90ad946d
0x25e594,0xce010,1142,0x499c64,0x120,0x100,0xfeedc1c259c6de00
0x25e618,0xcea30,1223,0x6cc6c8,0x160,0x100,0x5a9d47cc57a84a3d
0x25e6d4,0xcea50,1224,0x4a2164,0x160,0x100,0xf3754f517d25ad5a
0x25e790,0xcea70,1225,0x6c381c,0x1d8,0x100,0xcaa95e32995a7518
0x25e7c8,0xce010,1142,0x499c64,0x120,0x100,0xfeedc1c259c6de00
0x25e880,0xcea90,1226,0x372890,0x4c,0x100,0xfba2fdaa605348ad
0x25e8b8,0xce010,1142,0x499c64,0x120,0x100,0xfeedc1c259c6de00
0x25e93c,0xceab0,1227,0x486264,0x1f8,0x100,0xe2b080a81925c7f4
0x25ea2c,0xcead0,1228,0x482164,0x44,0x100,0x60549ab5132b1359
0x25ea64,0xce010,1142,0x499c64,0x120,0x100,0xfeedc1c259c6de00
0x25eb1c,0xceaf0,1229,0x315e3c,0x5c,0x100,0x5c83e88cf34f6a30
0x25ebd8,0xceb10,1230,0x5af4fc,0x190,0x100,0xb8e45849494f6830
0x25ec94,0xceb30,1231,0x529c20,0x180,0x100,0x8623057c3432ed55
0x25ed50,0xceb50,1232,0x538720,0x1a8,0x100,0x903aaca3f433ae5d
0x25ee0c,0xceb70,1233,0x48d464,0x114,0x100,0xbe57a7e971f8994e
0x25eec8,0xceb90,1234,0x49c664,0x108,0x100,0x92d1fbf4ad249eb
0x25ef00,0xce010,1142,0x499c64,0x120,0x100,0xfeedc1c259c6de00
0x25ef84,0xcebb0,1235,0x6024e0,0x144,0x100,0xce5be62a5959df1e
0x25f040,0xcebd0,1236,0x53cc20,0x1a0,0x100,0x2fdc047d0a8e26fd
0x25f0fc,0xcebf0,1237,0x539f20,0x2a8,0x100,0xf9eb127b229e75d2
0x25f1b8,0xcec10,1238,0x4cad44,0xcc,0x100,0xca7c06506dabf120
0x25f274,0xcec30,1239,0x261794,0xa8,0x100,0xd0e2b38173fc5cdb
0x25f330,0xcec50,1240,0x497764,0x200,0x100,0x21881dea42f61ffd
0x25f3ec,0xcec70,1241,0x223c34,0x1f0,0x100,0xc0df1a77edbbd9be
0x25f4a8,0xcec90,1242,0x52d720,0x198,0x100,0x1d21f18a445a65eb
0x25f564,0xcecb0,1243,0x427938,0x150,0x100,0x30db57e75e27cc13
0x25f620,0xcecd0,1244,0x55804c,0x19c,0x100,0x18996c8f55e27aa0
0x25f6dc,0xcecf0,1245,0x530d20,0x158,0x100,0xb22c97ff371c9e00
0x25f798,0xced10,1246,0x693aec,0x1ec,0x28,0x43d82026feb47e28
0x25f854,0xced30,1247,0x2e4814,0x14c,0x100,0x7b4edb06ec8650ee
0x25f910,0xced50,1248,0x4a1564,0x188,0x100,0x2038c64e28ded473
0x25f9cc,0xced70,1249,0x267894,0x108,0x100,0xf8ab3973d18c7a48
0x25fa88,0xced90,1250,0x48f064,0x120,0x100,0x200c222a37d12f46
0x25fb44,0xcedb0,1251,0x531620,0x1a0,0x100,0xd81b5a3526b425f4
0x25fc00,0xcedd0,1252,0x25b694,0x1b0,0x100,0x2d4b07a280f30ee
0x25fcbc,0xcedf0,1253,0x6532f4,0x180,0x100,0x5c739a1ec3f4a82e
0x25fd78,0xcee30,1255,0x486564,0x150,0x100,0x8a0d95b77298d1da
0x25fe34,0xcee50,1256,0x486764,0x74,0x100,0x42b2e996479c3d26
0x25fef0,0xcee70,1257,0x2ef514,0x64,0x100,0x437f9c9f1ffa0c63
0x25ffac,0xcee90,1258,0x490764,0xf8,0x100,0xbca7a8bd5a864d8f
0x260068,0xceeb0,1259,0x531120,0xd8,0x100,0x24ae0da54a19aeb2
0x2600a0,0xce010,1142,0x499c64,0x120,0x100,0xfeedc1c259c6de00
0x260124,0xceed0,1260,0x42a338,0x1c0,0x100,0x1d4418cb6b1c89eb
0x2601e0,0xceef0,1261,0x667548,0x19c,0x100,0x18f2eea994179082
0x26029c,0xcef10,1262,0x41dc38,0x110,0x100,0x2e12c35bb9e7f928
0x2602d4,0xce010,1142,0x499c64,0x120,0x100,0xfeedc1c259c6de00
0x260358,0xcef90,1266,0x2e7714,0x140,0x100,0xcd5af455049f38a2
0x260390,0xce010,1142,0x499c64,0x120,0x100,0xfeedc1c259c6de00
0x260414,0xcefb0,1267,0x55a84c,0x68,0x100,0x3992ad6bd94252d8
0x2604d0,0xcefd0,1268,0x223734,0x154,0x100,0xa8af693f3480f694
0x2605b8,0xceff0,1269,0x47f364,0x44,0x100,0xab70100a04c3eb4d
0x2605f0,0xce010,1142,0x499c64,0x120,0x100,0xfeedc1c259c6de00
0x260674,0xcf010,1270,0x42ee38,0x11c,0x100,0x1e274c8896311459
0x260730,0xcf030,1271,0x65ed64,0x1a4,0x100,0x8ded87a107e5d84c
0x2607ec,0xcf050,1272,0x2f3814,0x12c,0x100,0x6f81a316c1983c2e
0x2608a8,0xcf070,1273,0x5beefc,0x128,0x100,0x7f64e22400610c33
0x260964,0xcf090,1274,0x2ec714,0x14c,0x100,0x7d46ee0e99f9b37c
0x260a20,0xcf0b0,1275,0x495564,0x120,0x100,0xea5e44a232d80699
0x260adc,0xcf0d0,1276,0x2f0314,0x144,0x100,0x82fd1b3bb495f370
0x260b14,0xcf010,1270,0x42ee38,0x11c,0x100,0x1e274c8896311459
0x260b98,0xcf0f0,1277,0x28a1cc,0x14c,0x100,0x330ffbf36a347508
0x260c54,0xcf110,1278,0x36ce90,0xb4,0x100,0x937bcab08c739c78
0x260d10,0xcf130,1279,0x25ae94,0x1c0,0x100,0xffee2ad4b0ffe790
0x260dcc,0xcf150,1280,0x374790,0x50,0x100,0x76db7a1d060a84ae
0x260e04,0xcf010,1270,0x42ee38,0x11c,0x100,0x1e274c8896311459
0x260e88,0xcf170,1281,0x6c421c,0x228,0x100,0xa964feff0eaa37ff
0x260f44,0xcf190,1282,0x55ec4c,0x90,0x100,0xe05094f1033c68d2
0x261000,0xcf1b0,1283,0x28a9cc,0xa0,0x100,0x8c4058c5f6acb8cd
0x2610bc,0xcf1d0,1284,0x68cfd0,0x12c,0x100,0xfaa6e8e5911fd306
0x261178,0xcf1f0,1285,0x48b364,0x78,0x100,0xe9be31bac4cf019
0x261234,0xcf210,1286,0x543dd4,0x168,0x100,0x3928d0a9d106b615
0x26126c,0xcf010,1270,0x42ee38,0x11c,0x100,0x1e274c8896311459
0x2612f0,0xcf230,1287,0x2e9714,0x20c,0x100,0xed4b03299ce2dd7a
0x261328,0xcf010,1270,0x42ee38,0x11c,0x100,0x1e274c8896311459
0x2613ac,0xcf250,1288,0x6c2e24,0x370,0x100,0xb45e446d3c404aad
0x261468,0xcf270,1289,0x56024c,0x80,0x100,0xae3d491b020c3515
0x261524,0xcf290,1290,0x610fe0,0x1a8,0x100,0x9056e10accbd487d
0x2615e0,0xcf2b0,1291,0x488464,0xcc,0x100,0xf9ac781ecd844579
0x261618,0xcf010,1270,0x42ee38,0x11c,0x100,0x1e274c8896311459
0x26169c,0xcf2d0,1292,0x2885cc,0x394,0x100,0xa346a821a076e0a2
0x261758,0xcf2f0,1293,0x6146e0,0x16c,0x100,0x6dc95b34d4754999
0x261814,0xcf310,1294,0x2905cc,0x184,0x100,0x364621b2c2e8bf01
0x2618d0,0xcf330,1295,0x64fd50,0x1a4,0x100,0x490c4a8d37dbf33a
0x26198c,0xcf350,1296,0x3af2d0,0x190,0x100,0x7fffbb5b49d98a3f
0x261a48,0xcf370,1297,0x234d08,0x1c0,0x100,0x26bf30ae3ef9f664
0x261b04,0xcf390,1298,0x6069e0,0x240,0x100,0x3a6c2b50f43bf525
0x261bc0,0xcf3b0,1299,0x42c038,0x170,0x100,0x136f31f2f529243f
0x261c7c,0xcf3d0,1300,0x538d20,0x90,0x100,0x95a51ce778bdefef
0x261d38,0xcf3f0,1301,0x483664,0xb8,0x100,0x63cabb3f96e73d7
0x261df4,0xcf410,1302,0x42ed38,0xa4,0x100,0xe24cdc8326af4fef
0x261eb0,0xcf430,1303,0x559b4c,0x9c,0x100,0x3821d5fc9be60e5d
0x261fa0,0xcf450,1304,0x258994,0x64,0x100,0xc890d109300ffa9d
0x26205c,0xcf470,1305,0x28b6cc,0x138,0x100,0xe122bed0cb2910dc
0x262094,0xcf010,1270,0x42ee38,0x11c,0x100,0x1e274c8896311459
0x262118,0xcf490,1306,0x36e990,0x150,0x100,0x52a2d071ab8b3572
0x262150,0xcf010,1270,0x42ee38,0x11c,0x100,0x1e274c8896311459
0x2621d4,0xcf4b0,1307,0x41ff38,0x1e8,0x100,0x7de2bf7809e02e32
0x2622c4,0xcf4d0,1308,0x2894cc,0x64,0x100,0xf9b0e3fc633efaf9
0x262380,0xcf4f0,1309,0x5ae5fc,0x74,0x100,0x17cfb41e9ee08619
0x26243c,0xcf510,1310,0x4cf944,0x2c4,0x100,0xf4d34247e2e60d12
0x2624f8,0xcf530,1311,0x6121e0,0x214,0x100,0x7de1f4b54e1d00e9
0x2625b4,0xcf550,1312,0x367690,0x4a8,0x100,0x717157fcaa2ba8e1
0x2626a4,0xcf570,1313,0x42e038,0x54,0x100,0xf6fda186816dd946
0x262760,0xcf590,1314,0x6c361c,0x11c,0x100,0x6cfa76c8d4e5afba
0x26281c,0xcf5b0,1315,0x370190,0x174,0x100,0x92de97c1ed83a345
0x2628d8,0xcf5d0,1316,0x265694,0x394,0x100,0xa356dc619488b641
0x262994,0xcf5f0,1317,0x48c464,0x80,0x100,0x9ba12663cc90757d
0x2629cc,0xcf010,1270,0x42ee38,0x11c,0x100,0x1e274c8896311459
0x262a50,0xcf610,1318,0x31af00,0x110,0x100,0x3140818d1194eb12
0x262b0c,0xcf630,1319,0x25bc94,0x11c,0x100,0x2b9da680782cef6e
0x262bc8,0xcf650,1320,0x4db544,0x19c,0x100,0x854923652da8e65d
0x262c84,0xcf670,1321,0x485f64,0x1a4,0x100,0xb42b0326e7928417
0x262d40,0xcf690,1322,0x6035e0,0x1f0,0x100,0xe0b0012be22dc25f
0x262dfc,0xcf6b0,1323,0x36b590,0x1fc,0x100,0xd86c3593f1cde44f
0x262eec,0xcf6d0,1324,0x370e90,0x60,0x100,0x7a3506b713292aa1
0x262fa8,0xcf710,1326,0x377c90,0x60,0x100,0x447ca10ace86a5a4
0x263064,0xcf730,1327,0x482964,0x8c,0x100,0x937cd323a23b0c81
0x26309c,0xcf010,1270,0x42ee38,0x11c,0x100,0x1e274c8896311459
0x263120,0xcf750,1328,0x41e438,0x210,0x100,0xb54b1b1f85d071f3
0x263210,0xcf770,1329,0x48a464,0x60,0x100,0xfbcd879796762abb
0x2632cc,0xcf790,1330,0x211fa0,0x6c,0x100,0x255874f606095ebc
0x263388,0xcf7b0,1331,0x4d9744,0x150,0x100,0xfb37576a5f28dc2b
0x263444,0xcf7d0,1332,0x5ae2fc,0xb8,0x100,0xb3bb688b1fb1ee1e
0x263500,0xcf7f0,1333,0x431938,0xd8,0x100,0x6e2aab4fa065bbdc
0x2635bc,0xcf810,1334,0x258e94,0x210,0x100,0x69bb435c4e4db838
0x263678,0xcf830,1335,0x2e9314,0x2a4,0x100,0xa0647a36f7ea5351
0x263734,0xcf850,1336,0x49ea64,0x204,0x100,0x6ddbc17b75178bb0
0x2637f0,0xcf870,1337,0x60dce0,0xf0,0x100,0xd188e7480dffae56
0x2638ac,0xcf890,1338,0x399954,0x1e8,0x100,0x73e5b552bf3c65b0
0x263968,0xcf8b0,1339,0x52f620,0x10c,0x100,0xcd85019e4b68a4ac
0x2639a0,0xcf010,1270,0x42ee38,0x11c,0x100,0x1e274c8896311459
0x263a24,0xcf8d0,1340,0x395354,0x204,0x100,0x9ee9836a534ccfc7
0x263ae0,0xcf8f0,1341,0x6e2998,0x1c8,0x100,0x830c39113a2e91eb
0x263b9c,0xcf910,1342,0x26de00,0xe8,0x100,0x2cc03b9b5912dd41
0x263c58,0xcf930,1343,0x49d164,0x3a0,0x100,0xc28c2ea707042316
0x263d14,0xcf950,1344,0x432438,0x114,0x100,0x6e89ae0b673bfd94
0x263dd0,0xcf970,1345,0x42e638,0x150,0x100,0x617b12a9f9602c71
0x263e08,0xcf010,1270,0x42ee38,0x11c,0x100,0x1e274c8896311459
0x263e8c,0xcf990,1346,0x492a64,0x5c,0x100,0x6a42bafab77bea96
0x263ec4,0xcf010,1270,0x42ee38,0x11c,0x100,0x1e274c8896311459
0x263f7c,0xcf9b0,1347,0x49cf64,0x54,0x100,0x6099f39a53f0f049
0x264038,0xcf9d0,1348,0x228e34,0x190,0x100,0x9c384ba653915a2c
0x2640f4,0xcf9f0,1349,0x529b20,0x1e4,0x100,0x3a792255f45dafb6
0x2641e4,0xcfa10,1350,0x48d064,0x58,0x100,0x82a99e991f26cc60
0x2642a0,0xcfa30,1351,0x28f8cc,0x164,0x100,0xc0fea1d1eb4315a9
0x26435c,0xcfa50,1352,0x61f5a0,0x9c,0x100,0xe5e5656db18e24b9
0x264418,0xcfa70,1353,0x377690,0x1fc,0x100,0x6c3eefaf2b279aa8
0x264508,0xcfa90,1354,0x2911cc,0x58,0x100,0x83f17e17ac7c6dc5
0x2645c4,0xcfab0,1355,0x5b55fc,0x144,0x100,0xc0cfe7c0077105dc
0x264680,0xcfad0,1356,0x292acc,0x164,0x100,0x716df92d07c6512b
0x26473c,0xcfaf0,1357,0x398a54,0xb0,0x100,0xf1099a4cd222febd
0x264774,0xcf010,1270,0x42ee38,0x11c,0x100,0x1e274c8896311459
0x26482c,0xcfb10,1358,0x31353c,0x50,0x100,0xe1d7cda69d1c64d1
0x2648e8,0xcfb30,1359,0x42f238,0x19c,0x100,0x717a7ac6c38b974e
0x2649a4,0xcfb50,1360,0x60c4e0,0x1a0,0x100,0xb7f892cbc4b782a8
0x264a60,0xcfb70,1361,0x494a64,0x100,0x100,0x818163e78caef50e
0x264b1c,0xcfb90,1362,0x223634,0x60,0x100,0x365a8b5817e48390
0x264bd8,0xcfbb0,1363,0x2ecf14,0x14c,0x100,0x2b4895fa27ca7f2a
0x264c10,0xcf010,1270,0x42ee38,0x11c,0x100,0x1e274c8896311459
0x264c94,0xcfbd0,1364,0x609fe0,0x15c,0x100,0xc3465f066c497aaf
0x264ccc,0xcf010,1270,0x42ee38,0x11c,0x100,0x1e274c8896311459
0x264d50,0xcfbf0,1365,0x25a994,0x114,0x100,0xdc67f6bdef8ad864
0x264e0c,0xcfc10,1366,0x417a38,0xa0,0x100,0x6541619c32e10fca
0x264e44,0xcf010,1270,0x42ee38,0x11c,0x100,0x1e274c8896311459
0x264ec8,0xcfc30,1367,0x4d0544,0x68,0x100,0x23651c2aeabf43f6
0x264f00,0xcf010,1270,0x42ee38,0x11c,0x100,0x1e274c8896311459
0x264f84,0xcfc50,1368,0x391a54,0x36c,0x100,0xdfe827bd4bea70ee
0x264fbc,0xcf010,1270,0x42ee38,0x11c,0x100,0x1e274c8896311459
0x265040,0xcfc70,1369,0x233108,0xd0,0x100,0x56dbb2039f8e4ff0
0x2650fc,0xcfc90,1370,0x5af5fc,0x220,0x100,0xc4c22899c94590a3
0x2651b8,0xcfcb0,1371,0x398254,0x1a0,0x100,0x9101dbbec82447fd
0x265274,0xcfcd0,1372,0x490e64,0x28,0x100,0x253fb8561a85cc72
0x265330,0xcfcf0,1373,0x3aced0,0x10c,0x100,0x3fd3c476b86d839e
0x2653ec,0xcfd10,1374,0x48db64,0x118,0x100,0x9ddec6dcb81c7b44
0x265424,0xcf010,1270,0x42ee38,0x11c,0x100,0x1e274c8896311459
0x2654a8,0xcfd30,1375,0x489364,0x420,0x100,0x49bdbad4898ac4b
0x265564,0xcfd50,1376,0x5b6afc,0x100,0x100,0x854807ffb597cac4
0x26559c,0xcf010,1270,0x42ee38,0x11c,0x100,0x1e274c8896311459
0x265620,0xcfd70,1377,0x611fe0,0x110,0x100,0x9f9ef6f4d0905746
0x2656dc,0xcfd90,1378,0x49ed64,0xd8,0x100,0xf584f5289b7e6fd4
0x265798,0xcfdb0,1379,0x2edb14,0x118,0x100,0x132b6b885376bec1
0x265854,0xcfdd0,1380,0x258a94,0x5c,0x100,0x83e31fe18cfc6c40
0x26588c,0xcf010,1270,0x42ee38,0x11c,0x100,0x1e274c8896311459
0x265910,0xcfdf0,1381,0x532520,0x224,0x100,0x20caf5c0af639bc2
0x2659cc,0xcfe10,1382,0x36f390,0x110,0x100,0x8797977e62af8934
0x265a04,0xcf010,1270,0x42ee38,0x11c,0x100,0x1e274c8896311459
0x265a88,0xcfe30,1383,0x2eef14,0x1c8,0x100,0x5cf157bfef08c641
0x265b44,0xcfe50,1384,0x4cb844,0xec,0x100,0x163b7c5eea45792
0x265c00,0xcfe70,1385,0x289ecc,0x64,0x100,0x6d8e2c8d4b62cd73
0x265cbc,0xcfe90,1386,0x49b364,0x9c,0x100,0x85f25da1f25bb0e9
0x265d78,0xcfeb0,1387,0x2ec314,0x260,0x100,0xe5e852c14b2a6ea1
0x265e34,0xcfed0,1388,0x5b50fc,0x140,0x100,0xa08485d474c54e6d
0x265ef0,0xcfef0,1389,0x4ccd44,0x280,0x100,0x57d01aedf5c1e80c
0x265fac,0xcff10,1390,0x22b934,0x270,0x100,0x82c221764c3b8c7a
0x266068,0xcff30,1391,0x5ac5fc,0xb8,0x100,0xb0a9a0a1d8e53dd9
0x2660a0,0xcf010,1270,0x42ee38,0x11c,0x100,0x1e274c8896311459
0x266124,0xcff50,1392,0x422f38,0x17c,0x100,0x566225f1a455a8dd
0x2661e0,0xcff70,1393,0x266b94,0x118,0x100,0xe214a16e49e8f210
0x26629c,0xcff90,1394,0x396154,0x128,0x100,0xbccb050ef71153c7
0x266358,0xcffb0,1395,0x218fec,0x124,0x50,0xe52e534900eaee8c
0x266414,0xcffd0,1396,0x31523c,0x160,0x100,0xcd844cf60c3d0752
0x2664d0,0xcfff0,1397,0x374b90,0xac,0x100,0x918f3db0a9370f6f
0x26658c,0xd0010,1398,0x28b9cc,0x1d0,0x100,0xd3bf23f19864b9a4
0x266648,0xd0030,1399,0x601fe0,0xd8,0x100,0x5d2d20f4f951f5d
0x266680,0xd0010,1398,0x28b9cc,0x1d0,0x100,0xd3bf23f19864b9a4
0x266704,0xd0050,1400,0x25c594,0xb8,0x100,0x44dbe96f41b5330f
0x2667c0,0xd0070,1401,0x432c38,0x170,0x100,0x5b84b70cbda1bd92
0x26687c,0xd0090,1402,0x396054,0x1a54,0x100,0x141d3356c3f704ba
0x266938,0xd00b0,1403,0x3ad3d0,0x1bc,0x100,0x34eb9be2c1f0ffef
0x266970,0xd0010,1398,0x28b9cc,0x1d0,0x100,0xd3bf23f19864b9a4
0x2669f4,0xd00d0,1404,0x4dbc44,0x2c,0x100,0x64a9dcce7b6ed3cc
0x266ab0,0xd00f0,1405,0x4d5244,0x164,0x100,0x2de85658beab3998
0x266b6c,0xd0110,1406,0x537820,0x1a8,0x100,0x8b417c989e57601c
0x266c28,0xd0130,1407,0x36cc90,0xe8,0x100,0x1a9f39a9eb9d6490
0x266d10,0xd0150,1408,0x668648,0x108,0x100,0x66a9206dcb1da2a2
0x266df8,0xd0170,1409,0x4d0244,0x2c,0x100,0xe6fcc03f53362d36
0x266ee0,0xd0190,1410,0x55834c,0x78,0x100,0x45f0a5c5f70ce8c3
0x266f9c,0xd01b0,1411,0x3ad6d0,0xa0,0x100,0x39fbef5ab2a11be
0x266fd4,0xd0010,1398,0x28b9cc,0x1d0,0x100,0xd3bf23f19864b9a4
0x267058,0xd01d0,1412,0x4ce744,0xe8,0x100,0x4f62ec728fb2c4ae
0x267114,0xd01f0,1413,0x482764,0xb0,0x100,0x425afe806a9f6489
0x267204,0xd0210,1414,0x5af1fc,0x6c,0x100,0xfe00a81f9303bcd9
0x267304,0xd0230,1415,0x49f864,0x6c,0x100,0x54f12f49136df31d
0x2673ec,0xd0250,1416,0x41ec38,0x50,0x100,0x43192b05139a6
0x2674d4,0xd0270,1417,0x47ee64,0xd4,0x100,0x1d1f41de69b9a5e4
0x26750c,0xd0010,1398,0x28b9cc,0x1d0,0x100,0xd3bf23f19864b9a4
0x2675bc,0xd0290,1418,0x53b420,0x30,0x100,0xa78c3e22e532272b
0x2676a4,0xd02b0,1419,0x49c864,0x1c,0x100,0x74e4ed7074e6a2d3
0x267760,0xd0310,1422,0x263194,0x140,0x100,0x55f729603abba246
0x267798,0xd0010,1398,0x28b9cc,0x1d0,0x100,0xd3bf23f19864b9a4
0x26781c,0xd0330,1423,0x6c957c,0x7c,0x100,0xee553be1399028c7
0x2678d8,0xd0350,1424,0x603ee0,0x4c,0x100,0x7ad23b926f329562
0x267910,0xd0010,1398,0x28b9cc,0x1d0,0x100,0xd3bf23f19864b9a4
0x267994,0xd0370,1425,0x3c0db0,0x7c,0x100,0x4dc6c1173db25516
0x267a50,0xd0390,1426,0x4da044,0x194,0x100,0xa83c86f98670bfe4
0x267b0c,0xd03d0,1428,0x4cde44,0x5c,0x100,0x78abb5cbcc107272
0x267bc8,0xd03f0,1429,0x53de20,0xd78,0x100,0x19022d7115889c30
0x267c84,0xd0410,1430,0x60a1e0,0x168,0x100,0x97fbfa71afbafd15
0x267d40,0xd0430,1431,0x36a190,0x2c8,0x100,0x8dbc29cf34f16a05
0x267d78,0xd0010,1398,0x28b9cc,0x1d0,0x100,0xd3bf23f19864b9a4
0x267dfc,0xd0450,1432,0x55a24c,0x318,0x100,0xc955cbcce186fbbe
0x267eb8,0xd0470,1433,0x39a254,0x2c,0x18,0xf471de3c2d52d5f8
0x267ef0,0xd0010,1398,0x28b9cc,0x1d0,0x100,0xd3bf23f19864b9a4
0x267f74,0xd0490,1434,0x651050,0x3b0,0x100,0x10cae86f13dd118b
0x268030,0xd04b0,1435,0x63f548,0x230,0x8,0x390e1f69d6e60865
0x2680ec,0xd04f0,1437,0x52ea20,0x54,0x100,0xccfce7de0cf7d187
0x2681a8,0xd0510,1438,0x4d8544,0x1b8,0x100,0x55fdaf3e2e79b125
0x268264,0xd0530,1439,0x293bcc,0x1a0,0x100,0x9a4d869fe76300d5
0x268320,0xd0550,1440,0x2e8c14,0x148,0x100,0x912424059759ad75
0x2683dc,0xd0570,1441,0x202f34,0x208,0x58,0x191a4d5c34d8cffc
0x268414,0xd0010,1398,0x28b9cc,0x1d0,0x100,0xd3bf23f19864b9a4
0x268498,0xd0590,1442,0x42e238,0x444,0x100,0x5d30eb8c336ac8bc
0x268554,0xd05b0,1443,0x423438,0x444,0x100,0x9888eed5c1bd019b
0x268610,0xd05d0,1444,0x48e664,0x1a4,0x100,0x4cd5bc304e794be7
0x2686cc,0xd05f0,1445,0x4d6d44,0x1d4,0x100,0x87a97abfb3d06e2f
0x268788,0xd0610,1446,0x4a1964,0x214,0x100,0x9f8a24ffad558617
0x2687c0,0xd0010,1398,0x28b9cc,0x1d0,0x100,0xd3bf23f19864b9a4
0x268844,0xd0630,1447,0x5bdcfc,0x54c,0x100,0x915aa063779563f1
0x268900,0xd0650,1448,0x41e638,0x2a8,0x100,0xf4b76affd42c4ce5
0x268a00,0xd0c70,1497,0x24c570,0x20,0x0,0xb6af63d9249b67c8
0x2695a8,0xd0c90,1498,0x24c6d0,0x20,0x0,0x7229e7095de20bc9
0x269fb8,0xd0cb0,1499,0x24c830,0x20,0x0,0x835cbfe21da5205c
0x26a070,0xd0d50,1504,0x24cf10,0x20,0x0,0x94bbd8ccc2e18d8b
0x26a24c,0xd0010,1398,0x28b9cc,0x1d0,0x100,0xd3bf23f19864b9a4
0x26a394,0xd0cd0,1500,0x24c990,0x20,0x0,0x876b8b8a1a0e84b
0x26a484,0xd0d70,1505,0x24d070,0x20,0x0,0xc16ce6fb8dec1faa
0x26a518,0xd0d90,1506,0x24d1d0,0x20,0x0,0x4b48d157b2b9e358
0x26a7d0,0xd0cf0,1501,0x24caf0,0x20,0x0,0x9e6242915a397b14
0x26ab10,0xd0d10,1502,0x24cc50,0x20,0x0,0x93aa732b5a5cff94
0x26b178,0xd0db0,1507,0x24d330,0x20,0x0,0xccf520275afa281e
0x26b354,0xd0dd0,1508,0x24d490,0x20,0x0,0x291713042ba50c31
0x26b4dc,0xd0df0,1509,0x24d5f0,0x20,0x0,0xa693a1a7eead46ca
0x26b6d8,0xd0e10,1510,0x24d750,0x20,0x0,0xba52f627f5fd0168
0x26b8cc,0xd0e30,1511,0x24d8b0,0x20,0x0,0x9b7ef827d48d6cb4
0x26bb60,0xd0e50,1512,0x24da10,0x20,0x0,0x6a2941501ae43723
0x26bd00,0xd0e70,1513,0x24db70,0x20,0x0,0x8e66ecded009b337
0x26be74,0xd0ef0,1517,0x24e0f0,0x20,0x0,0xdb9c3c6f933d8813
0x26c344,0xd0f10,1518,0x24e250,0x20,0x0,0xffa7faa3881474c3
0x26c50c,0xd10b0,1531,0x24f430,0x20,0x0,0xd70ac52639f2a1cf
0x26c658,0xd10d0,1532,0x24f590,0x20,0x0,0xcbd4c20260b50e4f
0x26c828,0xd1190,1538,0x24fdd0,0x20,0x0,0x810015bd97d18877
0x26cad0,0xd11b0,1539,0x24ff30,0x20,0x0,0xb679304219cbddad
0x26d0ec,0xd11d0,1540,0x250090,0x20,0x0,0x8f88ba70c4caf42e
0x26d25c,0xd11f0,1541,0x2501f0,0x20,0x0,0xe345e32ec28cb1a7
0x26d384,0xd1210,1542,0x494264,0x174,0x100,0xc4d962914ea4d1b3
0x26d440,0xd1230,1543,0x22c434,0x1c0,0x100,0xae539a821c1382a
0x26d4fc,0xd1250,1544,0x267e94,0xec,0x100,0xea86a5c5188a3d05
0x26d5cc,0xd1270,1545,0x399354,0xc4,0x100,0xb9179e8e50c826f9
0x26d604,0xd1010,1526,0x24ed50,0x20,0x0,0xe9f76c8cca7a1b7b
0x26d6d8,0xd1290,1546,0x3b6e74,0xa50,0x100,0xa62d5cc03d08fc58
0x26d7c8,0xd12b0,1547,0x288ecc,0x370,0x100,0x75082ff61ef8d210
0x26d8b8,0xd12d0,1548,0x259e94,0x64c,0x100,0xe10c1a87cace5ea7
0x26d974,0xd12f0,1549,0x4cbd44,0x20c,0x100,0x7a4c49519b57a376
0x26da30,0xd1310,1550,0x60e6e0,0x170,0x100,0x9ceee80b2ede0561
0x26daec,0xd1330,1551,0x41d138,0x18c,0x100,0x635912b29a3a6b1d
0x26dba8,0xd1350,1552,0x53ab20,0x94,0x100,0x57c17ed9163acde1
0x26dc64,0xd1370,1553,0x28f9cc,0xfc,0x100,0xcdc8710f536b243
0x26dc9c,0xd1010,1526,0x24ed50,0x20,0x0,0xe9f76c8cca7a1b7b
0x26dd20,0xd1390,1554,0x399454,0xb8,0x100,0x51ae7fdc87f386c4
0x26dddc,0xd13d0,1556,0x26a4b0,0x38,0x100,0x8cda76e909d2a5ed
0x26de98,0xd13f0,1557,0x399f54,0x6c,0x100,0xd3001af7619e8b88
0x26df54,0xd1410,1558,0x53d920,0x54,0x100,0x7a859c34b88cdf51
0x26e010,0xd1450,1560,0x611ee0,0x1bc,0x100,0xdd4af83bde4e6beb
0x26e0cc,0xd1470,1561,0x391d54,0x154,0x100,0x9c4afbdb5384a8fd
0x26e188,0xd1490,1562,0x36eb90,0x158,0x100,0xaf40a07b8220cd26
0x26e244,0xd14b0,1563,0x49a364,0x98,0x100,0x58fab5b70bd1782a
0x26e318,0xd14d0,1564,0x498564,0x9c,0x100,0x58feb536dcc0599c
0x26e3d4,0xd14f0,1565,0x3a3434,0x258,0x100,0xfb68c7e4d4171980
0x26e490,0xd1510,1566,0x289fcc,0x140,0x100,0xc6b75a88832344fc
0x26e4c8,0xd1010,1526,0x24ed50,0x20,0x0,0xe9f76c8cca7a1b7b
0x26e54c,0xd1530,1567,0x483264,0x34c,0x100,0x345c05afb8f1d4d0
0x26e608,0xd1550,1568,0x375290,0x58,0x100,0xf1729ef2a03d095d
0x26e6c4,0xd1570,1569,0x532e20,0x5c,0x100,0xe2a96441088f293f
0x26e780,0xd15f0,1573,0x52fc20,0x68,0x100,0xae6fcbfb5131e53e
0x26e83c,0xd1610,1574,0x203564,0x88,0x100,0x229511606a2067fd
0x26e8f8,0xd1630,1575,0x4c7744,0x1c8,0x100,0x6abe1bee9902b115
0x26e9b4,0xd1650,1576,0x5b79fc,0x98,0x100,0x28b983cb6cb6a9e3
0x26ea70,0xd1730,1583,0x368790,0x154,0x100,0x1c355a117ef481ec
0x26eb2c,0xd1750,1584,0x442368,0x8c,0x100,0x92966937d29f23ff
0x26ebe8,0xd1830,1591,0x2e5e14,0x150,0x100,0x69e6f7748c54451a
0x26ecb8,0xd1850,1592,0x228d34,0x62c,0x100,0x82c4997bec9f481e
0x26eda0,0xd1870,1593,0x373a90,0x5c,0x100,0x92c91f4543626188
0x26ee5c,0xd1890,1594,0x28e8cc,0xb4,0x100,0xa4db305cd4425d02
0x26f108,0xd3d90,1890,0x269950,0x20,0x0,0x78c6bf003b57f3b2
0x26f138,0xd4370,1937,0x26d9f0,0x20,0x0,0x329f1d3c6bea29c1
0x26fa60,0xd3df0,1893,0x269d70,0x20,0x0,0x49492e47fd89f7d0
0x26fcfc,0xd3e10,1894,0x269ed0,0x20,0x0,0xc04b7bf46227ebf9
0x26fddc,0xd3010,1782,0x2604b0,0x20,0x0,0x57b2bb7001d654e2
0x26fe5c,0xd3e30,1895,0x26a030,0x20,0x0,0xcb46d221a95ca0e5
0x26ff90,0xd3e50,1896,0x26a190,0x20,0x0,0xa5133f0b54b831a7
0x27019c,0xd3e70,1897,0x26a2f0,0x20,0x0,0x2b95dbdd83acf31a
0x270d2c,0xd3eb0,1899,0x26a5b0,0x20,0x0,0xe6309915e1761128
0x2726e8,0xd3ed0,1900,0x26a710,0x20,0x0,0xe3c52afbb4cd6d6f
0x273950,0xd3ef0,1901,0x26a870,0x20,0x0,0xd10cbcfc39a91992
0x273d50,0xd3f10,1902,0x26a9d0,0x20,0x0,0xfdb332d3a74330d5
0x273f40,0xd3f50,1904,0x26ac90,0x20,0x0,0x2c2e401ad292c090
0x274180,0xd50f0,2045,0x276e90,0x20,0x0,0x4fc79ee2566ef4c9
0x2743a8,0xd3f70,1905,0x26adf0,0x20,0x0,0x28ffbe083a22aaeb
0x2746ec,0xd3470,1817,0x2634d0,0x20,0x0,0x30ddc8e6755d47ce
0x274c28,0xd3f90,1906,0x26af50,0x20,0x0,0x6d8de25482abbdde
0x274e00,0xd3fb0,1907,0x26b0b0,0x20,0x0,0x4fd40a2dd154ec7c
0x275028,0xd3fd0,1908,0x26b210,0x20,0x0,0x5dfbd3df4ee040a
0x275420,0xd3ff0,1909,0x26b370,0x20,0x0,0x94d96fc779580ff4
0x2769b4,0xd4010,1910,0x26b4d0,0x20,0x0,0xf09488a18df9e5ae
0x276dcc,0xd40b0,1915,0x26bbb0,0x20,0x0,0xcfdc7aa00277cef0
0x276fac,0xd40f0,1917,0x26be70,0x20,0x0,0x24af233e82e2ed9e
0x2771d0,0xd4210,1926,0x26cad0,0x20,0x0,0xc1a2fb355b06f01f
0x2772ec,0xd4390,1938,0x26db50,0x20,0x0,0x28dda399721b937a
0x277464,0xd43f0,1941,0x26df70,0x20,0x0,0x9215cec222d05059
0x277f14,0xd4410,1942,0x26e0d0,0x20,0x0,0x739527dae7c4ebeb
0x278370,0xd4430,1943,0x26e230,0x20,0x0,0x451e9860d333c82d
0x27859c,0xd4450,1944,0x26e390,0x20,0x0,0x500131d8d2c2844d
0x279144,0xd44d0,1948,0x26e910,0x20,0x0,0x307f64a674f599d2
0x2793b0,0xd4570,1953,0x26eff0,0x20,0x0,0x51275b07d6f342b1
0x279580,0xd45d0,1956,0x26f410,0x20,0x0,0xb93530d75d667e47
0x2796d0,0xd4650,1960,0x26f990,0x20,0x0,0xcfa7faa38e52bd68
0x279888,0xd4750,1968,0x270490,0x20,0x0,0x605a33b2cae7c283
0x279a1c,0xd4790,1970,0x270750,0x20,0x0,0xe51fd006b05faf6c
0x279b7c,0xd47d0,1972,0x270a10,0x20,0x0,0xe1f4c936cd1fcb
0x279cd8,0xd4850,1976,0x270f90,0x20,0x0,0x7cbb6c6bb93739ec
0x279edc,0xd4990,1986,0x271d50,0x20,0x0,0x430ed14571c67847
0x27a014,0xd49d0,1988,0x272010,0x20,0x0,0x5e7c8018b2c0b505
0x27a1b0,0xd4a50,1992,0x2725b0,0x20,0x0,0x68795b42e7e19f0a
0x27a3e4,0xd4b10,1998,0x272df0,0x20,0x0,0x86682ec29aeea9eb
0x27a5dc,0xd4b70,2001,0x273210,0x20,0x0,0x82a616c6da76743b
0x27a6c0,0xd4bb0,2003,0x2734d0,0x20,0x0,0x2fb7743d80798618
0x27a8a8,0xd4bf0,2005,0x273790,0x20,0x0,0x655f1f770ffb59b
0x27ab2c,0xd4c50,2008,0x273bb0,0x20,0x0,0xa5e2293f5982fe20
0x27ac44,0xd4cd0,2012,0x274130,0x20,0x0,0x70b05c392bd94ac3
0x27addc,0xd4d10,2014,0x2743f0,0x20,0x0,0x99efb9b2c9beba31
0x27af80,0xd4dd0,2020,0x274c30,0x20,0x0,0x8128820cf43b1b1f
0x27b0c8,0xd4df0,2021,0x274d90,0x20,0x0,0x95e9dff079b4dd12
0x27b1f4,0xd4e30,2023,0x275050,0x20,0x0,0x57022f86201b3233
0x27b378,0xd4e50,2024,0x2751b0,0x20,0x0,0xcfeed9ad50842c94
0x27b500,0xd4e70,2025,0x275310,0x20,0x0,0x8941dafdd897d8af
0x27b6a4,0xd4e90,2026,0x275470,0x20,0x0,0x44142ddfd26f650a
0x27b7cc,0xd4eb0,2027,0x2755d0,0x20,0x0,0xa3812b53a650d47d
0x27b954,0xd4fd0,2036,0x276230,0x20,0x0,0x7722e936e9c924ea
0x27bae0,0xd4ff0,2037,0x276390,0x20,0x0,0xc03a0df44c0f415
0x27bc9c,0xd5010,2038,0x2764f0,0x20,0x0,0xe5ebe096e04d5d36
0x27bea0,0xd5030,2039,0x276650,0x20,0x0,0x6714e8d9c9b908d8
0x27c114,0xd5050,2040,0x2767b0,0x20,0x0,0xb74e25c0bb3f0a6f
0x27c364,0xd5070,2041,0x276910,0x20,0x0,0xc21f4aa167a45bf
0x27c570,0xd50d0,2044,0x276d30,0x20,0x0,0x5768ccd2aaf89b40
0x27c70c,0xd5090,2042,0x276a70,0x20,0x0,0x486a91a37fe8163d
0x27c85c,0xd50b0,2043,0x276bd0,0x20,0x0,0x9e5a1cdead38511d
0x27cbf8,0xd5110,2046,0x276ff0,0x20,0x0,0xcdde8b84c7cd493
0x27cd5c,0xd5230,2055,0x277c50,0x20,0x0,0x4b7e8c957d6edc2e
0x27cf48,0xd5210,2054,0x277af0,0x20,0x0,0x68795b42e7e19f0a
0x27d370,0xd5250,2056,0x277db0,0x20,0x0,0xb1dd3c42eeeceb0d
0x27d4a0,0xd5270,2057,0x277f10,0x20,0x0,0x36f3bbb67ca0782d
0x27d6ac,0xd5290,2058,0x278070,0x20,0x0,0x734b2b7e274c0199
0x27d790,0xd5010,2038,0x2764f0,0x20,0x0,0xe5ebe096e04d5d36
0x27d804,0xd52b0,2059,0x2781d0,0x20,0x0,0x86976bb609e2e228
0x27d9d0,0xd52d0,2060,0x278330,0x20,0x0,0xffa7faa38817dac3
0x27db2c,0xd5010,2038,0x2764f0,0x20,0x0,0xe5ebe096e04d5d36
0x27dbe8,0xd52f0,2061,0x278490,0x20,0x0,0xc5287d0f26228d53
0x27de3c,0xd5330,2063,0x278750,0x20,0x0,0x2720fd01b849c6fd
0x27df7c,0xd5010,2038,0x2764f0,0x20,0x0,0xe5ebe096e04d5d36
0x27e0d4,0xd5310,2062,0x2785f0,0x20,0x0,0x287a0b7f3b21685b
0x27e318,0xd5350,2064,0x2788b0,0x20,0x0,0x54d5100facaad8
0x27e330,0xd5330,2063,0x278750,0x20,0x0,0x2720fd01b849c6fd
0x27e67c,0xd5370,2065,0x278a10,0x20,0x0,0xd1c8107494a5afdd
0x27e770,0xd5010,2038,0x2764f0,0x20,0x0,0xe5ebe096e04d5d36
0x27e7c0,0xd5390,2066,0x278b70,0x20,0x0,0x6e3bd68b167c419e
0x27e8dc,0xd53b0,2067,0x278cd0,0x20,0x0,0xc10cebd78ff6af06
0x27eb1c,0xd5410,2070,0x2790f0,0x20,0x0,0xb22e5c395bc8b2d4
0x27ec44,0xd5490,2074,0x279670,0x20,0x0,0xaea8bda019b4e630
0x27ee28,0xd54d0,2076,0x279930,0x20,0x0,0xe02cd19c516526a9
0x27efe0,0xd5530,2079,0x279d50,0x20,0x0,0xab13b954665a709d
0x27f12c,0xd55f0,2085,0x27a590,0x20,0x0,0xafc5389a45a885a6
0x27f264,0xd5650,2088,0x27a9b0,0x20,0x0,0x86dbe8066a57adbd
0x27f438,0xd5670,2089,0x27ab10,0x20,0x0,0xab13a5bb0aae3d2e
0x27f5b8,0xd5690,2090,0x27ac70,0x20,0x0,0x4572c430aac508d4
0x27f70c,0xd56f0,2093,0x27b090,0x20,0x0,0x3d2a37c3553d7a51
0x27f8f8,0xd5710,2094,0x27b1f0,0x20,0x0,0x2a067b8ee396198d
0x27f9d8,0xd5730,2095,0x27b350,0x20,0x0,0xbf107c8b9deca790
0x27f9f8,0xd4370,1937,0x26d9f0,0x20,0x0,0x329f1d3c6bea29c1
0x27fb60,0xd5750,2096,0x27b4b0,0x20,0x0,0x129ea1e971c669e
0x27fb68,0xd57b0,2099,0x27b8d0,0x20,0x0,0x2cee12ef40e76b43
0x2802d4,0xd5770,2097,0x27b610,0x20,0x0,0x32ff588ac0c2667a
0x280314,0xd57d0,2100,0x27ba30,0x20,0x0,0xeb0a7adff114440
0x280910,0xd5790,2098,0x27b770,0x20,0x0,0x3e2d647c22a0ab7f
0x2809c4,0xd57f0,2101,0x27bb90,0x20,0x0,0x80c5a3e90f157dc1
0x280c48,0xd5810,2102,0x27bcf0,0x20,0x0,0x8dd9972e2dafd188
0x280cf8,0xd5850,2104,0x27bfb0,0x20,0x0,0xbb389e76d4cc16dc
0x280fd8,0xd5830,2103,0x27be50,0x20,0x0,0xe5ee987e3073f967
0x2812e8,0xd58d0,2108,0x27c530,0x20,0x0,0x1b0093d7517da707
0x281544,0xd58f0,2109,0x27c690,0x20,0x0,0x615b07b7d9bfc89f
0x281a34,0xd5930,2111,0x27c950,0x20,0x0,0x982a7e3489a99c40
0x281bc8,0xd59b0,2115,0x27ced0,0x20,0x0,0x261732ee003b5742
0x281dac,0xd5a30,2119,0x27d450,0x20,0x0,0x5632b5fc0b3a5c31
0x281fa8,0xd5a70,2121,0x27d710,0x20,0x0,0x9d129ebf7c8c78c0
0x282200,0xd5b70,2129,0x27e230,0x20,0x0,0x5ab9e0979fa36f08
0x282338,0xd5b90,2130,0x27e390,0x20,0x0,0x3c38e7ec6ddf8bda
0x28253c,0xd5bd0,2132,0x27e650,0x20,0x0,0xd348d157b3c189c6
0x28260c,0xd5bf0,2133,0x27e7b0,0x20,0x0,0xb9b9814c03f5c21a
0x282748,0xd5c10,2134,0x27e910,0x20,0x0,0xf91dc101d6cccf74
0x2827f4,0xd5850,2104,0x27bfb0,0x20,0x0,0xbb389e76d4cc16dc
0x282c64,0xd5c30,2135,0x27ea70,0x20,0x0,0xe44f24c55398d4ae
0x282e8c,0xd5c50,2136,0x27ebd0,0x20,0x0,0x57731a88fc30ecd3
0x283050,0xd5c70,2137,0x27ed30,0x20,0x0,0x4258b7f153c5ecff
0x283184,0xd5c90,2138,0x27ee90,0x20,0x0,0x441d267e16527bc8
0x28326c,0xd5010,2038,0x2764f0,0x20,0x0,0xe5ebe096e04d5d36
0x2832cc,0xd5cb0,2139,0x27eff0,0x20,0x0,0x622b428b93210478
0x2833d8,0xd5030,2039,0x276650,0x20,0x0,0x6714e8d9c9b908d8
0x2834f8,0xd5030,2039,0x276650,0x20,0x0,0x6714e8d9c9b908d8
0x283564,0xd5cd0,2140,0x27f150,0x20,0x0,0xb887f41aca0ded18
0x283724,0xd5cf0,2141,0x27f2b0,0x20,0x0,0x8f163fb87063f8f0
0x28393c,0xd5d10,2142,0x27f410,0x20,0x0,0x93294e511de7b1b7
0x283b20,0xd5d30,2143,0x27f570,0x20,0x0,0x575ba90313b68bbd
0x283d90,0xd5d50,2144,0x27f6d0,0x20,0x0,0xdc5f83b6f774e73c
0x283f1c,0xd5d70,2145,0x27f830,0x20,0x0,0xec16e4bed6545d4f
0x2841b0,0xd5d90,2146,0x27f990,0x20,0x0,0x46c303393eff9d4b
0x2842dc,0xd5010,2038,0x2764f0,0x20,0x0,0xe5ebe096e04d5d36
0x284584,0xd5df0,2149,0x27fdb0,0x20,0x0,0x91e9275dc7f993a4
0x284748,0xd5010,2038,0x2764f0,0x20,0x0,0xe5ebe096e04d5d36
0x2847a0,0xd5e30,2151,0x280070,0x20,0x0,0x5e9594af9b726513
0x284b38,0xd5e50,2152,0x2801d0,0x20,0x0,0xf96e564a43170dcd
0x284ec4,0xd5e70,2153,0x280330,0x20,0x0,0xe0311edae72b365d
0x285188,0xd5e90,2154,0x280490,0x20,0x0,0x8c28f907ccb25c1b
0x285340,0xd5eb0,2155,0x2805f0,0x20,0x0,0x8af37f44d8acf06b
0x2855f8,0xd5ed0,2156,0x280750,0x20,0x0,0xcd8dae7f7e8379e5
0x2857fc,0xd5f10,2158,0x280a10,0x20,0x0,0x292afcfdb667f05f
0x285920,0xd5f70,2161,0x280e30,0x20,0x0,0xf9c5ef332d7ff20c
0x285af8,0xd5ff0,2165,0x2813b0,0x20,0x0,0x54fff978b3f63762
0x285c44,0xd6010,2166,0x281510,0x20,0x0,0x2f23748c6d82df9b
0x285e64,0xd6050,2168,0x2817d0,0x20,0x0,0x9435d32f239d0dd7
0x2861a8,0xd6070,2169,0x281930,0x20,0x0,0xb747138e33feaaa9
0x286310,0xd50d0,2044,0x276d30,0x20,0x0,0x5768ccd2aaf89b40
0x28649c,0xd6090,2170,0x281a90,0x20,0x0,0x2aba81bca7ea7d42
0x2866b8,0xd60b0,2171,0x281bf0,0x20,0x0,0xf443c2a34953fb64
0x286c1c,0xd60f0,2173,0x281eb0,0x20,0x0,0xbf19b111ba11bd1c
0x287f28,0xd6110,2174,0x282010,0x20,0x0,0xd0b15a6e345df91d
0x28803c,0xd6130,2175,0x41ae38,0x98,0x100,0x18274b08bcfa8a73
0x2880f8,0xd6150,2176,0x5b0afc,0xb4,0x100,0x1e25a16c0bd211f0
0x2881b4,0xd6170,2177,0x48d264,0x88,0x100,0xaa90714b0d07a1c4
0x288270,0xd6190,2178,0x259494,0x164,0x100,0xe7058c316423fe98
0x288370,0xd61b0,2179,0x2e8b14,0x2c,0x100,0x4ff6727357556578
0x288458,0xd61d0,2180,0x5b12fc,0x80,0x100,0xc74e1b5e849d62ef
0x28852c,0xd6210,2182,0x60a7e0,0x334,0x100,0x63ddc362cc4b739f
0x288634,0xd6230,2183,0x4d6b44,0x19c4,0x100,0xe3d562803a0bbffe
0x288708,0xd6250,2184,0x366090,0x1a0,0x100,0x1cb2ef182b828f77
0x2887c4,0xd6270,2185,0x611be0,0x150,0x100,0x5b8089360d987861
0x2887fc,0xd6010,2166,0x281510,0x20,0x0,0x2f23748c6d82df9b
0x288880,0xd62b0,2187,0x3b7974,0x158,0x100,0xd3e16241692f9d04
0x28893c,0xd62d0,2188,0x492e64,0x98,0x100,0xd61b145cd2a52e19
0x2889f8,0xd62f0,2189,0x25c294,0x8b8,0x100,0x3971755d22d74b13
0x288a30,0xd6010,2166,0x281510,0x20,0x0,0x2f23748c6d82df9b
0x288adc,0xd6330,2191,0x536520,0xb94,0x100,0xdb9b0dd241b165eb
0x288bdc,0xd6350,2192,0x2f2514,0x190,0x100,0xebfedc8078a2e06d
0x288cc4,0xd6370,2193,0x428738,0x28,0x100,0xb5a569b4feaf0ada
0x288db4,0xd6390,2194,0x483f64,0x90,0x100,0x8a099d8eac9e54c4
0x288eb4,0xd63b0,2195,0x60fee0,0x34,0x100,0xc3a665e4deeaed30
0x288f70,0xd63d0,2196,0x52c220,0x200,0x100,0x7259edc07de95676
0x288fa8,0xd6010,2166,0x281510,0x20,0x0,0x2f23748c6d82df9b
0x289058,0xd63f0,2197,0x5a9dfc,0x1268,0x100,0x32ee6803d5832a71
0x289090,0xd6010,2166,0x281510,0x20,0x0,0x2f23748c6d82df9b
0x28914c,0xd6410,2198,0x49a464,0x3c8,0x100,0xe87be5a18afd8c60
0x289254,0xd6430,2199,0x2910cc,0x28,0x100,0x1dcd6103e09e97d5
0x289344,0xd6450,2200,0x36d590,0x28,0x100,0x6d280147f1893c27
0x28942c,0xd6470,2201,0x53c520,0x3c,0x100,0x550b46a957096a1b
0x289464,0xd6010,2166,0x281510,0x20,0x0,0x2f23748c6d82df9b
0x28951c,0xd64b0,2203,0x430838,0x2c,0x100,0xd8340206555f9056
0x289604,0xd64d0,2204,0x4d4844,0x2c,0x100,0x20e445570917fc65
0x2896c0,0xd6510,2206,0x52eb20,0xbc,0x100,0x3ee44eba3793c565
0x28977c,0xd6530,2207,0x487064,0x204,0x100,0xe51895056ebd8e96
0x289838,0xd6550,2208,0x22b434,0x3ec,0x100,0xb8a8fcac8a9228
0x289870,0xd6010,2166,0x281510,0x20,0x0,0x2f23748c6d82df9b
0x2898f4,0xd6590,2210,0x419138,0x44c,0x100,0xeb4aeac25d05cc8
0x2899b0,0xd65d0,2212,0x42fe38,0x420,0x100,0x8a9cd11d910de840
0x289a6c,0xd6610,2214,0x5b38fc,0x1d8,0x100,0x99e475d6eefb1ae4
0x289b28,0xd6630,2215,0x608ae0,0x13c,0x100,0xaeca958409f2bb52
0x289be4,0xd6650,2216,0x266e94,0x1e0,0x100,0xf357f3e773fa1235
0x289ca0,0xd6670,2217,0x25d194,0x200,0x100,0xf3b366b7b3bda858
0x289d5c,0xd6690,2218,0x67e020,0x1bc,0x100,0x7e35c8a097da0cb1
0x289e44,0xd66d0,2220,0x224234,0x90,0x100,0xc323e858c3f88cb1
0x289f00,0xd66f0,2221,0x691648,0x60,0x100,0xcc85368c51fcf075
0x289fbc,0xd6710,2222,0x4c8444,0xe0,0x100,0x538febd41253189
0x28a078,0xd6730,2223,0x376690,0x9c,0x100,0x7e92bec94886a391
0x28a134,0xd6770,2225,0x49fa64,0x94,0x100,0x298f51cef59f50e2
0x28a204,0xd6790,2226,0x3b6774,0xc8,0x100,0xa40bb4c548d1aefe
0x28a2c0,0xd67b0,2227,0x370590,0x158,0x100,0xf848fa020bc5ab2c
0x28a37c,0xd68b0,2235,0x21ea20,0x60,0x10,0x2146e9e6da89345e
0x28a438,0xd68d0,2236,0x313b3c,0x7c,0x100,0x46d32e6bd0e259d0
0x28a4f4,0xd6910,2238,0x375990,0x120,0x100,0x844360dbfa36a7a0
0x28a5b0,0xd69d0,2244,0x370c90,0x6c,0x100,0x11e476d8668bbd7b
0x28a66c,0xd6a30,2247,0x3bcb98,0x2c,0x100,0xef2af2908b877c09
0x28a728,0xd6a50,2248,0x638ff8,0x54,0x100,0x65c79b8b7949f789
0x28a810,0xd6ab0,2251,0x538720,0x4c,0x100,0x320bc72ef319d74
0x28a8f8,0xd6ad0,2252,0x55bf4c,0x124,0x100,0x1338ba3a672c509c
0x28a9ec,0xd6b70,2257,0x25f894,0xa98,0x100,0xb4b099a2e4ec4592
0x28aaec,0xd6b90,2258,0x52a120,0x368,0x100,0xd777247b6d781a33
0x28ab24,0xd6010,2166,0x281510,0x20,0x0,0x2f23748c6d82df9b
0x28abec,0xd6bb0,2259,0x67d320,0x22c,0x100,0xa68dacc60609bc2f
0x28acec,0xd6bd0,2260,0x4d0e44,0xaa4,0x100,0xc821a26b86794cb3
0x28add4,0xd6bf0,2261,0x261094,0x34,0x100,0x1bed63b0beebcc25
0x28aeec,0xd6c10,2262,0x49e464,0x170,0x100,0x752c5ccb75c80ebe
0x28aff0,0xd6c30,2263,0x228134,0x48,0x100,0xf590c45336ce952
0x28b028,0xd6010,2166,0x281510,0x20,0x0,0x2f23748c6d82df9b
0x28b0f0,0xd6c50,2264,0x48ab64,0x7ac,0x100,0x25cc456e6a6ca5f0
0x28b1ac,0xd6c70,2265,0x42a138,0x128,0x100,0x9c22e1e459e7bc91
0x28b268,0xd6c90,2266,0x395f54,0x1ac,0x100,0x346f5458bdc7d89f
0x28b324,0xd6cb0,2267,0x2ebb14,0x2a8,0x100,0xb1cfdf9fbc4a401f
0x28b3e0,0xd6d50,2272,0x369c90,0x68,0x100,0x689cafa580027387
0x28b418,0xd6010,2166,0x281510,0x20,0x0,0x2f23748c6d82df9b
0x28b49c,0xd6d70,2273,0x2e9c14,0x2a0,0x100,0xe89641e242e9778a
0x28b4d4,0xd6010,2166,0x281510,0x20,0x0,0x2f23748c6d82df9b
0x28b558,0xd6d90,2274,0x4cb644,0x28,0x100,0xf8dbdd5546d4b02e
0x28b614,0xd6db0,2275,0x291dcc,0x170,0x100,0x5879b2dc3552a192
0x28b6fc,0xd6dd0,2276,0x4a1964,0x8c,0x100,0xf684cfe714fd0ed6
0x28b734,0xd6010,2166,0x281510,0x20,0x0,0x2f23748c6d82df9b
0x28b7b8,0xd6df0,2277,0x312a3c,0x64,0x100,0xa8e41e9ad3c8bc26
0x28b874,0xd6e10,2278,0x638a2c,0xe4,0xe0,0xcd058f0f59722406
0x28b930,0xd6e30,2279,0x4c8a44,0xd8,0x100,0x936f74ebd9333e04
0x28b9ec,0xd6e50,2280,0x53ce20,0xd4,0x100,0xab58826ac86e5938
0x28baa8,0xd6e70,2281,0x25d994,0x48,0x100,0xd3bf6dfc5aa0a84e
0x28bb64,0xd6e90,2282,0x495c64,0xb4,0x100,0x51e6416f3eca520e
0x28bc20,0xd6eb0,2283,0x28a5cc,0xb4,0x100,0xfdd257dd75e4ac2
0x28bc58,0xd6010,2166,0x281510,0x20,0x0,0x2f23748c6d82df9b
0x28bcdc,0xd6ed0,2284,0x52af20,0x268,0x100,0x2cf4c4482f15360
0x28bd98,0xd6ef0,2285,0x483b64,0x3b8,0x100,0xf80b3318495fda41
0x28be54,0xd6f10,2286,0x496664,0x164,0x100,0xef5363b894b10e6b
0x28bf10,0xd6f50,2288,0x228234,0x138,0x100,0xede3dce8ba9895f4
0x28bf48,0xd6010,2166,0x281510,0x20,0x0,0x2f23748c6d82df9b
0x28bfcc,0xd7030,2295,0x2f4714,0xa0,0x100,0x477ac77e0df94c9
0x28c004,0xd7010,2294,0x4cf644,0xd8,0x100,0xd2612633e885697d
0x28c088,0xd7050,2296,0x534120,0x260,0x100,0xf4495df91719cd44
0x28c144,0xd7070,2297,0x262394,0x23c,0x100,0x2657f2c91b8e5aa8
0x28c200,0xd7090,2298,0x28e0cc,0x38,0x100,0x21dc528babaea92a
0x28c2bc,0xd70b0,2299,0x31193c,0x168,0x100,0x14c6ef07b9bd69de
0x28c378,0xd70d0,2300,0x63e8b0,0x13c,0x100,0xb88eac897c4ffc8b
0x28c434,0xd7310,2318,0x265894,0x120,0x100,0xfd725db5b715d6f0
0x28c4f0,0xd7370,2321,0x6c9ac8,0xc8,0x100,0x1f8b90d64b6c1221
0x28c5ac,0xd7390,2322,0x53bc20,0x180,0x100,0x8e73fde0747f4235
0x28c668,0xd74d0,2332,0x53a720,0x184,0x100,0xb95461a81b00f4ff
0x28c758,0xd74f0,2333,0x2e8214,0x54,0x100,0x20af835b8f7fb230
0x28c814,0xd7590,2338,0x55a04c,0x150,0x100,0xdda728b94a146a06
0x28c84c,0xd7010,2294,0x4cf644,0xd8,0x100,0xd2612633e885697d
0x28c8d0,0xd75d0,2340,0x395a54,0x1bc,0x100,0x4fbabf6a86579e0b
0x28c98c,0xd7630,2343,0x227234,0xb0,0x100,0xc7a9fac1218891c7
0x28c9c4,0xd7010,2294,0x4cf644,0xd8,0x100,0xd2612633e885697d
0x28ca48,0xd76d0,2348,0x48d464,0x160,0x100,0x86e5f2735b6af7c5
0x28cb38,0xd7770,2353,0x2f1314,0x58,0x100,0x1dd57378fc5d5a56
0x28cc50,0xd77d0,2356,0x3b5e74,0x404,0x100,0xa32a2972dc96e2ea
0x28cd0c,0xd77f0,2357,0x496764,0x270,0x100,0x8154122a70f98bca
0x28cdc8,0xd7810,2358,0x31463c,0xb8,0x100,0x79113867eb829dda
0x28ce00,0xd7010,2294,0x4cf644,0xd8,0x100,0xd2612633e885697d
0x28ce84,0xd7830,2359,0x49ae64,0x17c,0x100,0x82b23ae001b0cf1
0x28cf40,0xd7870,2361,0x3b7174,0xa0,0x100,0x2581c4e07db51c8e
0x28cffc,0xd78f0,2365,0x4cda44,0x1a8,0x100,0x333cfe15acd0d978
0x28d0b8,0xd7910,2366,0x489764,0x30,0x100,0xbb8113693ec22ad0
0x28d0f0,0xd7010,2294,0x4cf644,0xd8,0x100,0xd2612633e885697d
0x28d174,0xd7930,2367,0x53cb20,0x258,0x100,0xb30b214f89268a1b
0x28d264,0xd7950,2368,0x432238,0x58,0x100,0x741aac886909401f
0x28d320,0xd7970,2369,0x394854,0x1c0,0x100,0x4cd740bb4d83c062
0x28d3dc,0xd7990,2370,0x392954,0x94c,0x100,0x851300f4e0a284b8
0x28d498,0xd79b0,2371,0x60e1e0,0xec,0x100,0x219563493d36f68e
0x28d4d0,0xd7010,2294,0x4cf644,0xd8,0x100,0xd2612633e885697d
0x28d554,0xd79f0,2373,0x49b664,0x14c,0x100,0x786a9ef5f5dcfc2
0x28d610,0xd7a10,2374,0x394e54,0x108,0x100,0x78cd175ed2578351
0x28d648,0xd7010,2294,0x4cf644,0xd8,0x100,0xd2612633e885697d
0x28d6cc,0xd7b70,2385,0x492564,0x394,0x100,0x98a55197c2d40dd5
0x28d788,0xd7cb0,2395,0x2eac14,0xa0,0x100,0xd72f30da9e1510b5
0x28d844,0xd7cd0,2396,0x42f638,0x24,0x100,0xab10f6e16f3bf16f
0x28d900,0xd7d30,2399,0x417938,0x208,0x100,0x92aaa7025368fdd0
0x28d938,0xd7010,2294,0x4cf644,0xd8,0x100,0xd2612633e885697d
0x28d9bc,0xd7d50,2400,0x202b34,0x90,0x100,0x39d6c9166914c644
0x28daac,0xd7d90,2402,0x28c5cc,0x4c,0x100,0x1541c0943bdb3a40
0x28dae4,0xd7010,2294,0x4cf644,0xd8,0x100,0xd2612633e885697d
0x28db68,0xd7db0,2403,0x4c7e44,0x194,0x100,0x97a3eae6cee5d83b
0x28dc24,0xd7dd0,2404,0x2893cc,0x168,0x100,0x13da010fdbe4319b
0x28dce0,0xd7df0,2405,0x4d7d44,0x1cc,0x100,0x53c8f6b5e24e869f
0x28dd18,0xd7010,2294,0x4cf644,0xd8,0x100,0xd2612633e885697d
0x28ddd0,0xd7e10,2406,0x6ba310,0x60,0x100,0xa2c9dde707d32be4
0x28de8c,0xd7e70,2409,0x393154,0x3a4,0x100,0xf3655f890275489b
0x28df48,0xd7e90,2410,0x5badfc,0x370,0x100,0xbd826cabdb1683ae
0x28e004,0xd7eb0,2411,0x265894,0x2d4,0x100,0x79a503e8adaf6ef2
0x28e0c0,0xd7ed0,2412,0x4d9a44,0x1e0,0x100,0xd8349d183dd15ab1
0x28e1b0,0xd7ef0,2413,0x5b19fc,0x58,0x100,0x634851aa33860773
0x28e26c,0xd7f10,2414,0x53d220,0xa8,0x100,0x6aebd5988f62474c
0x28e328,0xd7f30,2415,0x42d438,0xa0,0x100,0xe0278fe9552d06ee
0x28e360,0xd7010,2294,0x4cf644,0xd8,0x100,0xd2612633e885697d
0x28e3e4,0xd7f50,2416,0x60c9e0,0x16c,0x100,0x254e2af62e0cb864
0x28e4a0,0xd7f70,2417,0x2eb914,0x158,0x100,0xcec4dc71ff808e93
0x28e590,0xd8010,2422,0x4cb944,0x50,0x100,0x8e0ebab52c717a77
0x28e64c,0xd8030,2423,0x2927cc,0x1a4,0x100,0x7bf0631b6401e6ef
0x28e708,0xd80d0,2428,0x55904c,0x13c,0x100,0x5afd70d51f9e02cf
0x28e7f8,0xd8130,2431,0x52ef20,0x5c,0x100,0x9a59d96266a188b8
0x28e8b4,0xd8150,2432,0x420938,0x190,0x100,0xa850ccc640d8bd98
0x28e9a4,0xd8170,2433,0x69ba0c,0x54,0x100,0x48e5f28650fac8f0
0x28ea94,0xd8190,2434,0x5baffc,0x54,0x100,0x6da160c650649a4a
0x28eb50,0xd81b0,2435,0x481464,0x188,0x100,0x531a35f6ea2ab638
0x28ec0c,0xd81d0,2436,0x5b92fc,0x1ec,0x100,0x8ba55fa70731838
0x28ecc8,0xd81f0,2437,0x487364,0x58,0x100,0x401dcdc87cda396
0x28ed00,0xd8010,2422,0x4cb944,0x50,0x100,0x8e0ebab52c717a77
0x28ed84,0xd8210,2438,0x4d9444,0x188,0x100,0xf2701b6967ef002e
0x28ee40,0xd8230,2439,0x431338,0x190,0x100,0x2f6e5b67f33b41ff
0x28ee78,0xd8010,2422,0x4cb944,0x50,0x100,0x8e0ebab52c717a77
0x28eefc,0xd8250,2440,0x60b2e0,0x168,0x100,0xd87156f61ff5d561
0x28efb8,0xd8270,2441,0x6c3c1c,0x2c,0x100,0x4a5004f10aeddceb
0x28eff0,0xd8010,2422,0x4cb944,0x50,0x100,0x8e0ebab52c717a77
0x28f074,0xd8290,2442,0x538020,0x144,0x100,0x23fc7d59c1f4d549
0x28f0ac,0xd8010,2422,0x4cb944,0x50,0x100,0x8e0ebab52c717a77
0x28f15c,0xd82b0,2443,0x2f4914,0x8c,0x100,0xc21716379fc89914
0x28f194,0xd8010,2422,0x4cb944,0x50,0x100,0x8e0ebab52c717a77
0x28f218,0xd82d0,2444,0x26e500,0x60,0x100,0xeaa236d17b662856
0x28f2d4,0xd82f0,2445,0x391354,0x1a8,0x100,0xef8f21e9182cd70d
0x28f390,0xd8310,2446,0x6025e0,0x54,0x100,0xe2e59576bf83683f
0x28f44c,0xd8330,2447,0x533a20,0x24c,0x100,0x571eb4d3ef8c9f2
0x28f508,0xd83d0,2452,0x5a89fc,0xe0,0x100,0x8717067e49068fb5
0x28f5c4,0xd83f0,2453,0x233a08,0xe8,0x100,0x7d99c59cfe926de5
0x28f680,0xd8410,2454,0x4d7244,0xac,0x100,0xd2ab3c0181524dbe
0x28f73c,0xd8430,2455,0x3ad1d0,0x9c,0x100,0xae63a1c77c91222d
0x28f7f8,0xd8450,2456,0x430c38,0x13c,0x100,0x9fc115aafe2fbd8a
0x28f8b4,0xd8470,2457,0x426938,0x158,0x100,0xc0a15e00d5c23211
0x28f970,0xd8490,2458,0x31443c,0x80,0x100,0x3769e3ee6a968593
0x28fa2c,0xd84b0,2459,0x6144e0,0x68,0x100,0x87acb968ceba272d
0x28fa64,0xd8010,2422,0x4cb944,0x50,0x100,0x8e0ebab52c717a77
0x28fae8,0xd84d0,2460,0x2e9314,0x8c,0x100,0xac03e081b7f8ba0a
0x28fba4,0xd84f0,2461,0x480164,0x350,0x100,0x5e749eb12baffdab
0x28fc60,0xd8510,2462,0x375790,0x204,0x100,0x1bc5a3341d057592
0x28fd1c,0xd8530,2463,0x2f1614,0x4d4,0x100,0x2a1463f417618f33
0x28fdd8,0xd8550,2464,0x49c164,0x384,0x100,0x6ca60f0ba16deb76
0x28fe94,0xd8570,2465,0x489d64,0x1ac,0x100,0xd96506634fdc4497
0x28ff50,0xd8590,2466,0x41f838,0xb8,0x100,0xf12ac3a53cbb03db
0x29000c,0xd85b0,2467,0x602ce0,0x140,0x100,0x3ce12b0e92bb0a64
0x2900c8,0xd85d0,2468,0x267a94,0xe8,0x100,0x122248fb824d6c6b
0x290184,0xd85f0,2469,0x531020,0x38,0x100,0x1f19d5e371bdf836
0x2901bc,0xd8010,2422,0x4cb944,0x50,0x100,0x8e0ebab52c717a77
0x290240,0xd8610,2470,0x55ba4c,0x180,0x100,0xc8d3fdc5feff00ef
0x2902fc,0xd8630,2471,0x371390,0x9c,0x100,0xc6778663721d1644
0x2903b8,0xd8650,2472,0x60cee0,0x30,0x100,0x353508c542bdba12
0x2904a8,0xd8670,2473,0x6c917c,0x68,0x100,0x6cc08dd8c38fbf5e
0x290590,0xd8690,2474,0x48c564,0x4c,0x100,0x3c2a4c9ac694e3f8
0x2905c8,0xd8010,2422,0x4cb944,0x50,0x100,0x8e0ebab52c717a77
0x290678,0xd86b0,2475,0x2e9114,0x44,0x100,0xe253a63a8006c95e
0x2906b0,0xd8010,2422,0x4cb944,0x50,0x100,0x8e0ebab52c717a77
0x290768,0xd86d0,2476,0x4cbb44,0x64,0x100,0x8fb4cc8feaa58452
0x290824,0xd86f0,2477,0x2886cc,0x150,0x100,0xaaf700e9c05cdb00
0x29085c,0xd8010,2422,0x4cb944,0x50,0x100,0x8e0ebab52c717a77
0x290924,0xd8730,2479,0x374b90,0x1d0,0x100,0x314ace67820e4ebd
0x290a14,0xd8790,2482,0x49f364,0x64,0x100,0x8536860cbc4b0d4c
0x290ad0,0xd87b0,2483,0x6162e0,0x98,0x100,0x22fda9a6e70ebbde
0x290bc0,0xd87f0,2485,0x4a1264,0x64,0x100,0xc4c8259af96aaa16
0x290c7c,0xd8850,2488,0x373b90,0x1b4,0x100,0x9a8c25338f5342aa
0x290d6c,0xd8870,2489,0x263e94,0x4c,0x100,0xd49b44576a275fac
0x290da4,0xd8010,2422,0x4cb944,0x50,0x100,0x8e0ebab52c717a77
0x290e28,0xd8890,2490,0x264594,0x190,0x100,0xdef096687c9720ea
0x290ee4,0xd8a90,2506,0x366e90,0x1bc,0x100,0x87837ec493195080
0x290f1c,0xd8010,2422,0x4cb944,0x50,0x100,0x8e0ebab52c717a77
0x290fa0,0xd8ab0,2507,0x52ef20,0x194,0x100,0xdfb88792a8593a32
0x29105c,0xd8ad0,2508,0x3ad2d0,0x158,0x100,0xb3f67b2f17d00363
0x291118,0xd8af0,2509,0x2f2614,0x1e4,0x100,0xf47dbb7c486ff2f0
0x2911d4,0xd8b10,2510,0x258d94,0x284,0x100,0x6315e109bde22903
0x2912bc,0xd8b30,2511,0x36ed90,0x1f0,0x100,0x24ea0c8c92b4c05f
0x2912f4,0xd8010,2422,0x4cb944,0x50,0x100,0x8e0ebab52c717a77
0x291378,0xd8b50,2512,0x4d5944,0x370,0x100,0x15ea057f33e5ce61
0x291434,0xd8b70,2513,0x225d34,0x94,0x100,0x1ea5a0caf9503d00
0x2914f0,0xd8b90,2514,0x378790,0x3ac,0x100,0x12636272613695e4
0x2915ac,0xd8bb0,2515,0x313d3c,0x284,0x100,0xae58c9b71b446b11
0x2915e4,0xd8010,2422,0x4cb944,0x50,0x100,0x8e0ebab52c717a77
0x291668,0xd8bd0,2516,0x66f8b0,0x158,0x100,0x757598c9b078a773
0x291724,0xd8bf0,2517,0x311f3c,0x70,0x100,0xb92ebeed5be5167b
0x2917e0,0xd8c10,2518,0x228534,0x1d8,0x100,0x4543bd2ee5fee703
0x29189c,0xd8c30,2519,0x4d5c44,0x70,0x100,0x316927331c406850
0x291958,0xd8c50,2520,0x266294,0x1b0,0x100,0x1c2868cee46c4035
0x291a14,0xd8c70,2521,0x3acad0,0x1b0,0x100,0xbc464567860566b7
0x291a4c,0xd8010,2422,0x4cb944,0x50,0x100,0x8e0ebab52c717a77
0x291ad0,0xd8c90,2522,0x36de90,0x48,0x100,0x5874a28b7467bedd
0x291b8c,0xd8cb0,2523,0x487964,0x84,0x100,0x4b095bb8d6ef8399
0x291c48,0xd8cd0,2524,0x421d38,0x2a0,0x100,0x2da3a910ddc0c50c
0x291d04,0xd8cf0,2525,0x6c3a1c,0xf8,0x100,0x236a9e2aded88e7a
0x291dc0,0xd8d10,2526,0x41da38,0x18c,0x100,0x66057e267f47531a
0x291e7c,0xd8d30,2527,0x260e94,0x1a4,0x100,0x1c1b728bf79ab63b
0x291f38,0xd8d70,2529,0x427138,0x3e4,0x100,0x80fb3d594b48dac8
0x291ff4,0xd8e10,2534,0x485964,0x1dc,0x100,0x2278242fb73e8b56
0x2920b0,0xd8e50,2536,0x26d900,0xb8,0x100,0x70cfff5993dab5bd
0x29216c,0xd8e90,2538,0x36cd90,0x33c,0x100,0x5f6eaf7d04ef712
0x292228,0xd8eb0,2539,0x373390,0x2a4,0x100,0x455615e3000e8d70
0x2922e4,0xd8ef0,2541,0x48c564,0x218,0x100,0xa8699ef7d985bd2c
0x2923a0,0xd8f10,2542,0x4cbe44,0x144,0x100,0xd2311dedd9f7b329
0x29245c,0xd8f30,2543,0x495a64,0x114,0x100,0xc6bb3d2712390ec1
0x292518,0xd8f50,2544,0x418338,0xa0,0x100,0x6ef49d57408a5dd7
0x2925d4,0xd8f70,2545,0x4ca644,0x140,0x100,0xffde5ac2bb5fd4b5
0x292690,0xd8f90,2546,0x4d8344,0xf4,0x100,0x1f2ab1ffc29f1d2d
0x2926c8,0xd8010,2422,0x4cb944,0x50,0x100,0x8e0ebab52c717a77
0x29274c,0xd8fb0,2547,0x48e064,0xd8,0x100,0xf3674f6863fa32e4
0x292808,0xd8fd0,2548,0x377890,0x10c,0x100,0xd72c651bdbc9d603
0x2928c4,0xd8ff0,2549,0x482d64,0x380,0x100,0x531d024b5d0a4768
0x292980,0xd9010,2550,0x537620,0xa4,0x100,0xb513c8f0f96056f4
0x2929b8,0xd9010,2550,0x537620,0xa4,0x100,0xb513c8f0f96056f4
0x292a3c,0xd9030,2551,0x652ef4,0xe8,0x100,0xbf817cd30ab8911d
0x292af8,0xd9050,2552,0x5b20fc,0x1bc,0x100,0xe32ff1861edc091f
0x292bb4,0xd9070,2553,0x492864,0x9c,0x100,0x3756f40bcc9fef7
0x292c70,0xd9090,2554,0x28ffcc,0x124,0x100,0xf047062d4def20dc
0x292d2c,0xd90b0,2555,0x49b764,0xa4,0x100,0xe93dd01d4ec4c8f6
0x292de8,0xd90d0,2556,0x63640c,0x138,0xc0,0xce82c316cb516fe6
0x292ea4,0xd90f0,2557,0x421638,0x120,0x100,0xc2ffe17227d4df4a
0x292f60,0xd9110,2558,0x365d90,0x1b0,0x100,0xa1cc0529a387ac5b
0x29301c,0xd9130,2559,0x5b24fc,0x104,0x100,0xd6a4826237ba1d27
0x2930d8,0xd9150,2560,0x3a4534,0x11c,0x100,0x79687ad7512393f0
0x293194,0xd9170,2561,0x4ca944,0x98,0x100,0x2425e7fdd9a5739f
0x293250,0xd9190,2562,0x36a890,0x200,0x100,0xe06660f71f26f722
0x293340,0xd91b0,2563,0x489f64,0x4c,0x100,0x3c0acc42362e4c31
0x2933fc,0xd91d0,2564,0x53f220,0x3bc,0x100,0x1f389efb24678ab0
0x2934b8,0xd91f0,2565,0x63630c,0x7c,0x100,0x22e078f7c4493b7f
0x293574,0xd9210,2566,0x2edc14,0x184,0x100,0xda3bfdeffc9b07cf
0x293630,0xd9230,2567,0x262c94,0xe8,0x100,0x47fe9c4baa295ba1
0x293718,0xd9250,2568,0x55754c,0x78,0x100,0xa91bd514f0b5dd02
0x293800,0xd9270,2569,0x4a0664,0x48,0x100,0xc04c0d5e28d0ab7
0x2938e8,0xd9290,2570,0x6cbcc8,0x5c,0x100,0xce472f9fd454d5d4
0x2939a4,0xd92d0,2572,0x55bc4c,0x9c,0x100,0xdd7c5c0fd1c8644b
0x2939dc,0xd9010,2550,0x537620,0xa4,0x100,0xb513c8f0f96056f4
0x293a60,0xd92f0,2573,0x4cc544,0x90,0x100,0x2ef8250e4276eab4
0x293b1c,0xd9310,2574,0x61f4a0,0x1c4,0x100,0xc212acbb6e5f9f2a
0x293bd8,0xd9330,2575,0x49f564,0x54,0x100,0xef01a13f735a2b2c
0x293c94,0xd9350,2576,0x49fd64,0x214,0x100,0x316c29efedbe7e63
0x293d50,0xd9370,2577,0x539d20,0x54,0x100,0x328caa52e02e8877
0x293e0c,0xd9390,2578,0x41df38,0x98,0x100,0xa3231d4a5fdc60c6
0x293ec8,0xd9450,2584,0x232808,0x80,0x100,0xc406450d3a4912ad
0x293f84,0xd9470,2585,0x56004c,0x118,0x100,0x80fa673bdc720ba7
0x294040,0xd9490,2586,0x55934c,0x15c,0x100,0x7f82fc8d1d320fb5
0x2940fc,0xd94b0,2587,0x3b5f74,0x188,0x100,0x6d87c899eb4ab534
0x2941b8,0xd94d0,2588,0x495964,0x88,0x100,0xe15e0d8f32b94f79
0x294274,0xd94f0,2589,0x25d494,0x178,0x100,0x4f7e4a9527a0a0a6
0x294330,0xd9510,2590,0x264894,0x80,0x100,0xd22c54e4275546c4
0x2943ec,0xd9550,2592,0x225934,0x208,0x100,0x53bd3a9c69006602
0x2944a8,0xd9630,2599,0x293ccc,0x1a0,0x100,0xe96d033ff4c387da
0x294564,0xd9650,2600,0x4db944,0x348,0x100,0x5ec482eaf3a757dc
0x294620,0xd9670,2601,0x496d64,0x318,0x100,0x4140d4e7b6d03489
0x2946dc,0xd9690,2602,0x226634,0x1bc,0x100,0xdd85884f9f97332e
0x2947ac,0xd96b0,2603,0x2941cc,0x694,0x100,0xcef54d45d401c496
0x29483c,0xdcfd0,3060,0x2a94d0,0x20,0x0,0x5eed65e248f3f851
0x294b00,0xdcff0,3061,0x2a9630,0x20,0x0,0x12d1fe7c0258d95c
0x294e7c,0xdd010,3062,0x2a9790,0x20,0x0,0x6408fb161f075f0f
0x2951b8,0xdd030,3063,0x2a98f0,0x20,0x0,0x24792555a116a65
0x295798,0xdd050,3064,0x2a9a50,0x20,0x0,0xe21d77ff04ec7678
0x295b94,0xdd070,3065,0x2a9bb0,0x20,0x0,0xef394b64cd8be06b
0x296adc,0xdd0b0,3067,0x2a9e70,0x20,0x0,0x2c96044f68957d6d
0x296cf8,0xdd0d0,3068,0x2a9fd0,0x20,0x0,0x44da4660392ef2d5
0x297348,0xdd0f0,3069,0x2aa130,0x20,0x0,0xbbda949eb8387413
0x2975e8,0xdd110,3070,0x2aa290,0x20,0x0,0xefb7c822109825f6
0x2976c0,0xdd130,3071,0x2aa3f0,0x20,0x0,0x44e5494dd667a277
0x297a08,0xdd150,3072,0x2aa550,0x20,0x0,0xffd4fce8eafa6de
0x297c68,0xdd170,3073,0x2aa6b0,0x20,0x0,0xe4bef583c36858ca
0x297f34,0xdd190,3074,0x2aa810,0x20,0x0,0x92013750cc145a6f
0x29844c,0xdd1b0,3075,0x2aa990,0x20,0x0,0x17d381ac1f6ab852
0x29867c,0xdd1d0,3076,0x2aaaf0,0x20,0x0,0xc22d7225e6fa3c6f
0x2988b8,0xdd1f0,3077,0x2aac50,0x20,0x0,0x34e03706a54ac18f
0x298ad4,0xdd210,3078,0x2aadb0,0x20,0x0,0xb798cc669ae8bba0
0x298c54,0xdd270,3081,0x2ab1d0,0x20,0x0,0x3b097d7112af07c9
0x298f68,0xdd290,3082,0x2ab330,0x20,0x0,0x77237818ee4b49de
0x2992a8,0xdd2b0,3083,0x2ab490,0x20,0x0,0xec2fb6ecd0d6a0fc
0x2994c8,0xdd2d0,3084,0x2ab5f0,0x20,0x0,0x1c504111cb19bbfd
0x2996fc,0xdd2f0,3085,0x2ab750,0x20,0x0,0xae7af319eee92495
0x299948,0xdd310,3086,0x2ab8b0,0x20,0x0,0xab588df1bcaf8e48
0x299a24,0xdd350,3088,0x2abb70,0x20,0x0,0x538c7dec933738ad
0x299c64,0xdd370,3089,0x2abcd0,0x20,0x0,0x7e61848f52f8c96a
0x299f20,0xdd390,3090,0x2abe30,0x20,0x0,0x5a184791ab2c2768
0x29a210,0xdd3b0,3091,0x2abf90,0x20,0x0,0x8b33996f9e41b872
0x29a384,0xdd3f0,3093,0x2ac250,0x20,0x0,0x459b62182033c8a0
0x29a9f0,0xdd410,3094,0x2ac3b0,0x20,0x0,0x2bd6cb3843bde08c
0x29abd0,0xdd430,3095,0x2ac510,0x20,0x0,0x379b63647dc2afc8
0x29aeb0,0xdd470,3097,0x2ac7d0,0x20,0x0,0x8e5828adf507db16
0x29b0ec,0xdd490,3098,0x2ac930,0x20,0x0,0x89c81a52c5ccfb46
0x29b290,0xdd4b0,3099,0x2aca90,0x20,0x0,0xb77e619b9101273e
0x29b600,0xdd4d0,3100,0x2acbf0,0x20,0x0,0x4ba0a63ee4f2c4a4
0x29b804,0xdd4f0,3101,0x2acd50,0x20,0x0,0x3c0667c8d2bb450b
0x29baf4,0xdd590,3106,0x2ad430,0x20,0x0,0x57ee427405b016ca
0x29bce8,0xdd5b0,3107,0x2ad590,0x20,0x0,0x1400abf525519558
0x29bd90,0xdd5f0,3109,0x2ad850,0x20,0x0,0x755d26048d843256
0x29c118,0xdd5d0,3108,0x2ad6f0,0x20,0x0,0x8e2f1f28ebcabec6
0x29d8f8,0xdd610,3110,0x2ad9b0,0x20,0x0,0x2d5ac1751ae4fdfd
0x29db98,0xdd630,3111,0x2adb10,0x20,0x0,0xad4ca0ab56607fb7
0x29e57c,0xdd650,3112,0x2adc70,0x20,0x0,0x8330a0603faedc37
0x29edb0,0xdd670,3113,0x2addd0,0x20,0x0,0x760da04403ad164c
0x29ede8,0xde170,3201,0x2b56d0,0x20,0x0,0xba2656454578ddba
0x29ef50,0xde1d0,3204,0x2b5af0,0x20,0x0,0x4ac54759eedbf921
0x29f57c,0xdd5f0,3109,0x2ad850,0x20,0x0,0x755d26048d843256
0x29fa1c,0xdd690,3114,0x2adf30,0x20,0x0,0x8be9d065a9aed38f
0x2a0c08,0xdd6b0,3115,0x2ae090,0x20,0x0,0x504f54867ebe2095
0x2a11a4,0xdd6d0,3116,0x2ae1f0,0x20,0x0,0x7a88213fccac7582
0x2a18fc,0xdd6f0,3117,0x2ae350,0x20,0x0,0x879d4f3b62b418af
0x2a3104,0xdd710,3118,0x2ae4b0,0x20,0x0,0xd076628d21f0fada
0x2a455c,0xdd730,3119,0x2ae610,0x20,0x0,0xe4a4e9d1da0db6ac
0x2a481c,0xdfdb0,3427,0x2c8dd0,0x20,0x0,0x758d30386abda81f
0x2a48ac,0xde1d0,3204,0x2b5af0,0x20,0x0,0x4ac54759eedbf921
0x2a5950,0xdd750,3120,0x2ae770,0x20,0x0,0x13f256d8673a2df5
0x2a5b54,0xdfdd0,3428,0x2c8f30,0x20,0x0,0x790d356e78243cb3
0x2a5bf8,0xdfdf0,3429,0x2c9090,0x20,0x0,0x176153179db62177
0x2a60a4,0xdee50,3304,0x2be490,0x20,0x0,0x670a1f8ae1c02c91
0x2a6f9c,0xdd770,3121,0x2ae8d0,0x20,0x0,0x95a3859cc32ed83
0x2a75e4,0xdd790,3122,0x2aea30,0x20,0x0,0x41204f218dd53e60
0x2a78d8,0xdd7b0,3123,0x2aeb90,0x20,0x0,0x93b2722712a29298
0x2a914c,0xdd7d0,3124,0x2aecf0,0x20,0x0,0x37306181b2be8bc4
0x2a93b8,0xdd7f0,3125,0x2aee50,0x20,0x0,0x62f80b0798dfe29e
0x2a94a8,0xdd810,3126,0x2aefb0,0x20,0x0,0xb45440736f1b2403
0x2a97e8,0xdd830,3127,0x2af110,0x20,0x0,0x525748b5402e28d6
0x2a9958,0xdd850,3128,0x2af270,0x20,0x0,0x6fa1363d2ff02438
0x2aa178,0xdd870,3129,0x2af3d0,0x20,0x0,0x83167f88a49d5d79
0x2aaeb0,0xdd890,3130,0x2af530,0x20,0x0,0x1b252fdff672a38d
0x2ab540,0xdd8b0,3131,0x2af690,0x20,0x0,0x622f1cc721d8e11e
0x2ab738,0xdd8d0,3132,0x2af7f0,0x20,0x0,0xa2bbc0968a30baa5
0x2ab924,0xdd010,3062,0x2a9790,0x20,0x0,0x6408fb161f075f0f
0x2aba30,0xdd910,3134,0x2afab0,0x20,0x0,0x9574cac120e0c505
0x2abccc,0xdd930,3135,0x2afc10,0x20,0x0,0xfdcedc8174ba61de
0x2abf00,0xdd990,3138,0x2b0030,0x20,0x0,0xbd65d02859afa8aa
0x2ac1a8,0xdd9b0,3139,0x2b0190,0x20,0x0,0x45eed578e74edfc8
0x2ac4cc,0xdd9d0,3140,0x2b02f0,0x20,0x0,0x2384de51effdf6fd
0x2ac860,0xdd9f0,3141,0x2b0450,0x20,0x0,0x42e0ddc51e41bba2
0x2aca2c,0xdda10,3142,0x2b05b0,0x20,0x0,0x6d372b69025f8ac4
0x2acb0c,0xdda30,3143,0x2b0710,0x20,0x0,0xf08d7fc2476dbbb5
0x2acd08,0xdda50,3144,0x2b0870,0x20,0x0,0x2528fd086cdbaa9d
0x2ad070,0xdda90,3146,0x2b0b30,0x20,0x0,0x7125f3a9b6f01aaf
0x2ad30c,0xddab0,3147,0x2b0c90,0x20,0x0,0xfcd1a0b0c0167a89
0x2ad508,0xddad0,3148,0x2b0df0,0x20,0x0,0xad45225d2059a399
0x2ad814,0xddaf0,3149,0x2b0f50,0x20,0x0,0x44adcc777467553b
0x2ada08,0xddb10,3150,0x2b10b0,0x20,0x0,0x603fdad84753e18
0x2ae3d8,0xddb30,3151,0x2b1210,0x20,0x0,0xe3e40f7f49a9b3ca
0x2ae594,0xddb50,3152,0x2b1370,0x20,0x0,0x529a157b85963b98
0x2ae70c,0xddb70,3153,0x2b14d0,0x20,0x0,0x5930b90ce1d72e3b
0x2ae88c,0xddb90,3154,0x2b1630,0x20,0x0,0x4482a638d23a900f
0x2aeb10,0xddbb0,3155,0x2b1790,0x20,0x0,0xcff1a83ca08cbd08
0x2aebf0,0xddbd0,3156,0x2b18f0,0x20,0x0,0x33bb57a924b8f5a8
0x2aedac,0xddbf0,3157,0x2b1a50,0x20,0x0,0x6066c9a4f69b364f
0x2af004,0xddc10,3158,0x2b1bb0,0x20,0x0,0xfaf7db96fcccaa53
0x2af504,0xddc30,3159,0x2b1d10,0x20,0x0,0xd93955abc5447427
0x2af788,0xddc50,3160,0x2b1e70,0x20,0x0,0x35b9d86ce2701c1d
0x2af9e0,0xddc70,3161,0x2b1fd0,0x20,0x0,0x93a5bd777c02e843
0x2afbb8,0xddc90,3162,0x2b2130,0x20,0x0,0x53702fcb672687d7
0x2afd60,0xddcb0,3163,0x2b2290,0x20,0x0,0x6f8cecec2a4bac7
0x2afec4,0xddcd0,3164,0x2b23f0,0x20,0x0,0x40478045900588f8
0x2b0050,0xddcf0,3165,0x2b2550,0x20,0x0,0xa67030e3bd10039
0x2b0440,0xddd10,3166,0x2b26b0,0x20,0x0,0x506185b2cadc06ab
0x2b0928,0xddd30,3167,0x2b2810,0x20,0x0,0x82bdcff25bebd070
0x2b0bc4,0xddd70,3169,0x2b2ad0,0x20,0x0,0x963f4835b7f214d9
0x2b0fb4,0xddd90,3170,0x2b2c30,0x20,0x0,0xdd4a87fd59dfe153
0x2b13b0,0xdddb0,3171,0x2b2d90,0x20,0x0,0x277505fbd4157309
0x2b17ac,0xdddd0,3172,0x2b2ef0,0x20,0x0,0xd0232aa470147e6c
0x2b1a2c,0xdddf0,3173,0x2b3050,0x20,0x0,0x17679a9b0490abb8
0x2b1c14,0xdde10,3174,0x2b31b0,0x20,0x0,0x1b21905ebbd07178
0x2b1e9c,0xdde30,3175,0x2b3310,0x20,0x0,0x7901adb216e13759
0x2b2114,0xdde50,3176,0x2b3470,0x20,0x0,0x1a975a836a387eca
0x2b23bc,0xdde70,3177,0x2b35d0,0x20,0x0,0x69cda886322491a7
0x2b26cc,0xdde90,3178,0x2b3730,0x20,0x0,0x4315163932906fdb
0x2b2bf0,0xddeb0,3179,0x2b3890,0x20,0x0,0xeb5b83c14faa2414
0x2b2e70,0xdded0,3180,0x2b39f0,0x20,0x0,0x3412f7afb028c49c
0x2b30bc,0xddef0,3181,0x2b3b50,0x20,0x0,0x684abf9ede115061
0x2b3e68,0xddf10,3182,0x2b3cb0,0x20,0x0,0xecdd549b33e50a8b
0x2b4108,0xddf30,3183,0x2b3e10,0x20,0x0,0x179ba179494c3e53
0x2b43b0,0xddf50,3184,0x2b3f70,0x20,0x0,0xbc5e20aa2811410c
0x2b4714,0xddf70,3185,0x2b40d0,0x20,0x0,0xb0ff73e24565f081
0x2b493c,0xddf90,3186,0x2b4230,0x20,0x0,0xabb9e1b76571cf1d
0x2b4a54,0xddfb0,3187,0x2b4390,0x20,0x0,0xe1bda646e5ac48a0
0x2b5868,0xddfd0,3188,0x2b44f0,0x20,0x0,0x9e2c7f0cacf6573d
0x2b5a5c,0xddff0,3189,0x2b4650,0x20,0x0,0x3051e310380cf92e
0x2b5bd8,0xde010,3190,0x2b47b0,0x20,0x0,0x8bd2f36a1bbc95ad
0x2b6378,0xde030,3191,0x2b4910,0x20,0x0,0xbfdb05e98e3571c3
0x2b65bc,0xde050,3192,0x2b4a70,0x20,0x0,0xc735aa615ce6fb0f
0x2b67ac,0xde070,3193,0x2b4bd0,0x20,0x0,0xfccf15e8ca614d6c
0x2b67d0,0xde170,3201,0x2b56d0,0x20,0x0,0xba2656454578ddba
0x2b6908,0xde1d0,3204,0x2b5af0,0x20,0x0,0x4ac54759eedbf921
0x2b6ccc,0xde190,3202,0x2b5830,0x20,0x0,0x71df059e62464194
0x2b6ce0,0xdd5f0,3109,0x2ad850,0x20,0x0,0x755d26048d843256
0x2b70c4,0xde090,3194,0x2b4d30,0x20,0x0,0x9678d3211b41c88
0x2b7400,0xde0b0,3195,0x2b4e90,0x20,0x0,0x6274454f09abe5e8
0x2b7684,0xde170,3201,0x2b56d0,0x20,0x0,0xba2656454578ddba
0x2b7714,0xde1d0,3204,0x2b5af0,0x20,0x0,0x4ac54759eedbf921
0x2b7938,0xdedf0,3301,0x2be070,0x20,0x0,0x53320ce282e4694e
0x2b79e0,0xdd5f0,3109,0x2ad850,0x20,0x0,0x755d26048d843256
0x2b7c78,0xdee30,3303,0x2be330,0x20,0x0,0xed4e7771d844a5c7
0x2b7e2c,0xdee50,3304,0x2be490,0x20,0x0,0x670a1f8ae1c02c91
0x2b8140,0xde0d0,3196,0x2b4ff0,0x20,0x0,0xf319adbce357774a
0x2b83e0,0xde0f0,3197,0x2b5150,0x20,0x0,0x69fd6cb4b4a19268
0x2b852c,0xde110,3198,0x2b52b0,0x20,0x0,0x86d4ebfcc8ae9bf0
0x2b8710,0xde130,3199,0x2b5410,0x20,0x0,0xc9c8605a0e68f06b
0x2b87ec,0xde150,3200,0x2b5570,0x20,0x0,0x71d45655117e97c8
0x2b88a0,0xde1b0,3203,0x2b5990,0x20,0x0,0x80db77654abcf47
0x2b8ac8,0xde1f0,3205,0x2b5c50,0x20,0x0,0xe835e8ca3544b5a3
0x2b8c28,0xde210,3206,0x2b5dd0,0x20,0x0,0x366ea61e00226155
0x2b9058,0xde230,3207,0x2b5f30,0x20,0x0,0x864846a46f783927
0x2b9164,0xde250,3208,0x2b6090,0x20,0x0,0x6c9c60ed1dbdc42
0x2b9728,0xde270,3209,0x2b61f0,0x20,0x0,0xfe32a370b8c4feb2
0x2b9804,0xde290,3210,0x2b6350,0x20,0x0,0x7b448ac49da38a67
0x2b98ec,0xde2b0,3211,0x2b64b0,0x20,0x0,0xa3dbbc654053fe36
0x2b99c8,0xde2d0,3212,0x2b6610,0x20,0x0,0x221161089770745e
0x2b9ac4,0xde2f0,3213,0x2b6770,0x20,0x0,0x8b74677f1875b439
0x2b9ce8,0xde010,3190,0x2b47b0,0x20,0x0,0x8bd2f36a1bbc95ad
0x2b9f00,0xde310,3214,0x2b68d0,0x20,0x0,0x2aed177d89e3dce5
0x2b9fdc,0xde330,3215,0x2b6a30,0x20,0x0,0x634ad381053eabde
0x2ba0a4,0xde350,3216,0x2b6b90,0x20,0x0,0x936163ea22553484
0x2ba714,0xde370,3217,0x2b6cf0,0x20,0x0,0xb0474ad18593535b
0x2bb184,0xde390,3218,0x2b6e50,0x20,0x0,0x191014b58aef3b38
0x2bb540,0xde3b0,3219,0x2b6fb0,0x20,0x0,0x1a115f1b64784fc
0x2bb63c,0xde3d0,3220,0x2b7110,0x20,0x0,0xe0e1e5355ce796cf
0x2bb990,0xde3f0,3221,0x2b7270,0x20,0x0,0x1663696446c73da2
0x2bbbb0,0xde410,3222,0x2b73d0,0x20,0x0,0xe06b1f74b0bc2b2
0x2bbe94,0xde430,3223,0x2b7530,0x20,0x0,0x2a7709820c87500d
0x2bc1c8,0xde450,3224,0x2b7690,0x20,0x0,0x37dbb11f58ff5c0d
0x2bc5f4,0xde470,3225,0x2b77f0,0x20,0x0,0xf5c4b4800e076aac
0x2bc804,0xde490,3226,0x2b7950,0x20,0x0,0x3f13013ec64ec4b7
0x2bcae8,0xde4b0,3227,0x2b7ab0,0x20,0x0,0x930f6233b59b4f16
0x2bcd30,0xde4d0,3228,0x2b7c10,0x20,0x0,0x78c60feb20359319
0x2bcf2c,0xde4f0,3229,0x2b7d70,0x20,0x0,0xe4bf8105d665cecc
0x2bd218,0xde510,3230,0x2b7ed0,0x20,0x0,0xa74baa56449f484
0x2bd42c,0xde530,3231,0x2b8030,0x20,0x0,0x9ecc73b40b5c8f73
0x2bd6d0,0xde550,3232,0x2b8190,0x20,0x0,0xa10e61618ffd2016
0x2bd978,0xde570,3233,0x2b82f0,0x20,0x0,0x958fd1b4df75f324
0x2bdcc4,0xde590,3234,0x2b8450,0x20,0x0,0x305421b64c6b5e37
0x2bddac,0xde5b0,3235,0x2b85b0,0x20,0x0,0x5aef27c365865349
0x2bdf94,0xde5d0,3236,0x2b8710,0x20,0x0,0x65a4083026c832dd
0x2be1bc,0xde5f0,3237,0x2b8870,0x20,0x0,0x12b3888d37ffa2f2
0x2be470,0xde610,3238,0x2b89d0,0x20,0x0,0x7a02c3998314e139
0x2be7d0,0xde630,3239,0x2b8b30,0x20,0x0,0xee2166c1b80e1718
0x2bea48,0xde650,3240,0x2b8c90,0x20,0x0,0x832ad677bf9b11f8
0x2becbc,0xde670,3241,0x2b8df0,0x20,0x0,0x86ba631dd39e84ad
0x2beee4,0xde690,3242,0x2b8f50,0x20,0x0,0x982b10e491f6af14
0x2bf1a8,0xde6b0,3243,0x2b90b0,0x20,0x0,0xfb26437d258b0a8b
0x2bf5bc,0xde6d0,3244,0x2b9210,0x20,0x0,0x9829930a6f02ff5d
0x2bfa7c,0xde6f0,3245,0x2b9370,0x20,0x0,0x25ece1c5d816b625
0x2bfc50,0xde710,3246,0x2b94d0,0x20,0x0,0xbbba4991575993ea
0x2bfe48,0xde730,3247,0x2b9630,0x20,0x0,0x460403b78a4fa1ff
0x2c004c,0xde750,3248,0x2b9790,0x20,0x0,0xb0e60bd3d24e23df
0x2c01e4,0xde770,3249,0x2b98f0,0x20,0x0,0x1143ec3258fc4457
0x2c06d0,0xde790,3250,0x2b9a50,0x20,0x0,0xc60a9925d15d02cd
0x2c08c4,0xde7b0,3251,0x2b9bb0,0x20,0x0,0x826bf778ab8023bd
0x2c09c0,0xde7d0,3252,0x2b9d10,0x20,0x0,0xc34b80187a27d2db
0x2c0c0c,0xde7f0,3253,0x2b9e70,0x20,0x0,0x9d6850af82d50843
0x2c0d5c,0xde810,3254,0x2b9fd0,0x20,0x0,0x18d8b49de8119ac8
0x2c1040,0xde830,3255,0x2ba130,0x20,0x0,0x7e9d3eb62f0c10b0
0x2c11b4,0xde850,3256,0x2ba290,0x20,0x0,0x180483891ab6cae2
0x2c15e8,0xde870,3257,0x2ba3f0,0x20,0x0,0x59277c4bf4db8cff
0x2c18ec,0xde890,3258,0x2ba550,0x20,0x0,0x399aeefbe0c5f752
0x2c1d90,0xde8b0,3259,0x2ba6b0,0x20,0x0,0xc98481720eff637d
0x2c201c,0xde8d0,3260,0x2ba810,0x20,0x0,0x1440daee3d463213
0x2c220c,0xde8f0,3261,0x2ba970,0x20,0x0,0xad7b159375eccf53
0x2c2394,0xde910,3262,0x2baad0,0x20,0x0,0xe795573ddc55b0cc
0x2c2784,0xde930,3263,0x2bac30,0x20,0x0,0xe73532fe5d8f1e84
0x2c2984,0xde950,3264,0x2bad90,0x20,0x0,0x65b1f9a85f1cdb2e
0x2c2b90,0xde970,3265,0x2baef0,0x20,0x0,0x90140f878bd94167
0x2c2ec8,0xde990,3266,0x2bb050,0x20,0x0,0xa31e6dad07c343c4
0x2c306c,0xde9b0,3267,0x2bb1b0,0x20,0x0,0xec1d9aa0e1954567
0x2c3728,0xde9d0,3268,0x2bb310,0x20,0x0,0xb8ea7fe77fa1f952
0x2c3a40,0xde9f0,3269,0x2bb470,0x20,0x0,0x4f4c268f81d1422f
0x2c3d84,0xdea10,3270,0x2bb5d0,0x20,0x0,0xee5978a00099562f
0x2c3f98,0xdea30,3271,0x2bb730,0x20,0x0,0xd3f455240dd4e576
0x2c42f4,0xdea50,3272,0x2bb890,0x20,0x0,0x7f2d2cce22b1448d
0x2c4520,0xdea70,3273,0x2bb9f0,0x20,0x0,0x4333835d384bc718
0x2c4870,0xdea90,3274,0x2bbb50,0x20,0x0,0x3d2a37c3553d7a51
0x2c4ed0,0xdeab0,3275,0x2bbcb0,0x20,0x0,0x48b679091a271709
0x2c50fc,0xdead0,3276,0x2bbe10,0x20,0x0,0xf8d5510285083bfb
0x2c5508,0xdeaf0,3277,0x2bbf70,0x20,0x0,0xb204e13669260802
0x2c57bc,0xde010,3190,0x2b47b0,0x20,0x0,0x8bd2f36a1bbc95ad
0x2c5820,0xdeb10,3278,0x2bc0d0,0x20,0x0,0xa32db412e795dea
0x2c5a70,0xdeb30,3279,0x2bc230,0x20,0x0,0x89a7961e6247660a
0x2c5c40,0xdeb50,3280,0x2bc390,0x20,0x0,0x9c4f07abbd1e9f5c
0x2c5e48,0xdeb70,3281,0x2bc4f0,0x20,0x0,0xd04a66f04e783480
0x2c5fe8,0xdeb90,3282,0x2bc650,0x20,0x0,0x19c8abb91105a332
0x2c61a8,0xdebb0,3283,0x2bc7b0,0x20,0x0,0x14d90f063719912a
0x2c629c,0xdebd0,3284,0x2bc910,0x20,0x0,0xd2c8e104497e6454
0x2c6734,0xdebf0,3285,0x2bca70,0x20,0x0,0x6e3247a9b065204f
0x2c6a1c,0xdec10,3286,0x2bcbd0,0x20,0x0,0x1dbeb39c873b7e6
0x2c6db0,0xdec30,3287,0x2bcd30,0x20,0x0,0x242404c027ab5645
0x2c7174,0xdec50,3288,0x2bce90,0x20,0x0,0xa84f8a67bb9d7b5a
0x2c7734,0xded30,3295,0x2bd830,0x20,0x0,0x43041cff641e6a1c
0x2c7898,0xded70,3297,0x2bdaf0,0x20,0x0,0xa848d9f4886a3b06
0x2c7af4,0xded90,3298,0x2bdc50,0x20,0x0,0x8c88b100bdca9634
0x2c7c8c,0xdedd0,3300,0x2bdf10,0x20,0x0,0x646c0cbe6995a4de
0x2c7e10,0xdee10,3302,0x2be1d0,0x20,0x0,0x4d3296823ca5f6b3
0x2c82f4,0xdee70,3305,0x2be5f0,0x20,0x0,0x97eba426b5727611
0x2c8424,0xde010,3190,0x2b47b0,0x20,0x0,0x8bd2f36a1bbc95ad
0x2c8540,0xdee90,3306,0x2be750,0x20,0x0,0x5b7932a469b4085a
0x2c8b24,0xde010,3190,0x2b47b0,0x20,0x0,0x8bd2f36a1bbc95ad
0x2c8c3c,0xdeeb0,3307,0x2be8b0,0x20,0x0,0xf739b96edefd3a0
0x2c9684,0xde010,3190,0x2b47b0,0x20,0x0,0x8bd2f36a1bbc95ad
0x2c9890,0xdeed0,3308,0x2bea10,0x20,0x0,0xeee24ec5c819eac3
0x2c9b8c,0xdeef0,3309,0x2beb70,0x20,0x0,0x83fd9f41067af112
0x2c9cf8,0xdef10,3310,0x2becd0,0x20,0x0,0xbf6c2e81727028e1
0x2c9f34,0xdef30,3311,0x2bee30,0x20,0x0,0xba9f43fe7086f0f6
0x2ca1d8,0xde030,3191,0x2b4910,0x20,0x0,0xbfdb05e98e3571c3
0x2ca24c,0xdef50,3312,0x2bef90,0x20,0x0,0xa08327ef0dcbf8a3
0x2ca4e0,0xdef70,3313,0x2bf0f0,0x20,0x0,0xc769e08a5196296e
0x2ca6dc,0xdef90,3314,0x2bf250,0x20,0x0,0x3fafb423fa0bdf13
0x2ca84c,0xdefb0,3315,0x2bf3b0,0x20,0x0,0xcd019294fe282b15
0x2caab8,0xde010,3190,0x2b47b0,0x20,0x0,0x8bd2f36a1bbc95ad
0x2cab18,0xdefd0,3316,0x2bf510,0x20,0x0,0x224e881fa58f715a
0x2cae20,0xdeff0,3317,0x2bf670,0x20,0x0,0x6de291c61e048193
0x2cb130,0xdf010,3318,0x2bf7d0,0x20,0x0,0xcb6f2dd0035c16a5
0x2cb2d0,0xdf030,3319,0x2bf930,0x20,0x0,0xf6e69b86131f9c2a
0x2cb9d0,0xdf050,3320,0x2bfa90,0x20,0x0,0x4d3296823ca5f6b3
0x2cbc04,0xdf070,3321,0x2bfbf0,0x20,0x0,0x54bb1fe56999d055
0x2cc488,0xdf090,3322,0x2bfd50,0x20,0x0,0xd2f8198332bfff76
0x2cd07c,0xdf0b0,3323,0x2bfeb0,0x20,0x0,0xb42097ebe7e5c42b
0x2cd570,0xdf0d0,3324,0x2c0010,0x20,0x0,0xdb9c3c6f933d8813
0x2cd8d4,0xdf0f0,3325,0x2c0170,0x20,0x0,0x8cff9c0be4e60e40
0x2cda48,0xdf110,3326,0x2c02d0,0x20,0x0,0x29dab1b92071fcea
0x2cde24,0xdf130,3327,0x2c0430,0x20,0x0,0xbd64b5ea1fd0bf12
0x2ce01c,0xdf150,3328,0x2c0590,0x20,0x0,0x22a7518eec84db28
0x2ce184,0xdf010,3318,0x2bf7d0,0x20,0x0,0xcb6f2dd0035c16a5
0x2ce350,0xdf170,3329,0x2c06f0,0x20,0x0,0xba0dde4db5fe080
0x2ce5fc,0xdf190,3330,0x2c0850,0x20,0x0,0xf06c8eb8770bc57e
0x2ce7f0,0xdf1b0,3331,0x2c09b0,0x20,0x0,0xbd8f895b4c3a43b6
0x2ce9cc,0xdf010,3318,0x2bf7d0,0x20,0x0,0xcb6f2dd0035c16a5
0x2ceaf4,0xdf1d0,3332,0x2c0b10,0x20,0x0,0xc5ab63a9cee3a821
0x2ced5c,0xdf1f0,3333,0x2c0c70,0x20,0x0,0x421f9869565ab439
0x2cef54,0xdf210,3334,0x2c0dd0,0x20,0x0,0xf653bb448f1b436e
0x2cf2bc,0xdf230,3335,0x2c0f30,0x20,0x0,0x6e953ee18a3f995e
0x2cf5f8,0xdf250,3336,0x2c1090,0x20,0x0,0x6d70b819a360e252
0x2cf9a8,0xdf270,3337,0x2c1210,0x20,0x0,0x51f25d9d5c791733
0x2cfca0,0xdf290,3338,0x2c1370,0x20,0x0,0x78ff7b7faac67263
0x2cfeec,0xdf2b0,3339,0x2c14d0,0x20,0x0,0xee43eaddb7f1fd62
0x2d0190,0xdf010,3318,0x2bf7d0,0x20,0x0,0xcb6f2dd0035c16a5
0x2d02e8,0xdf2d0,3340,0x2c1630,0x20,0x0,0x832ad677bf9b11f8
0x2d040c,0xdf010,3318,0x2bf7d0,0x20,0x0,0xcb6f2dd0035c16a5
0x2d054c,0xdf2f0,3341,0x2c1790,0x20,0x0,0x71753a2584da116b
0x2d0744,0xdf310,3342,0x2c18f0,0x20,0x0,0x195651112e7bd49e
0x2d0980,0xdf330,3343,0x2c1a50,0x20,0x0,0xb5c2d5c4dc61fd54
0x2d09f4,0xdf350,3344,0x2c1bb0,0x20,0x0,0xbb9158b48e071e88
0x2d0b50,0xdf3f0,3349,0x2c2290,0x20,0x0,0x551f7093314721eb
0x2d0c44,0xdf410,3350,0x2c23f0,0x20,0x0,0x64092400842d333
0x2d0d2c,0xdf010,3318,0x2bf7d0,0x20,0x0,0xcb6f2dd0035c16a5
0x2d0d58,0xdf010,3318,0x2bf7d0,0x20,0x0,0xcb6f2dd0035c16a5
0x2d0d68,0xdf430,3351,0x2c2550,0x20,0x0,0xd5973d914dd921cf
0x2d0e50,0xdf010,3318,0x2bf7d0,0x20,0x0,0xcb6f2dd0035c16a5
0x2d0ed8,0xdf450,3352,0x2c26b0,0x20,0x0,0xb1c82c80864156e8
0x2d0ff4,0xdf470,3353,0x2c2810,0x20,0x0,0x4f4870eb9735f873
0x2d110c,0xdf510,3358,0x2c2ef0,0x20,0x0,0x7ea4384c65ad5086
0x2d1120,0xdf5d0,3364,0x2c3730,0x20,0x0,0xfeb3e509e2b1127e
0x2d17a4,0xdf4d0,3356,0x2c2c30,0x20,0x0,0x5c9c6237118f1bee
0x2d1890,0xdf010,3318,0x2bf7d0,0x20,0x0,0xcb6f2dd0035c16a5
0x2d18a0,0xdf5f0,3365,0x2c3890,0x20,0x0,0x207133e026098df7
0x2d1b48,0xdf370,3345,0x2c1d10,0x20,0x0,0xd716adebdd04a331
0x2d1d18,0xdf390,3346,0x2c1e70,0x20,0x0,0xd7e0cf5b34fc69e4
0x2d1f10,0xdf3b0,3347,0x2c1fd0,0x20,0x0,0xb1f704ccd4830a72
0x2d20d8,0xdf3d0,3348,0x2c2130,0x20,0x0,0xeabb3f26e3e6ba86
0x2d21cc,0xdf490,3354,0x2c2970,0x20,0x0,0xdab7c0701204569c
0x2d29c0,0xdf4b0,3355,0x2c2ad0,0x20,0x0,0x2615afd247b62f43
0x2d2d50,0xdf4f0,3357,0x2c2d90,0x20,0x0,0x302283053ed642d1
0x2d2ed0,0xdf530,3359,0x2c3050,0x20,0x0,0x3a4b4a1c9cb506dd
0x2d31b0,0xdf010,3318,0x2bf7d0,0x20,0x0,0xcb6f2dd0035c16a5
0x2d320c,0xdf550,3360,0x2c31b0,0x20,0x0,0x6451388d322e9edd
0x2d3724,0xdf570,3361,0x2c3310,0x20,0x0,0x8401886ee126dfb0
0x2d3a40,0xdf590,3362,0x2c3470,0x20,0x0,0x62b2cbc0c8de24a4
0x2d3be8,0xdf5b0,3363,0x2c35d0,0x20,0x0,0xfbdb8b98bbfa86ed
0x2d3cf4,0xdf610,3366,0x2c39f0,0x20,0x0,0x4f9ec19b1b5af3ee
0x2d3f60,0xdf630,3367,0x2c3b50,0x20,0x0,0x36bedc8ff882c81e
0x2d4278,0xdf650,3368,0x2c3cb0,0x20,0x0,0x6bdc239d90887993
0x2d45ec,0xdf670,3369,0x2c3e10,0x20,0x0,0xe4a4e9d1da0db6ac
0x2d4964,0xdf690,3370,0x2c3f70,0x20,0x0,0x43175db7c1072eff
0x2d4d88,0xdf6b0,3371,0x2c40d0,0x20,0x0,0x93dcc6c23bd6a805
0x2d4e64,0xdf6d0,3372,0x2c4230,0x20,0x0,0xd1a1bc0134942995
0x2d4f48,0xdf6f0,3373,0x2c4390,0x20,0x0,0x326bb61ad4d10a5e
0x2d50cc,0xdf710,3374,0x2c44f0,0x20,0x0,0x871bbc6090bbdaa
0x2d5410,0xdf730,3375,0x2c4650,0x20,0x0,0x3a126ff5205cb555
0x2d5738,0xdf750,3376,0x2c47b0,0x20,0x0,0x7d92825462e3e130
0x2d5988,0xdf770,3377,0x2c4910,0x20,0x0,0xd313226a219fbd20
0x2d5f94,0xdf790,3378,0x2c4a70,0x20,0x0,0xc4125c95c2ec8625
0x2d61bc,0xdf7b0,3379,0x2c4bd0,0x20,0x0,0xda2d5ad81bd87181
0x2d6720,0xdf7d0,3380,0x2c4d30,0x20,0x0,0xfbb81f542947c02b
0x2d6a58,0xdf7f0,3381,0x2c4e90,0x20,0x0,0x879a87e5f37f42c0
0x2d6bf0,0xdf810,3382,0x2c4ff0,0x20,0x0,0xcd39cf387a29cae3
0x2d70b8,0xdf830,3383,0x2c5150,0x20,0x0,0x6304ed34432c7dc8
0x2d7290,0xdf850,3384,0x2c52b0,0x20,0x0,0xf5552581a010d1d
0x2d73b4,0xdf890,3386,0x2c5570,0x20,0x0,0xc404db6149297ca5
0x2d7724,0xdfa10,3398,0x2c65f0,0x20,0x0,0x158a70642cdd672b
0x2d79b8,0xdfa30,3399,0x2c6750,0x20,0x0,0x45a99ed1cd23a8c
0x2d82b4,0xdfbb0,3411,0x2c77d0,0x20,0x0,0x168eedbefe23de6
0x2d84b8,0xdfbd0,3412,0x2c7930,0x20,0x0,0xb91f729479c88a81
0x2d8604,0xdfbf0,3413,0x2c7a90,0x20,0x0,0x6d41ab7356e39645
0x2d884c,0xdfc10,3414,0x2c7bf0,0x20,0x0,0x90abbdb9b52f35fe
0x2d8e90,0xdfc30,3415,0x2c7d50,0x20,0x0,0x4930d2b581273ba9
0x2d96ec,0xdfc50,3416,0x2c7eb0,0x20,0x0,0x2f70c8ca6e963f6b
0x2da1f8,0xdfc70,3417,0x2c8010,0x20,0x0,0x205135def454baca
0x2da4bc,0xdfc90,3418,0x2c8170,0x20,0x0,0x7effd5a80408e597
0x2da6a4,0xdfcb0,3419,0x2c82d0,0x20,0x0,0x60fb2dce3d7f85c1
0x2dacec,0xdfcf0,3421,0x2c8590,0x20,0x0,0x2427dcc47d6a1f63
0x2daedc,0xdfd10,3422,0x2c86f0,0x20,0x0,0x3781b44fa2e780f7
0x2db0f8,0xdfd30,3423,0x2c8850,0x20,0x0,0xc60a3156c439caea
0x2db19c,0xdfd50,3424,0x2c89b0,0x20,0x0,0x2f306eb4d335b635
0x2db4ac,0xdfd70,3425,0x2c8b10,0x20,0x0,0xea2092e2556dca4f
0x2db4c4,0xdee50,3304,0x2be490,0x20,0x0,0x670a1f8ae1c02c91
0x2db8e4,0xdfd90,3426,0x2c8c70,0x20,0x0,0x74ae3a730c61938
0x2dbaf0,0xdfe10,3430,0x2c91f0,0x20,0x0,0x3b08d7b903a1ce4f
0x2dbf18,0xdfe30,3431,0x2c9350,0x20,0x0,0xb5f5965904764c9c
0x2dc340,0xdfe50,3432,0x2c94b0,0x20,0x0,0x3a3283176a3b7bc8
0x2dc548,0xdfef0,3437,0x2c9b90,0x20,0x0,0x1143ec3258fc4457
0x2dc680,0xdff30,3439,0x2c9e50,0x20,0x0,0xeaf79f96de7e8e0d
0x2dc84c,0xdffb0,3443,0x2ca3d0,0x20,0x0,0xaec476e9d3b89bf4
0x2e0a54,0xdffd0,3444,0x2ca530,0x20,0x0,0x194303897aca5688
0x2e15ec,0xdfcd0,3420,0x2c8430,0x20,0x0,0xe1dbb4b37ef8d13d
0x2e2364,0xdfff0,3445,0x2ca690,0x20,0x0,0x600f823acda1ded4
0x2e2e50,0xe0010,3446,0x2ca7f0,0x20,0x0,0xb7ae6e4e3ba0be5b
0x2e3684,0xe0030,3447,0x2ca950,0x20,0x0,0x43299a23596724b2
0x2e39a4,0xe0050,3448,0x2caab0,0x20,0x0,0x749b3cb819c174cc
0x2e3b70,0xe0070,3449,0x2cac10,0x20,0x0,0xc007e61190b4adba
0x2e3c84,0xe0090,3450,0x265d94,0xdc,0x100,0x6ddef0bb556e1d98
0x2e3d40,0xe00b0,3451,0x31423c,0xdc,0x100,0x96e5c3242cf6d75d
0x2e3dfc,0xe00d0,3452,0x530c20,0xd4,0x100,0xf4f82d0e75dabeb8
0x2e3ecc,0xe00f0,3453,0x2924cc,0x1d0,0x100,0xd952e4790ee9e9c0
0x2e3f88,0xe0110,3454,0x36ee90,0x2d0,0x100,0x19a88ed1e7d8f8dd
0x2e4044,0xe0130,3455,0x2ecb14,0x4c0,0x100,0xbd32a8536197ef4d
0x2e4100,0xe0150,3456,0x379190,0x140,0x100,0xb76ba1818d10f42b
0x2e41d0,0xe0170,3457,0x426738,0xc4,0x100,0xe9c4b83a7fee58b6
0x2e4208,0xe0010,3446,0x2ca7f0,0x20,0x0,0xb7ae6e4e3ba0be5b
0x2e428c,0xe0190,3458,0x261194,0x41c,0x100,0xf6ddff427f6bf14e
0x2e4348,0xe01b0,3459,0x229034,0x190,0x100,0xf7ba0861bbb73e97
0x2e4404,0xe01d0,3460,0x396b54,0x17c,0x100,0xcee46d46a158b6f1
0x2e44c0,0xe01f0,3461,0x25cb94,0x20c,0x100,0x9d14578dba4779ce
0x2e457c,0xe0210,3462,0x4d4f44,0x30c,0x100,0x11078ce2ec45c956
0x2e4638,0xe0230,3463,0x6962e4,0xe4,0x80,0x7758679c234fa85f
0x2e46f4,0xe0250,3464,0x492164,0x158,0x100,0x1408ab81ab768da8
0x2e472c,0xe0010,3446,0x2ca7f0,0x20,0x0,0xb7ae6e4e3ba0be5b
0x2e47b0,0xe0270,3465,0x228a34,0x1f4,0x100,0x895f2a4802ad1a8c
0x2e47e8,0xe0010,3446,0x2ca7f0,0x20,0x0,0xb7ae6e4e3ba0be5b
0x2e486c,0xe0290,3466,0x4d7844,0x35c,0x100,0x2a44eb66c2a2c6ba
0x2e4928,0xe02b0,3467,0x538a20,0x3f0,0x100,0xeeb4ccb5a44520a1
0x2e49e4,0xe02d0,3468,0x432d38,0xd4,0x100,0x34ebb42f0760e749
0x2e4aa0,0xe02f0,3469,0x4d7344,0xd0,0x100,0xd1b75c15371a86f4
0x2e4b5c,0xe0310,3470,0x2912cc,0x43c,0x100,0xf4c5093e58e8b130
0x2e4c18,0xe0330,3471,0x28c1cc,0x1f8,0x100,0x6d14235edd597a71
0x2e4c50,0xe0010,3446,0x2ca7f0,0x20,0x0,0xb7ae6e4e3ba0be5b
0x2e4cd4,0xe0350,3472,0x52dc20,0x1a4,0x100,0x27bda28875982bc7
0x2e4d90,0xe0370,3473,0x424038,0xd0,0x100,0xf697fc9f6849fe9a
0x2e4e4c,0xe0390,3474,0x4c8a44,0x2b4,0x100,0xbef4f02fdd88834d
0x2e4f08,0xe03b0,3475,0x2ecc14,0x658,0x100,0x643250c56ce92059
0x2e4fc4,0xe03d0,3476,0x5ae0fc,0x1a4,0x100,0x2d0eb2ccbe6446b1
0x2e4ffc,0xe0010,3446,0x2ca7f0,0x20,0x0,0xb7ae6e4e3ba0be5b
0x2e5080,0xe03f0,3477,0x5b32fc,0x4a4,0x100,0xe437fd1829d06c4
0x2e513c,0xe0410,3478,0x258e94,0x29c,0x100,0x89c718c052b4dadf
0x2e51f8,0xe0430,3479,0x3b7074,0x238,0x100,0x51e9e123a438baf9
0x2e5230,0xe0010,3446,0x2ca7f0,0x20,0x0,0xb7ae6e4e3ba0be5b
0x2e52b4,0xe0450,3480,0x5b9efc,0x324,0x100,0xa78c22503268867d
0x2e539c,0xe0470,3481,0x4c9f44,0xf74,0x100,0xa8d5e65ad8da1864
0x2e5458,0xe0490,3482,0x614ae0,0x13c,0x100,0x9aa0efa84f8418f7
0x2e5514,0xe04d0,3484,0x397154,0x158,0x100,0xa58ef7826e57864b
0x2e55d0,0xe04f0,3485,0x41b538,0x330,0x100,0x1aba69aa1df1177d
0x2e5608,0xe0010,3446,0x2ca7f0,0x20,0x0,0xb7ae6e4e3ba0be5b
0x2e568c,0xe0510,3486,0x484764,0x5cc,0x100,0x1a70e4e078d3dff7
0x2e56c4,0xe0010,3446,0x2ca7f0,0x20,0x0,0xb7ae6e4e3ba0be5b
0x2e5748,0xe0530,3487,0x427e38,0x158,0x100,0xcd10e05558299552
0x2e5804,0xe0550,3488,0x489c64,0xcc,0x100,0xd3bb2f057f1b7427
0x2e58c0,0xe0570,3489,0x2ea714,0xec,0x100,0xb6ff27ebf1882de0
0x2e59a8,0xe0590,3490,0x3ad9d0,0x2cc,0x100,0x315d26135553ba32
0x2e5a64,0xe05b0,3491,0x53d120,0x214,0x100,0x76eea0da9cb423e0
0x2e5b20,0xe05d0,3492,0x2f3b14,0x2d8,0x100,0xe880f3e6f7e2cac
0x2e5bdc,0xe05f0,3493,0x48cc64,0x218,0x100,0x62560092093df795
0x2e5c98,0xe0610,3494,0x41b538,0x220,0x100,0x8d09a4fe75c9529e
0x2e5d54,0xe0630,3495,0x485864,0x52c,0x100,0x22c6aafdcc363994
0x2e5d8c,0xe0010,3446,0x2ca7f0,0x20,0x0,0xb7ae6e4e3ba0be5b
0x2e5e10,0xe0650,3496,0x55734c,0x34c,0x100,0xb71547c4c4b4070a
0x2e5e48,0xe0010,3446,0x2ca7f0,0x20,0x0,0xb7ae6e4e3ba0be5b
0x2e5ecc,0xe0670,3497,0x480264,0x240,0x100,0x4ca264f3080d3109
0x2e5f04,0xe0010,3446,0x2ca7f0,0x20,0x0,0xb7ae6e4e3ba0be5b
0x2e5f88,0xe0690,3498,0x2ebf14,0x18c,0x100,0xbe4d07bd6b500465
0x2e6070,0xe06d0,3500,0x259794,0x50,0x100,0x901be5f2f97c68af
0x2e612c,0xe0710,3502,0x42d438,0xc8,0x100,0x553cb0ac960b7a38
0x2e61e8,0xe0730,3503,0x2e4c14,0x98,0x100,0x54a70b24f87a9817
0x2e62a4,0xe0750,3504,0x36c190,0x384,0x100,0x7266c12577d72d96
0x2e6360,0xe0770,3505,0x5ba2fc,0x254,0x100,0xf9dee43f7e42da9d
0x2e641c,0xe0790,3506,0x47f364,0x214,0x100,0xc27d766967970e69
0x2e64d8,0xe07b0,3507,0x6017e0,0x34c,0x100,0xebd0b61597905b9e
0x2e6594,0xe07d0,3508,0x36d390,0x258,0x100,0xc038fda82ffeaea
0x2e6650,0xe07f0,3509,0x48a764,0x244,0x100,0xc880424972f58b79
0x2e670c,0xe0810,3510,0x47fe64,0x204,0x100,0x8038712ae69d9183
0x2e67f4,0xe0830,3511,0x495464,0x6c,0x100,0x67084fba5893532a
0x2e68b0,0xe0850,3512,0x5b6efc,0x2c,0x100,0x2744a56a3aaa999e
0x2e68e8,0xe0010,3446,0x2ca7f0,0x20,0x0,0xb7ae6e4e3ba0be5b
0x2e6998,0xe0870,3513,0x2118a0,0x248,0x100,0x45b5bff47b199c03
0x2e6a80,0xe0890,3514,0x290acc,0x2a8,0x100,0xe49f9dec7b4c1314
0x2e6ab8,0xe0010,3446,0x2ca7f0,0x20,0x0,0xb7ae6e4e3ba0be5b
0x2e6b74,0xe08b0,3515,0x28a2cc,0x300,0x100,0xfae8d9aed38f42c2
0x2e6c5c,0xe08d0,3516,0x2eed14,0x160,0x100,0x84f5fd7a60fa4385
0x2e6d48,0xe08f0,3517,0x612fe0,0x54,0x100,0x33cf6985f4bc9f4a
0x2e6e38,0xe0910,3518,0x268694,0x680,0x100,0x695eae84f3cc7794
0x2e6f20,0xe0930,3519,0x48a964,0x1f0,0x100,0xdf6fee8e801e3806
0x2e7008,0xe0950,3520,0x55d74c,0x2bc,0x100,0x4cad430b82b7dc2b
0x2e70c4,0xe0970,3521,0x41eb38,0x81c,0x100,0x8b182aded183b928
0x2e70fc,0xe0010,3446,0x2ca7f0,0x20,0x0,0xb7ae6e4e3ba0be5b
0x2e71ac,0xe0990,3522,0x376b90,0x28c,0x100,0x5e399d23b073eba1
0x2e72ac,0xe09b0,3523,0x529e20,0x838,0x100,0x4e2a70b9d9278024
0x2e7368,0xe09d0,3524,0x6104e0,0x18c,0x100,0xfec4c8a73b5c3766
0x2e743c,0xe09f0,3525,0x4cfe44,0x94,0x100,0x798271e578d474a
0x2e74f8,0xe0a10,3526,0x55884c,0x9e4,0x100,0x963c4e7ec6b1b783
0x2e7600,0xe0a30,3527,0x374290,0xc74,0x100,0xb59a84243c44e689
0x2e76f0,0xe0a50,3528,0x4db344,0x11e0,0x100,0x62df302f0528d85e
0x2e7728,0xe0010,3446,0x2ca7f0,0x20,0x0,0xb7ae6e4e3ba0be5b
0x2e7808,0xe0a70,3529,0x2f3d14,0x4e8,0x100,0x559788ea644b235e
0x2e78c4,0xe0a90,3530,0x6ba510,0x29c,0x100,0x362cce01f6826bf1
0x2e78fc,0xe0010,3446,0x2ca7f0,0x20,0x0,0xb7ae6e4e3ba0be5b
0x2e7998,0xe0ab0,3531,0x490664,0x1814,0x100,0xac5f6e0adb6de545
0x2e7a6c,0xe0ad0,3532,0x36d990,0x1460,0x100,0x6e1fcc8571f66666
0x2e7b40,0xe0af0,3533,0x481b64,0x13f8,0x100,0x2199f63b2d74b2f4
0x2e7c14,0xe0b10,3534,0x26eb00,0x1634,0x100,0x56d6d89f4b609875
0x2e7c4c,0xe0010,3446,0x2ca7f0,0x20,0x0,0xb7ae6e4e3ba0be5b
0x2e7d14,0xe0b30,3535,0x425b38,0x65c,0x100,0xc453112b4ca33c30
0x2e7de8,0xe0b50,3536,0x497464,0x2e0,0x100,0x4babbba43006ed2b
0x2e7ebc,0xe0b70,3537,0x4a1364,0x18a4,0x100,0xce7119916e334140
0x2e7f78,0xe0b90,3538,0x5ac2fc,0x270,0x100,0x83e786b1be2bc3c2
0x2e8034,0xe0bb0,3539,0x484b64,0x35c,0x100,0xaef796413437b966
0x2e80f0,0xe0bd0,3540,0x398c54,0x98,0x100,0xe6b05d2d22030439
0x2e81ac,0xe0bf0,3541,0x48e264,0x54,0x100,0x4a036f14b8104a2f
0x2e8268,0xe0c10,3542,0x3bda2c,0x16c,0x90,0x1f1526698be05199
0x2e8338,0xe0c30,3543,0x418438,0x704,0x100,0x31b694b13473605f
0x2e83f4,0xe0c50,3544,0x52ab20,0x1e4,0x100,0x67d7d60e22df9f62
0x2e84b0,0xe0c70,3545,0x36b890,0x284,0x100,0x1a90db04f75d4936
0x2e8598,0xe0c90,3546,0x422138,0x1f0,0x100,0xafa17d7048794fae
0x2e866c,0xe0cb0,3547,0x4d9044,0x17f4,0x100,0xd77131b5d3fcac41
0x2e875c,0xe0cd0,3548,0x2ed114,0x9ec,0x100,0x541718839aaf420b
0x2e8818,0xe0cf0,3549,0x376690,0xb4,0x100,0xc40f8996e08afca8
0x2e8900,0xe0d10,3550,0x4c8844,0x58,0x100,0x10402aa5264cde49
0x2e89e8,0xe0d30,3551,0x62e2e0,0xa78,0x100,0x32b0e037952eaa2e
0x2e8ad8,0xe0d50,3552,0x487864,0x3cc,0x100,0x2396243b5799117a
0x2e8bc0,0xe0d70,3553,0x531520,0xe8,0x100,0x5291ec6238b21645
0x2e8ca8,0xe0d90,3554,0x55e14c,0x364,0x100,0x749caa9b72a115be
0x2e8d9c,0xe0db0,3555,0x5bb0fc,0x1f4,0x100,0x1005e47e37f4055b
0x2e8e58,0xe0dd0,3556,0x286780,0x308,0x100,0x688756d6f2bbe3f6
0x2e8f14,0xe0df0,3557,0x495664,0x224,0x100,0xd960a1478c545830
0x2e8f4c,0xe0010,3446,0x2ca7f0,0x20,0x0,0xb7ae6e4e3ba0be5b
0x2e8fd0,0xe0e10,3558,0x25fd94,0x6f8,0x100,0x682a16b281ac0f49
0x2e90d0,0xe0e30,3559,0x36e690,0xc0,0x100,0x4218549ef107bd35
0x2e91c0,0xe0e50,3560,0x288fcc,0x744,0x100,0xd95e4abaf1e3c936
0x2e91f8,0xe0010,3446,0x2ca7f0,0x20,0x0,0xb7ae6e4e3ba0be5b
0x2e927c,0xe0e70,3561,0x418b38,0x194,0x100,0xc34aa09a0a581996
0x2e9338,0xe0e90,3562,0x31363c,0x210,0x100,0xfd6727d0baaa551d
0x2e9370,0xe0010,3446,0x2ca7f0,0x20,0x0,0xb7ae6e4e3ba0be5b
0x2e93f4,0xe0eb0,3563,0x42d838,0x204,0x100,0x18dfe7e90391442e
0x2e942c,0xe0010,3446,0x2ca7f0,0x20,0x0,0xb7ae6e4e3ba0be5b
0x2e94b0,0xe0ed0,3564,0x4dc144,0x2a0,0x48,0x8f39b85319985649
0x2e956c,0xe0ef0,3565,0x26d500,0x1174,0x100,0xe6c0f9c110768684
0x2e9628,0xe0f10,3566,0x3b7774,0xd3c,0x100,0x6bd5db79afd7b741
0x2e96e4,0xe0f30,3567,0x6034e0,0x310,0x100,0xa6772df93081389b
0x2e97a0,0xe0f50,3568,0x260c94,0x38,0x100,0xe7187379b26ee838
0x2e985c,0xe0f70,3569,0x25e094,0x160,0x100,0xcb2d4f4dc11734c1
0x2e9918,0xe0f90,3570,0x557c4c,0x21c,0x100,0xaa2b6db912018e95
0x2e9950,0xe0010,3446,0x2ca7f0,0x20,0x0,0xb7ae6e4e3ba0be5b
0x2e99d4,0xe0fb0,3571,0x317a3c,0x2a8,0x100,0xc17a5c8fcc79f42a
0x2e9a0c,0xe0010,3446,0x2ca7f0,0x20,0x0,0xb7ae6e4e3ba0be5b
0x2e9a90,0xe0fd0,3572,0x532a20,0x28c,0x100,0xa493a967f376d994
0x2e9b4c,0xe0ff0,3573,0x36d590,0x534,0x100,0xdacb1f41474b99c5
0x2e9c08,0xe1010,3574,0x376b90,0x32c,0x100,0x54134713fe23d0c3
0x2e9cc4,0xe1030,3575,0x36e790,0x1a8,0x100,0x76d99a02befab4c8
0x2e9cfc,0xe1010,3574,0x376b90,0x32c,0x100,0x54134713fe23d0c3
0x2e9d80,0xe1050,3576,0x373490,0xec,0x100,0x23043a1b7478217b
0x2e9e3c,0xe1070,3577,0x6004e0,0x150,0x100,0x7224a61f2177ac0d
0x2e9e74,0xe1010,3574,0x376b90,0x32c,0x100,0x54134713fe23d0c3
0x2e9ef8,0xe1090,3578,0x423338,0x344,0x100,0x8ffe1049162af66b
0x2e9fb4,0xe10b0,3579,0x68952c,0xf4,0x100,0x3ff121d1b9105e5d
0x2ea070,0xe10d0,3580,0x6070e0,0x20c,0x100,0x4ebcb2a2f4224e66
0x2ea12c,0xe10f0,3581,0x4a0564,0x3a4,0x100,0x9bf627e61c3d4f50
0x2ea1e8,0xe1110,3582,0x42c338,0x1dc,0x100,0x6ca73fb7c4111d2f
0x2ea2a4,0xe1130,3583,0x4cf444,0xdc,0x100,0x9f313e256da127ee
0x2ea360,0xe1150,3584,0x535120,0x1dc,0x100,0x1c91593dde6b19d
0x2ea398,0xe1010,3574,0x376b90,0x32c,0x100,0x54134713fe23d0c3
0x2ea41c,0xe1170,3585,0x26d700,0x364,0x100,0x2192d78764410095
0x2ea4d8,0xe1190,3586,0x28c0cc,0x158,0x100,0xc4fbf9f85dc8b60b
0x2ea594,0xe11b0,3587,0x5bf1fc,0x334,0x100,0x47fd6f957cafdedf
0x2ea650,0xe11d0,3588,0x2e7114,0x2b4,0x100,0x1a6296087f165a0c
0x2ea70c,0xe11f0,3589,0x4ca244,0x1ec,0x100,0x5dc17b8bfd499c83
0x2ea7c8,0xe1210,3590,0x41ab38,0x1d4,0x100,0x19fd213ec138f4e0
0x2ea884,0xe1230,3591,0x49e664,0x320,0x100,0x5b45275f7fc126ce
0x2ea940,0xe1250,3592,0x55a14c,0x338,0x100,0x48674a0c541e
0x2ea9fc,0xe1270,3593,0x2937cc,0x178,0x100,0x1302d67db8dd4096
0x2eaab8,0xe1290,3594,0x539520,0x174,0x100,0x413d27b58f518f0d
0x2eab74,0xe12b0,3595,0x4d5f44,0x290,0x100,0xc4308b340f7d8c24
0x2eac30,0xe12d0,3596,0x53e620,0x6a4,0x100,0xcb7e556624730cd0
0x2eacec,0xe12f0,3597,0x418938,0x1c4,0x100,0x10369f1b99421271
0x2eada8,0xe1310,3598,0x498864,0x4fc,0x100,0x48ffc1de33b29c08
0x2eae64,0xe1330,3599,0x25bb94,0x24c,0x100,0xb2248fd18f1c817c
0x2eae9c,0xe1010,3574,0x376b90,0x32c,0x100,0x54134713fe23d0c3
0x2eaf20,0xe1350,3600,0x5bf2fc,0x1bc,0x100,0xb2427fdb7f98ec9f
0x2eafdc,0xe1370,3601,0x6116e0,0x1f0,0x100,0xb621bf4a7e5301cc
0x2eb098,0xe1390,3602,0x6d4138,0x180,0x20,0xf897b8a832d8826b
0x2eb154,0xe13b0,3603,0x533420,0x154,0x100,0xbf29a8f3580abc8d
0x2eb210,0xe13d0,3604,0x69bd0c,0x3e8,0x30,0xc8f88b802af8a998
0x2eb2cc,0xe13f0,3605,0x2fd1bc,0x248,0xa8,0x552e3acda20f0922
0x2eb388,0xe1410,3606,0x556f4c,0x1d8,0x100,0xc4e7aaa7d380cfc9
0x2eb444,0xe1430,3607,0x2f4014,0x500,0x100,0xa6404bab7615f27
0x2eb500,0xe1450,3608,0x48f364,0x284,0x100,0xc80a8a07d62ff3bb
0x2eb5bc,0xe1470,3609,0x2d728c,0x258,0x100,0xf0b886ae7c670c90
0x2eb678,0xe1490,3610,0x225b34,0x3f8,0x100,0x5abb5281d883fe97
0x2eb734,0xe14b0,3611,0x395a54,0x400,0x100,0x2e0a598edc29211d
0x2eb7f0,0xe14d0,3612,0x699d00,0x3f4,0x100,0xe54f876a660f493d
0x2eb828,0xe1010,3574,0x376b90,0x32c,0x100,0x54134713fe23d0c3
0x2eb8ac,0xe14f0,3613,0x48f864,0x298,0x100,0x397fd40b14767269
0x2eb968,0xe1510,3614,0x31753c,0x168,0x100,0x6b466ec926a1cdb5
0x2eba24,0xe1530,3615,0x2f2c14,0x284,0x100,0x205d6fabe9589465
0x2ebae0,0xe1550,3616,0x64b088,0x300,0x100,0xedd22360d3531cbe
0x2ebb9c,0xe1570,3617,0x266d94,0x278,0x100,0xc18ca72126783445
0x2ebc58,0xe1590,3618,0x63f684,0x2ac,0x28,0xf17a3b65655f6c18
0x2ebd14,0xe15b0,3619,0x2e8d14,0x540,0x100,0xdb9ec7454ec370a1
0x2ebdd0,0xe15d0,3620,0x371090,0x244,0x100,0x681991697aec7454
0x2ebe8c,0xe15f0,3621,0x261394,0x26c,0x100,0x5695ac9167078f2a
0x2ebec4,0xe1010,3574,0x376b90,0x32c,0x100,0x54134713fe23d0c3
0x2ebf48,0xe1610,3622,0x559d4c,0xda4,0x100,0xd9a89ac10fbefa0e
0x2ec004,0xe1630,3623,0x6007e0,0x2ac,0x100,0x4748d79ce3ec66d6
0x2ec0c0,0xe1650,3624,0x609ce0,0x1f8,0x100,0xcd2d994a93dff10e
0x2ec17c,0xe16b0,3627,0x49cc64,0x15c,0x100,0x68c719b6fca192a1
0x2ec1b4,0xe1010,3574,0x376b90,0x32c,0x100,0x54134713fe23d0c3
0x2ec238,0xe16d0,3628,0x267394,0x1c8,0x100,0x13d2a33a7b02d139
0x2ec2f4,0xe16f0,3629,0x268494,0x65c,0x100,0xd36302f5430ce913
0x2ec3e4,0xe1710,3630,0x4d9d44,0x98,0x100,0xb2df9459eafd0dba
0x2ec4a0,0xe1750,3632,0x480f64,0x2c4,0x100,0x793cf626f47f4f36
0x2ec55c,0xe1770,3633,0x289ccc,0x29c,0x100,0xba82aefb4a87852e
0x2ec618,0xe1790,3634,0x258d94,0x36c,0x100,0xada69c49fe98756f
0x2ec6d4,0xe17b0,3635,0x4d1d44,0x234,0x100,0x95851cc1179c6833
0x2ec790,0xe17d0,3636,0x495264,0xe4,0x100,0x8d8158282e536bba
0x2ec84c,0xe17f0,3637,0x41ce38,0xc8,0x100,0x2857eee8197177c2
0x2ec908,0xe1810,3638,0x53e620,0xe64,0x100,0x3d45edc25661698f
0x2ec9c4,0xe1830,3639,0x426238,0x2c0,0x100,0x26df73b44dc5528d
0x2eca80,0xe1850,3640,0x423238,0x78c,0x100,0x40ef199fa98c13bf
0x2ecab8,0xe1010,3574,0x376b90,0x32c,0x100,0x54134713fe23d0c3
0x2ecb3c,0xe1870,3641,0x481364,0xd44,0x100,0x4614b5c182c31db8
0x2ecbf8,0xe1890,3642,0x2eb814,0x1f4,0x100,0xa99344bab010c007
0x2ecc30,0xe1010,3574,0x376b90,0x32c,0x100,0x54134713fe23d0c3
0x2eccb4,0xe18b0,3643,0x4cc144,0x1e0,0x100,0xf208c99754a4f008
0x2ecd70,0xe18d0,3644,0x429638,0xd4,0x100,0x4b37ab22001fa7b7
0x2ece2c,0xe18f0,3645,0x4dbb44,0xf0,0x100,0x56f4f535432601cf
0x2ecee8,0xe1910,3646,0x262d94,0x150,0x100,0x589d448e488c71fa
0x2ecfa4,0xe1930,3647,0x274de4,0x198,0x100,0x98ee76f1cd05487e
0x2ed060,0xe1950,3648,0x484364,0x258,0x100,0xec2e9c633cff3cce
0x2ed11c,0xe1990,3650,0x3c10b0,0xc6c,0x100,0x5e77d4febff3887c
0x2ed1d8,0xe19b0,3651,0x392154,0x16c,0x100,0x30743cfe10825116
0x2ed294,0xe19d0,3652,0x55824c,0x23c,0x100,0xfec04b4428fe586e
0x2ed350,0xe19f0,3653,0x421f38,0x38,0x100,0x65f3aba9b02458b0
0x2ed388,0xe1010,3574,0x376b90,0x32c,0x100,0x54134713fe23d0c3
0x2ed40c,0xe1a10,3654,0x398554,0x438,0x100,0xd1334f239ed7ac6d
0x2ed444,0xe1010,3574,0x376b90,0x32c,0x100,0x54134713fe23d0c3
0x2ed4c8,0xe1a30,3655,0x4d6b44,0xec,0x100,0xf4b7c82a1fe450cb
0x2ed584,0xe1a50,3656,0x4a1464,0x5f4,0x100,0x8227bc673a0f6417
0x2ed640,0xe1a70,3657,0x494964,0xdc,0x100,0x571e228748160a43
0x2ed6fc,0xe1a90,3658,0x6cd72c,0xf0,0x100,0xbf490169f983130e
0x2ed7b8,0xe1ab0,3659,0x28c6cc,0x460,0x100,0x385761b56e44600f
0x2ed874,0xe1ad0,3660,0x5ba5fc,0x214,0x100,0x857aba8582120350
0x2ed8ac,0xe1010,3574,0x376b90,0x32c,0x100,0x54134713fe23d0c3
0x2ed930,0xe1af0,3661,0x2eef14,0x194,0x100,0xe05573be425e6ae9
0x2ed9ec,0xe1b10,3662,0x48b864,0x4dc,0x100,0xdda11b6473865962
0x2eda24,0xe1010,3574,0x376b90,0x32c,0x100,0x54134713fe23d0c3
0x2edaa8,0xe1b30,3663,0x396e54,0x1f0,0x100,0x84d61365840aba64
0x2edb64,0xe1b50,3664,0x492464,0x370,0x100,0xdb6ca3e43906e8ba
0x2edc4c,0xe1b70,3665,0x266194,0x28,0x100,0x98b3093432ac7b9c
0x2edd34,0xe1b90,3666,0x4c8144,0x1c,0x100,0x5e59c31009cf49a1
0x2eddf0,0xe1bb0,3667,0x487c64,0x610,0x100,0x1bbcd2d25faac9bb
0x2edeac,0xe1bd0,3668,0x6046e0,0x2d4,0x100,0x728531706ec1fc8f
0x2edf68,0xe1bf0,3669,0x41a538,0x300,0x100,0xf03689db8c22b791
0x2ee024,0xe1c10,3670,0x370490,0x23c,0x100,0xeb24a13203b5d38b
0x2ee0e0,0xe1c30,3671,0x25ca94,0x1fc,0x100,0x39d12c3d481dbd68
0x2ee19c,0xe1c50,3672,0x3c782c,0x2bc,0x100,0x4553cce230ec815a
0x2ee258,0xe1c70,3673,0x65ee64,0x1ec,0x88,0xca135437ee2ebaa5
0x2ee314,0xe1c90,3674,0x3aecd0,0x2f8,0x100,0xb91dca1bc02aa5ce
0x2ee3d0,0xe1cb0,3675,0x482c64,0x2ac,0x100,0x4600e21e31b0241d
0x2ee408,0xe1010,3574,0x376b90,0x32c,0x100,0x54134713fe23d0c3
0x2ee48c,0xe1cd0,3676,0x258494,0x380,0x100,0xdb696f46782d4dc
0x2ee548,0xe1cf0,3677,0x41be38,0x334,0x100,0x402fb0878ed9e5d6
0x2ee604,0xe1d10,3678,0x4cd844,0x3b4,0x100,0x8277e5d61acf6e28
0x2ee6c0,0xe1d30,3679,0x4cac44,0x300,0x100,0xbc9f3c726ee4a53d
0x2ee77c,0xe1d50,3680,0x2f2114,0x238,0x100,0xca11c64a2f63fd17
0x2ee838,0xe1d70,3681,0x4d0544,0x1c4,0x100,0x281bea76809e4518
0x2ee8f4,0xe1d90,3682,0x535220,0x374,0x100,0xc51eb867d84901de
0x2ee9b0,0xe1db0,3683,0x53ed20,0x224,0x100,0x34eb681f40f2c49c
0x2ee9e8,0xe1010,3574,0x376b90,0x32c,0x100,0x54134713fe23d0c3
0x2eea6c,0xe1dd0,3684,0x22b634,0x2a8,0x100,0xe7b71f3642e02272
0x2eeb28,0xe1df0,3685,0x484964,0x4d8,0x100,0xc82b5f60e7602ede
0x2eebe4,0xe1e10,3686,0x2e4314,0x1e0,0x100,0x5267fcb51758acaa
0x2eec1c,0xe1010,3574,0x376b90,0x32c,0x100,0x54134713fe23d0c3
0x2eeca0,0xe1e30,3687,0x6095e0,0x268,0x100,0xa77850d8e225f98c
0x2eed5c,0xe1e50,3688,0x4c7e44,0x1ec,0x100,0xdb1aaec5827dad9
0x2eee18,0xe1e70,3689,0x2f1c14,0x514,0x100,0x77774584b3fb73cc
0x2eeed4,0xe1e90,3690,0x4cb744,0x1e0,0x100,0x7256936eb50088e7
0x2eef0c,0xe1010,3574,0x376b90,0x32c,0x100,0x54134713fe23d0c3
0x2eef90,0xe1eb0,3691,0x47f464,0xe8,0x100,0xe3fc193c1e50dc4f
0x2ef04c,0xe1ed0,3692,0x4c6a44,0x264,0x100,0x4514e7df42c0d939
0x2ef108,0xe1ef0,3693,0x48bd64,0x150,0x100,0x7e7bb08e534afb77
0x2ef1c4,0xe1f10,3694,0x432938,0x158,0x100,0x515381c051f73597
0x2ef1fc,0xe1010,3574,0x376b90,0x32c,0x100,0x54134713fe23d0c3
0x2ef280,0xe1f30,3695,0x6054e0,0x2f4,0x100,0x2d1a6973ebe0a1c7
0x2ef2b8,0xe1010,3574,0x376b90,0x32c,0x100,0x54134713fe23d0c3
0x2ef33c,0xe1f50,3696,0x28e0cc,0x418,0x100,0x5c99106a96a130ed
0x2ef3f8,0xe1f70,3697,0x6be3fc,0x434,0x100,0xc54603df1cd033f3
0x2ef430,0xe1010,3574,0x376b90,0x32c,0x100,0x54134713fe23d0c3
0x2ef4b4,0xe1f90,3698,0x267394,0x2f0,0x100,0x301b2e5f4efb709
0x2ef4ec,0xe1010,3574,0x376b90,0x32c,0x100,0x54134713fe23d0c3
0x2ef570,0xe1fb0,3699,0x22a134,0x1e4,0x100,0x3ed031628f8873d3
0x2ef5a8,0xe1010,3574,0x376b90,0x32c,0x100,0x54134713fe23d0c3
0x2ef62c,0xe1fd0,3700,0x4a2b64,0x288,0x38,0x4f1cd836329662a0
0x2ef6e8,0xe1ff0,3701,0x313f3c,0x40c,0x100,0x28567acf684b2853
0x2ef7a4,0xe2010,3702,0x226534,0x168,0x100,0x895f81b800ef1963
0x2ef860,0xe2030,3703,0x55ad4c,0x1f0,0x100,0x6ac0bc384b3a9b53
0x2ef91c,0xe2050,3704,0x68942c,0x234,0x100,0x44624a978958a93f
0x2ef9d8,0xe2070,3705,0x4d9e44,0x21c,0x100,0x8d451ac5de47d0b8
0x2efa94,0xe2090,3706,0x394b54,0x1ec,0x100,0x79a74d9291a2be93
0x2efacc,0xe2010,3702,0x226534,0x168,0x100,0x895f81b800ef1963
0x2efb50,0xe20b0,3707,0x55f44c,0x194,0x100,0x8700d65370e52588
0x2efc0c,0xe20d0,3708,0x4a1264,0x348,0x100,0x122e765bb451ef4e
0x2efcc8,0xe20f0,3709,0x6c8680,0x1dc,0x100,0x42c1049579c6508c
0x2efd84,0xe2110,3710,0x36ea90,0x6b8,0x100,0x5aa960bb8b49242e
0x2efe40,0xe2130,3711,0x6ca9c8,0x32c,0x100,0xe0a87a7ea6f84b8a
0x2efefc,0xe2150,3712,0x53e020,0x354,0x100,0xd94e115c20f0aa6
0x2eff34,0xe2010,3702,0x226534,0x168,0x100,0x895f81b800ef1963
0x2effb8,0xe2170,3713,0x2e6714,0x200,0x100,0xd5389d98b9537209
0x2efff0,0xe2010,3702,0x226534,0x168,0x100,0x895f81b800ef1963
0x2f0074,0xe2190,3714,0x5b88fc,0x348,0x100,0x355c7962afca6aab
0x2f0130,0xe21b0,3715,0x499e64,0x334,0x100,0x8d04c5d20dad7c05
0x2f01ec,0xe21d0,3716,0x4c6a44,0x66c,0x100,0xbf8d97cc9920b542
0x2f02a8,0xe21f0,3717,0x2e6d14,0x238,0x100,0x69b13d18a77c7e13
0x2f0364,0xe2210,3718,0x4a2064,0x31c,0x100,0x63c6030812c4eddd
0x2f0420,0xe2230,3719,0x3af2d0,0x214,0x100,0x8f6d1cf4af1c50e4
0x2f04dc,0xe2250,3720,0x2f3314,0x1bc,0x100,0x57af2c527abaf82d
0x2f0598,0xe2270,3721,0x2f4314,0x254,0x100,0x6fa8442fcbe776bf
0x2f0654,0xe2290,3722,0x4c7844,0xd4,0x100,0xac5ee024fe6f9fb
0x2f0710,0xe22b0,3723,0x536920,0x1c4,0x100,0xe82af93e5dc978a6
0x2f07cc,0xe22d0,3724,0x2fcdbc,0x2f4,0x100,0x1fcf8f7c0e77402a
0x2f0888,0xe22f0,3725,0x41b238,0x3a8,0x100,0x483928f4fce58581
0x2f08c0,0xe2010,3702,0x226534,0x168,0x100,0x895f81b800ef1963
0x2f0944,0xe2310,3726,0x3ae7d0,0x398,0x100,0x542febc4370341f0
0x2f0a00,0xe2330,3727,0x374690,0x310,0x100,0xd4f9fe23489cffd3
0x2f0abc,0xe2350,3728,0x55aa4c,0x5d8,0x100,0xd27da4378b2965eb
0x2f0b78,0xe2370,3729,0x4ca844,0x15c,0x100,0xf1fb3bb915e119fa
0x2f0c34,0xe2390,3730,0x425138,0x1a0,0x100,0xa2d7fcf6ea468517
0x2f0cf0,0xe2410,3734,0x556e4c,0x2c,0x100,0x4d95e9350af53974
0x2f0dac,0xe2430,3735,0x4d4044,0x178,0x100,0xd9978d14d96ecb6f
0x2f0e68,0xe2490,3738,0x52c320,0x80,0x100,0x277cc6d93b30a7aa
0x2f0f24,0xe24d0,3740,0x538420,0x1bc,0x100,0xc40d04a831b2a6cf
0x2f0fe0,0xe2550,3744,0x2e5214,0x1e8,0x100,0x2a8449eafb73870e
0x2f109c,0xe2570,3745,0x2898cc,0x54,0x100,0x4e7e953de1dd10e9
0x2f1158,0xe2590,3746,0x41dd38,0x43c,0x100,0xbef593b72b13b65b
0x2f1214,0xe25b0,3747,0x426d38,0x1bc,0x100,0xa6523a590e223fb5
0x2f12d0,0xe25d0,3748,0x432e38,0x4f8,0x100,0xfc2e3c75336b2417
0x2f138c,0xe25f0,3749,0x262194,0x414,0x100,0x65259d6f7f25f806
0x2f1448,0xe2610,3750,0x265e94,0x168,0x100,0x52859be9fa502920
0x2f1504,0xe2630,3751,0x49dc64,0x308,0x100,0xbd709e1b7a86ba7d
0x2f15c0,0xe2650,3752,0x4d8044,0x31c,0x100,0xae6458af6c9e94c7
0x2f167c,0xe2670,3753,0x494164,0x184,0x100,0x267e21e432e4e697
0x2f1738,0xe2690,3754,0x49d064,0x160,0x100,0x2e0993b0cc55be4a
0x2f17f4,0xe26b0,3755,0x52bd20,0x720,0x100,0xb0396c6679faec4d
0x2f182c,0xe2010,3702,0x226534,0x168,0x100,0x895f81b800ef1963
0x2f18b0,0xe26d0,3756,0x699800,0x214,0x100,0x3ca248a617da92c8
0x2f196c,0xe26f0,3757,0x6cc0c8,0xc30,0x100,0xbde9b3a863c2b6aa
0x2f1a28,0xe2710,3758,0x60bbe0,0x368,0x100,0x1bb7831b24bfb757
0x2f1ae4,0xe2730,3759,0x259394,0x3dc,0x100,0x5477847f2f576237
0x2f1ba0,0xe2750,3760,0x52bb20,0x4c,0x100,0x50bc952d3fdda893
0x2f1c5c,0xe2770,3761,0x260e94,0x32c,0x100,0xbff1a30201569ee
0x2f1d18,0xe2790,3762,0x372790,0x2b4,0x100,0xb78eb07b111233c0
0x2f1dd4,0xe27b0,3763,0x22a834,0x1f8,0x100,0xa4a1a9406d97ef2f
0x2f1e90,0xe27d0,3764,0x42e738,0x2f8,0x100,0x630d319508a7df87
0x2f1f4c,0xe27f0,3765,0x557d4c,0x274,0x100,0xca677a10e41ce41d
0x2f2008,0xe2810,3766,0x49d964,0x1d8,0x100,0x370d1c7f42c3e2a1
0x2f20c4,0xe2830,3767,0x48af64,0x850,0x100,0x97d3b3af90414374
0x2f20fc,0xe2010,3702,0x226534,0x168,0x100,0x895f81b800ef1963
0x2f2180,0xe2850,3768,0x494d64,0x404,0x100,0xf95859b944549309
0x2f223c,0xe2870,3769,0x2888cc,0x27c,0x100,0x1c7bcc4afd19a531
0x2f22f8,0xe2890,3770,0x42d238,0x1e8,0x100,0xb249c37887e70e57
0x2f23b4,0xe28b0,3771,0x316f3c,0x244,0x100,0x50541f0e39bd3125
0x2f2470,0xe28d0,3772,0x4a1164,0x1f8,0x100,0x1bf4aeee768981b7
0x2f24a8,0xe2010,3702,0x226534,0x168,0x100,0x895f81b800ef1963
0x2f252c,0xe28f0,3773,0x3b6274,0x1b4,0x100,0x2d7e11e516902ef5
0x2f2564,0xe2010,3702,0x226534,0x168,0x100,0x895f81b800ef1963
0x2f25e8,0xe2910,3774,0x47ee64,0x4f0,0x100,0xee16755cc4c8022
0x2f26a4,0xe2930,3775,0x4cb444,0x800,0x100,0xbd8e9b1153e56513
0x2f2760,0xe2950,3776,0x41bb38,0x390,0x100,0x51cfc1eef55a7b95
0x2f281c,0xe2970,3777,0x30076c,0x1e8,0x100,0x64214ba8464f100d
0x2f28d8,0xe2990,3778,0x5ad7fc,0xe8,0x100,0xe0ab51bb06f62e1
0x2f2910,0xe2010,3702,0x226534,0x168,0x100,0x895f81b800ef1963
0x2f2994,0xe29b0,3779,0x36a390,0x320,0x100,0xc29668fa2dc39b42
0x2f29cc,0xe2010,3702,0x226534,0x168,0x100,0x895f81b800ef1963
0x2f2a50,0xe29d0,3780,0x68922c,0x27c,0x100,0xda7d1b5a6b32db8e
0x2f2b0c,0xe29f0,3781,0x4d5544,0x364,0x100,0x323d5fbf0c9a2c4e
0x2f2bc8,0xe2a10,3782,0x486564,0x308,0x100,0x37d9a7bec1fad2ab
0x2f2c84,0xe2a30,3783,0x532620,0x37c,0x100,0xfd724051026345f5
0x2f2d40,0xe2a50,3784,0x5ab0fc,0x438,0x100,0x1309a5ae3ad61673
0x2f2dfc,0xe2a70,3785,0x2fc1bc,0x32c,0x100,0x772dfeba7221054c
0x2f2eb8,0xe2a90,3786,0x26d600,0x350,0x100,0xc876e8826bb602d8
0x2f2f74,0xe2ab0,3787,0x2f3914,0xb4,0x100,0x131ae8bfb10000c7
0x2f305c,0xe2af0,3789,0x68d2d0,0x264,0x100,0x98a79b91e7bb8523
0x2f3118,0xe2b10,3790,0x4a2b64,0x234,0x38,0x297649f445d62105
0x2f31d4,0xe2b30,3791,0x67a284,0x630,0x100,0x8a4f49e72fe51e57
0x2f3290,0xe2b50,3792,0x260294,0x54c,0x100,0xf399cbc4134807c9
0x2f32c8,0xe2010,3702,0x226534,0x168,0x100,0x895f81b800ef1963
0x2f334c,0xe2b70,3793,0x483d64,0x1a4,0x100,0x6c27ef4893e807c2
0x2f3384,0xe2010,3702,0x226534,0x168,0x100,0x895f81b800ef1963
0x2f3408,0xe2b90,3794,0x26d800,0x148,0x100,0x79b302ce7547d284
0x2f34c4,0xe2bb0,3795,0x5bf4fc,0x120,0x100,0x644e9518aa695b76
0x2f3580,0xe2bd0,3796,0x494464,0x188,0x100,0xa4639cde16778e11
0x2f363c,0xe2c10,3798,0x4a0364,0x26c,0x100,0xf587e2ec8a7a71a2
0x2f36f8,0xe2c30,3799,0x25c594,0x688,0x100,0x493c52434f9830ed
0x2f37b4,0xe2c50,3800,0x312e3c,0x13c,0x100,0x87c3fc8e5638246d
0x2f3870,0xe2c90,3802,0x226134,0x64,0x100,0x5b1220a19f12301a
0x2f392c,0xe2cf0,3805,0x2e4c14,0x6c,0x100,0x55def6e5da57cea2
0x2f39e8,0xe2d10,3806,0x481364,0x134,0x100,0x88ff71fb2394cbfd
0x2f3aa4,0xe2d50,3808,0x52db20,0x54,0x100,0x200a032fe8e83f2b
0x2f3b60,0xe2d90,3810,0x312f3c,0x14c,0x100,0x1e87c20c62803f0c
0x2f3c1c,0xe2db0,3811,0x268ca8,0x260,0x100,0x812a380f2cbc576f
0x2f3cd8,0xe2dd0,3812,0x39a254,0x94,0x18,0xa84e3601a6e9fe8f
0x2f3d94,0xe2df0,3813,0x399654,0x214,0x100,0x9abd215ebb48672a
0x2f3e50,0xe2e50,3816,0x228b34,0x94,0x100,0x6a5b4e64a2ddd344
0x2f3f0c,0xe2e70,3817,0x60d6e0,0x20c,0x100,0x7cde135efaa10bd2
0x2f3fc8,0xe2e90,3818,0x485664,0x130,0x100,0xbede852e5768b26
0x2f4084,0xe2eb0,3819,0x397f54,0x258,0x100,0xd039fcb491338d23
0x2f40bc,0xe2010,3702,0x226534,0x168,0x100,0x895f81b800ef1963
0x2f4140,0xe2ed0,3820,0x398e54,0x644,0x100,0x1c738acc63b30547
0x2f41fc,0xe2ef0,3821,0x530720,0x854,0x100,0x2cfb8b02d636c52a
0x2f42b8,0xe2f10,3822,0x224134,0xb40,0x100,0xe1306859eaf358b1
0x2f4374,0xe2f30,3823,0x4cfa44,0x2b4,0x100,0xf4f45b39f7ed360c
0x2f43ac,0xe2010,3702,0x226534,0x168,0x100,0x895f81b800ef1963
0x2f4430,0xe2f50,3824,0x6127e0,0x1e0,0x100,0xd34848e0ad74d2da
0x2f4468,0xe2010,3702,0x226534,0x168,0x100,0x895f81b800ef1963
0x2f44ec,0xe2f70,3825,0x6020e0,0x230,0x100,0x82022bc695490f7d
0x2f45a8,0xe2f90,3826,0x377790,0x3c0,0x100,0x78d02e72c09ebc3a
0x2f4664,0xe2fb0,3827,0x5b08fc,0x428,0x100,0x1474b79f0d4b0d63
0x2f469c,0xe2010,3702,0x226534,0x168,0x100,0x895f81b800ef1963
0x2f4720,0xe2fd0,3828,0x424038,0x160,0x100,0x146d063a3f5459b7
0x2f47dc,0xe2ff0,3829,0x227134,0x64,0x100,0x5c53461e32a75f02
0x2f4898,0xe3010,3830,0x4d1744,0x440,0x100,0xf29e3185835ff50f
0x2f4954,0xe3030,3831,0x5b02fc,0x270,0x100,0x2ea675cd8fe5f980
0x2f4a10,0xe3090,3834,0x5b37fc,0x120,0x100,0x41c92f86633bf046
0x2f4a90,0xe4ab0,4043,0x2dc8f0,0x20,0x0,0x3baf50dff0be59a5
0x2f4d78,0xe5550,4128,0x2e3df0,0x20,0x0,0xbc872f408705108b
0x2f4f00,0xe4ad0,4044,0x2dca50,0x20,0x0,0x1d5f597ad74dc4f3
0x2f5120,0xe4af0,4045,0x2dcbb0,0x20,0x0,0xcbe28b5c437aead2
0x2f5270,0xe4df0,4069,0x2decb0,0x20,0x0,0x16481e7c48321ab2
0x2f5304,0xe5330,4111,0x2e2670,0x20,0x0,0x1d2c16ecaa74b370
0x2f5514,0xe4e10,4070,0x2dee10,0x20,0x0,0x5163312af2f0b9a7
0x2f55c4,0xe5350,4112,0x2e27d0,0x20,0x0,0x764e0a05368484cc
0x2f5808,0xe4e30,4071,0x2def70,0x20,0x0,0xda83ef0cdee9ee7b
0x2f58a0,0xe5370,4113,0x2e2930,0x20,0x0,0x743ba803f35e7852
0x2f7328,0xe4b10,4046,0x2dcd10,0x20,0x0,0x408916ac3e857c70
0x2f77fc,0xe4b50,4048,0x2dcfd0,0x20,0x0,0x401c749baae1c16
0x2f8238,0xe4b70,4049,0x2dd130,0x20,0x0,0x1f5d60c7a6bdc964
0x2f833c,0xe4b90,4050,0x2dd290,0x20,0x0,0xe5595de2f0cc4505
0x2f83c4,0xe50f0,4093,0x2e0db0,0x20,0x0,0x1b7ccccec231f930
0x2f865c,0xe4bb0,4051,0x2dd3f0,0x20,0x0,0x52fa78c8b0f915ea
0x2f87a4,0xe4bd0,4052,0x2dd550,0x20,0x0,0x16c1227a4a922120
0x2f896c,0xe4b90,4050,0x2dd290,0x20,0x0,0xe5595de2f0cc4505
0x2f89f0,0xe50f0,4093,0x2e0db0,0x20,0x0,0x1b7ccccec231f930
0x2f8c54,0xe4bf0,4053,0x2dd6b0,0x20,0x0,0x90f4a561ae3f8661
0x2f8e5c,0xe4c10,4054,0x2dd810,0x20,0x0,0x13b5cdf80674558d
0x2f909c,0xe4c50,4056,0x2ddad0,0x20,0x0,0x95d78429b825b8f0
0x2f92e0,0xe4c70,4057,0x2ddc30,0x20,0x0,0xd2e76d9f84ef35f5
0x2f9564,0xe4c90,4058,0x2ddd90,0x20,0x0,0x49683374851e8203
0x2f9750,0xe4010,3958,0x2d53f0,0x20,0x0,0xfe6fadec60ac3299
0x2f977c,0xe4010,3958,0x2d53f0,0x20,0x0,0xfe6fadec60ac3299
0x2f9888,0xe4cb0,4059,0x2ddef0,0x20,0x0,0x913650f0d7bd9403
0x2f9b24,0xe4cd0,4060,0x2de050,0x20,0x0,0xbedfe1424acb2843
0x2f9e94,0xe4cf0,4061,0x2de1b0,0x20,0x0,0x157fc5fcc5fb6ba3
0x2fa02c,0xe4d10,4062,0x2de310,0x20,0x0,0xd25e45e5d13e3f9
0x2fa1e8,0xe4010,3958,0x2d53f0,0x20,0x0,0xfe6fadec60ac3299
0x2fa368,0xe4d30,4063,0x2de470,0x20,0x0,0xbc1b14a42e61d803
0x2fa724,0xe4d50,4064,0x2de5d0,0x20,0x0,0x42f549c6ed422d93
0x2fad30,0xe51f0,4101,0x2e18b0,0x20,0x0,0xedcbbe33acca73bd
0x2fafc4,0xe4d70,4065,0x2de730,0x20,0x0,0x1e3e159eb5db704c
0x2fb26c,0xe4db0,4067,0x2de9f0,0x20,0x0,0x89198a5631b93f97
0x2fb510,0xe4e50,4072,0x2df0d0,0x20,0x0,0x7cc16df377ef78b1
0x2fb790,0xe4e70,4073,0x2df230,0x20,0x0,0xf0f8c259285f1bca
0x2fba80,0xe4e90,4074,0x2df390,0x20,0x0,0x141862a7f81e5665
0x2fbc2c,0xe4eb0,4075,0x2df4f0,0x20,0x0,0x34de706ea630645
0x2fbe20,0xe4ed0,4076,0x2df650,0x20,0x0,0xce3c61407b16abdc
0x2fc0e8,0xe4ef0,4077,0x2df7b0,0x20,0x0,0x4e05588eeffec36a
0x2fc23c,0xe4df0,4069,0x2decb0,0x20,0x0,0x16481e7c48321ab2
0x2fc2d0,0xe5330,4111,0x2e2670,0x20,0x0,0x1d2c16ecaa74b370
0x2fcaac,0xe5390,4114,0x2e2a90,0x20,0x0,0xb8d7d0753ea4e9b0
0x2fcac0,0xe5350,4112,0x2e27d0,0x20,0x0,0x764e0a05368484cc
0x2fd29c,0xe4f10,4078,0x2df910,0x20,0x0,0xc84e2cf9a918d459
0x2fd578,0xe4f30,4079,0x2dfa70,0x20,0x0,0xc770f893062e634a
0x2fdbac,0xe4f70,4081,0x2dfd30,0x20,0x0,0xfa2b10a9bbd42487
0x2fe0d4,0xe4f90,4082,0x2dfe90,0x20,0x0,0xf4cfeb36090c1054
0x2fe4a0,0xe5210,4102,0x2e1a10,0x20,0x0,0x99972f6028871749
0x2fe650,0xe5230,4103,0x2e1b70,0x20,0x0,0x3e9cb79604ffb4b3
0x2fe900,0xe5250,4104,0x2e1cd0,0x20,0x0,0xae872ff9ec59548c
0x2fea30,0xe5270,4105,0x2e1e30,0x20,0x0,0xfb93726431b6993f
0x2feb98,0xe5290,4106,0x2e1f90,0x20,0x0,0x260bf6538c545956
0x2fed24,0xe52b0,4107,0x2e20f0,0x20,0x0,0x9ff5d8502c54a28c
0x2fef08,0xe5010,4086,0x2e0410,0x20,0x0,0x5ac56930099bb090
0x2fef78,0xe52d0,4108,0x2e2250,0x20,0x0,0x34a71e656de2bad6
0x2ff094,0xe52f0,4109,0x2e23b0,0x20,0x0,0xffdfeba0f1d875a8
0x2ff390,0xe53b0,4115,0x2e2bf0,0x20,0x0,0x800ee244d1fe3af7
0x2ff8c4,0xe53d0,4116,0x2e2d70,0x20,0x0,0x18a3178f3b91d682
0x2ffa50,0xe53f0,4117,0x2e2ed0,0x20,0x0,0x9be99ce52d67bd96
0x300108,0xe5430,4119,0x2e3190,0x20,0x0,0x21e29e6168df0760
0x300330,0xe5450,4120,0x2e32f0,0x20,0x0,0x9adb5dc6a226d251
0x300530,0xe5470,4121,0x2e3450,0x20,0x0,0xad66b92822974075
0x300674,0xe5490,4122,0x2e35b0,0x20,0x0,0x8f1dd01613e7674e
0x3007a8,0xe54b0,4123,0x2e3710,0x20,0x0,0x70e3a3d885caa52d
0x300904,0xe54f0,4125,0x2e39d0,0x20,0x0,0x4572c430aac508d4
0x300b8c,0xe5570,4129,0x2e3f50,0x20,0x0,0xc3552bc481c84727
0x300d4c,0xe5590,4130,0x2e40b0,0x20,0x0,0xeb854a56cbfbfca4
0x301064,0xe55b0,4131,0x2e4210,0x20,0x0,0xb4e56a45ffa8306e
0x30116c,0xe55d0,4132,0x2e4370,0x20,0x0,0xd72daad724d33be2
0x301724,0xe55f0,4133,0x2e44d0,0x20,0x0,0x18ce77e7072a7ca0
0x3017f0,0xe5610,4134,0x2e4630,0x20,0x0,0xb24c7a15dba10962
0x3018c8,0xe5630,4135,0x2e4790,0x20,0x0,0x57b2bb7007d5aaf6
0x3019b4,0xe5650,4136,0x2e48f0,0x20,0x0,0xc3552bc481c84727
0x301aa8,0xe5670,4137,0x2e4a50,0x20,0x0,0x248b9bc46cd4c8d1
0x301d20,0xe5010,4086,0x2e0410,0x20,0x0,0x5ac56930099bb090
0x301f08,0xe5690,4138,0x2e4bb0,0x20,0x0,0x2b253b1e6a432a73
0x301fd4,0xe56b0,4139,0x2e4d10,0x20,0x0,0x492454a4f006bd74
0x3020ac,0xe56d0,4140,0x2e4e70,0x20,0x0,0x279eecb661c93743
0x30274c,0xe56f0,4141,0x2e4fd0,0x20,0x0,0x1ccd039a73c063fb
0x303388,0xe5710,4142,0x2e5130,0x20,0x0,0x67d331f25316c9c5
0x3037bc,0xe5730,4143,0x2e5290,0x20,0x0,0xd849b4a78d140edd
0x3038b8,0xe5750,4144,0x2e53f0,0x20,0x0,0x211b9ddb2323e868
0x303b64,0xe5770,4145,0x2e5550,0x20,0x0,0xa4f84bbd7eb4ec01
0x303ef4,0xe5790,4146,0x2e56b0,0x20,0x0,0x6fce2985772d1b0c
0x3040d0,0xe5010,4086,0x2e0410,0x20,0x0,0x5ac56930099bb090
0x3041fc,0xe57b0,4147,0x2e5810,0x20,0x0,0x1ccd039a73c063fb
0x304564,0xe57d0,4148,0x2e5970,0x20,0x0,0xc3552bc481c84727
0x304870,0xe57f0,4149,0x2e5ad0,0x20,0x0,0xd20ebaa4213b9059
0x304aa8,0xe5810,4150,0x2e5c30,0x20,0x0,0x3573fd83dd1e5bdc
0x304d48,0xe5830,4151,0x2e5d90,0x20,0x0,0x5f0f0179e2032289
0x304f40,0xe5850,4152,0x2e5ef0,0x20,0x0,0x6fb8ec0577209b0c
0x3051f4,0xe5870,4153,0x2e6050,0x20,0x0,0x57b2bb7001d5aca9
0x305468,0xe5890,4154,0x2e61b0,0x20,0x0,0xc3552bc481c84727
0x305620,0xe58b0,4155,0x2e6310,0x20,0x0,0x6cdd377b9b54e1f2
0x305960,0xe58d0,4156,0x2e6470,0x20,0x0,0x30a8b829c51987ff
0x305be4,0xe58f0,4157,0x2e65d0,0x20,0x0,0x4d2ab3b8aa9b2797
0x305ed0,0xe5910,4158,0x2e6730,0x20,0x0,0x83b04de64008aefc
0x3060d0,0xe5930,4159,0x2e6890,0x20,0x0,0x57b2bb7001d5aca9
0x3062ec,0xe5950,4160,0x2e69f0,0x20,0x0,0x7d97f78e489fe398
0x3064dc,0xe5970,4161,0x2e6b50,0x20,0x0,0xd849b4a78d140edd
0x306770,0xe5990,4162,0x2e6cb0,0x20,0x0,0xd19aa943e88e5360
0x3069fc,0xe59b0,4163,0x2e6e10,0x20,0x0,0xc4a2f5667ca7997c
0x306cc0,0xe59d0,4164,0x2e6f70,0x20,0x0,0x6935f16eea245306
0x306fa0,0xe59f0,4165,0x2e70d0,0x20,0x0,0x1ccd039a73c063fb
0x307374,0xe5a10,4166,0x2e7230,0x20,0x0,0xc30db978f7a476aa
0x307658,0xe5a30,4167,0x2e7390,0x20,0x0,0x4d60cc524d17d66b
0x307844,0xe5010,4086,0x2e0410,0x20,0x0,0x5ac56930099bb090
0x3079e8,0xe5a50,4168,0x2e74f0,0x20,0x0,0x6709854882ee6afa
0x307d64,0xe5a70,4169,0x2e7650,0x20,0x0,0x8b0d8b5e1d7f361b
0x307f6c,0xe5a90,4170,0x2e77b0,0x20,0x0,0x98dd68696ff259f6
0x308234,0xe5ab0,4171,0x2e7910,0x20,0x0,0x3297bc16805e0c76
0x3084a4,0xe5ad0,4172,0x2e7a70,0x20,0x0,0x739527dae7c4ebeb
0x308650,0xe5af0,4173,0x2e7bd0,0x20,0x0,0x500131d8d2c2844d
0x308b0c,0xe5b10,4174,0x2e7d30,0x20,0x0,0x45144d0922ce93db
0x308cb0,0xe5b30,4175,0x2e7e90,0x20,0x0,0xa1359ff2e747b26b
0x308f24,0xe5b50,4176,0x2e7ff0,0x20,0x0,0x500131d8d2c2844d
0x3091f0,0xe5b70,4177,0x2e8150,0x20,0x0,0x97c27b3b2ff9cbfd
0x30941c,0xe5b90,4178,0x2e82b0,0x20,0x0,0x61285bbef9273453
0x3097ac,0xe5bb0,4179,0x2e8410,0x20,0x0,0x92144d0922cc0759
0x30994c,0xe5bd0,4180,0x2e8570,0x20,0x0,0xc4a2f5667ca7997c
0x309d5c,0xe5bf0,4181,0x2e86d0,0x20,0x0,0x289ea0539073ed27
0x30a07c,0xe5c10,4182,0x2e8830,0x20,0x0,0x307f64a671f720a4
0x30a4c0,0xe5c30,4183,0x2e8990,0x20,0x0,0xf057e998bbbc2d29
0x30a72c,0xe5c50,4184,0x2e8af0,0x20,0x0,0x307f64a671f720a4
0x30a954,0xe5c70,4185,0x2e8c50,0x20,0x0,0xb31891bd2f966d14
0x30ab00,0xe5c90,4186,0x2e8db0,0x20,0x0,0x2e81cbb6a3557bce
0x30add0,0xe5cb0,4187,0x2e8f10,0x20,0x0,0x81554d1d73b49df2
0x30b05c,0xe5cd0,4188,0x2e9070,0x20,0x0,0xb425839f4c81bdb4
0x30b1f8,0xe5cf0,4189,0x2e91d0,0x20,0x0,0x18ce77e7072a7ca0
0x30b4cc,0xe5d10,4190,0x2e9330,0x20,0x0,0xeae4f961a1d81cbe
0x30b640,0xe5d30,4191,0x2e9490,0x20,0x0,0x57b2bb7004d5ae5c
0x30bd24,0xe5d50,4192,0x2e95f0,0x20,0x0,0xc3552bc481c84727
0x30c074,0xe5d70,4193,0x2e9750,0x20,0x0,0xdc6a238039053acd
0x30c358,0xe5d90,4194,0x2e98b0,0x20,0x0,0x1725d604a0297110
0x30c54c,0xe5db0,4195,0x2e9a10,0x20,0x0,0x786d9811e308cbfd
0x30c79c,0xe5dd0,4196,0x2e9b70,0x20,0x0,0xcbadea4972df5e25
0x30c9bc,0xe5df0,4197,0x2e9cd0,0x20,0x0,0x1ccd039a73c063fb
0x30cb74,0xe5010,4086,0x2e0410,0x20,0x0,0x5ac56930099bb090
0x30cd28,0xe5e10,4198,0x2e9e30,0x20,0x0,0x7574c75f13b9d18e
0x30d27c,0xe5e30,4199,0x2e9f90,0x20,0x0,0xd849b4a78d140edd
0x30d650,0xe5e50,4200,0x2ea0f0,0x20,0x0,0x69628102026e7ea0
0x30d9ac,0xe5e70,4201,0x2ea250,0x20,0x0,0x1e0b0aae37815254
0x30dc38,0xe5e90,4202,0x2ea3b0,0x20,0x0,0x894a9a6ec983019c
0x30decc,0xe5eb0,4203,0x2ea510,0x20,0x0,0xadf37f671b779f49
0x30e060,0xe5ed0,4204,0x2ea670,0x20,0x0,0x624849517ecef381
0x30e210,0xe5ef0,4205,0x2ea7d0,0x20,0x0,0xcbfac0373f5af1bd
0x30e30c,0xe5f10,4206,0x2ea930,0x20,0x0,0xdcadde615d638baa
0x30e4b4,0xe5f30,4207,0x2eaa90,0x20,0x0,0xc4a2f5667ca7997c
0x30e5a8,0xe5f50,4208,0x2eabf0,0x20,0x0,0x329f1d3c6bea29c1
0x30ebb0,0xe5f70,4209,0x2ead50,0x20,0x0,0x8a88f5bba0b52be5
0x30eff4,0xe5f90,4210,0x2eaeb0,0x20,0x0,0xfe786109a66b2cf6
0x30f278,0xe5fb0,4211,0x2eb010,0x20,0x0,0xc11d01cdfe1f4284
0x30f7e0,0xe5fd0,4212,0x2eb170,0x20,0x0,0xf8144b5622cf6c5c
0x30fa50,0xe6010,4214,0x2eb430,0x20,0x0,0x6bb25f4e9ecd4305
0x30fb9c,0xe6050,4216,0x2eb6f0,0x20,0x0,0x500131d8d2c2844d
0x30fc24,0xe6070,4217,0x2eb850,0x20,0x0,0x348f806caac8e0dd
0x30fe4c,0xe6030,4215,0x2eb590,0x20,0x0,0xa1359ff2e747b26b
0x30fee4,0xe5370,4113,0x2e2930,0x20,0x0,0x743ba803f35e7852
0x3101f0,0xe60b0,4219,0x2ebb10,0x20,0x0,0x2108f7bba4c6a90f
0x310440,0xe60d0,4220,0x2ebc70,0x20,0x0,0x307f64a677f71ef1
0x310b34,0xe60f0,4221,0x2ebdd0,0x20,0x0,0x24db5b4ea3092ed7
0x310bf8,0xe6110,4222,0x2ebf30,0x20,0x0,0xc0324eb243a1eab5
0x310dac,0xe6130,4223,0x6c3224,0x318,0x100,0x9df5c9ed3c7e7a3a
0x310e68,0xe6150,4224,0x376c90,0x100,0x100,0x19ff389ccc595ff0
0x310ea0,0xe6010,4214,0x2eb430,0x20,0x0,0x6bb25f4e9ecd4305
0x310f24,0xe6170,4225,0x6e2d80,0x5b8,0x100,0xe70637e9a26a04f1
0x310fe0,0xe6190,4226,0x2eb214,0x358,0x100,0xf066bb5f8eeff1ca
0x31109c,0xe61b0,4227,0x2e4514,0x2e8,0x100,0x172d3a7c71f3ab79
0x31116c,0xe61d0,4228,0x53d320,0x164,0x100,0x1cad0a3829147466
0x3111a4,0xe6010,4214,0x2eb430,0x20,0x0,0x6bb25f4e9ecd4305
0x31123c,0xe61f0,4229,0x646020,0xc8,0x8,0x289cf2760d103122
0x3112f8,0xe6210,4230,0x543ed4,0xc8,0x28,0x23ed13c8842a7927
0x311330,0xe6010,4214,0x2eb430,0x20,0x0,0x6bb25f4e9ecd4305
0x3113f8,0xe6230,4231,0x28e6cc,0x2f8,0x100,0x1cea0d885a843657
0x3114b4,0xe6250,4232,0x372f90,0x2bc,0x100,0x99dc904698914c75
0x311570,0xe6270,4233,0x42eb38,0x218,0x100,0x5c16eb1519637b8e
0x3115a8,0xe6010,4214,0x2eb430,0x20,0x0,0x6bb25f4e9ecd4305
0x31162c,0xe6290,4234,0x25dc94,0x2200,0x100,0xb495759268aea15c
0x311664,0xe6010,4214,0x2eb430,0x20,0x0,0x6bb25f4e9ecd4305
0x311714,0xe62d0,4236,0x6d1a74,0x434,0x100,0x32130f4b518ba999
0x3117d0,0xe62f0,4237,0x675c24,0xa54,0x100,0x58cb57efa713af01
0x31188c,0xe6310,4238,0x227b34,0x348,0x100,0xccaa552acc3cafa5
0x3118c4,0xe6010,4214,0x2eb430,0x20,0x0,0x6bb25f4e9ecd4305
0x311948,0xe6350,4240,0x433538,0x4c0,0x100,0xfaaa58360ae3e390
0x311a04,0xe6370,4241,0x52a620,0x1f4,0x100,0x108cc6fe485b7ad4
0x311ac0,0xe6390,4242,0x235208,0x24c,0x100,0x153d35cfbb95f0a7
0x311b7c,0xe63d0,4244,0x4c9344,0x2d4,0x100,0xd7afde39e82185ec
0x311c38,0xe63f0,4245,0x49c064,0x250,0x100,0xdbfb81f3c35ae98c
0x311cf4,0xe6410,4246,0x423d38,0x328,0x100,0x58dcbb12e7c6c648
0x311db0,0xe6450,4248,0x27feb4,0x2d0,0x100,0x538b0856e91502dc
0x311e6c,0xe6470,4249,0x2ea414,0x4c,0x100,0xe1e181987358eae5
0x311f28,0xe6490,4250,0x4d9c44,0x160,0x100,0xd12ee029815b6705
0x311fe4,0xe64b0,4251,0x6021e0,0x390,0x100,0x27c49662f4c1d24e
0x31201c,0xe6010,4214,0x2eb430,0x20,0x0,0x6bb25f4e9ecd4305
0x3120a0,0xe64d0,4252,0x49cf64,0x29c,0x100,0x3ba8b8502ea9d78d
0x31215c,0xe64f0,4253,0x394254,0x1b8,0x100,0x36fc5c0a139e1f6c
0x312194,0xe6010,4214,0x2eb430,0x20,0x0,0x6bb25f4e9ecd4305
0x312218,0xe6510,4254,0x427a38,0x180,0x100,0xebdbd94ccfabe652
0x312250,0xe6010,4214,0x2eb430,0x20,0x0,0x6bb25f4e9ecd4305
0x3122d4,0xe6530,4255,0x6d9004,0x2a4,0x8,0x5dcc92f5d31574d7
0x312390,0xe6550,4256,0x36e390,0x9c,0x100,0x176f0a38f4cd405d
0x31244c,0xe65d0,4260,0x48c664,0x238,0x100,0xf5efb7fba2d5999d
0x312508,0xe65f0,4261,0x49bf64,0x1e8,0x100,0x5046946f1ab738a
0x312540,0xe6010,4214,0x2eb430,0x20,0x0,0x6bb25f4e9ecd4305
0x3125c4,0xe6610,4262,0x260b94,0x1bc,0x100,0xcf2509b0a2c25459
0x312680,0xe6630,4263,0x4db344,0x520,0x100,0x63d660b4095acf4a
0x31273c,0xe6650,4264,0x2931cc,0x274,0x100,0xa6b3c4bdbbfed5ba
0x312774,0xe6010,4214,0x2eb430,0x20,0x0,0x6bb25f4e9ecd4305
0x3127f8,0xe6670,4265,0x266094,0x2f0,0x100,0x86a1631e1bd9db20
0x3128b4,0xe6690,4266,0x494664,0x1b8,0x100,0x199ba151d630bf83
0x312970,0xe66f0,4269,0x4d5744,0x1b4,0x100,0xa6db0ae763c29815
0x3129a8,0xe6010,4214,0x2eb430,0x20,0x0,0x6bb25f4e9ecd4305
0x312a2c,0xe6710,4270,0x535320,0x2c0,0x100,0x817c72c87104165c
0x312ae8,0xe6730,4271,0x48f664,0x648,0x100,0x98ebf36bbc32a452
0x312ba4,0xe6750,4272,0x224634,0x19c,0x100,0x5d8e6fe01ef1a77b
0x312c60,0xe6770,4273,0x392e54,0x3e0,0x100,0x1c7aaca5b45e19aa
0x312d1c,0xe6790,4274,0x426138,0xcc,0x100,0x9caaf85df03961ef
0x312dd8,0xe67b0,4275,0x372a90,0x204,0x100,0xee739b3ccc589d7a
0x312e94,0xe6810,4278,0x3bd098,0x268,0x100,0x7bf22fb778051c26
0x312f50,0xe6850,4280,0x28d0cc,0x150,0x100,0x3117946829cd64f6
0x312f88,0xe6010,4214,0x2eb430,0x20,0x0,0x6bb25f4e9ecd4305
0x31300c,0xe6890,4282,0x6d1c74,0x158,0x100,0x90fc1a1c515dee10
0x3130c8,0xe68b0,4283,0x2f3e14,0x98,0x100,0xeca55b035ea687bf
0x313198,0xe68f0,4285,0x61f8a0,0x610,0x100,0xfe1b69b2d2b852a0
0x313254,0xe6930,4287,0x53b020,0x38,0x100,0xf5c213e60b025307
0x313310,0xe6970,4289,0x4a1c64,0x98,0x100,0xc4351e6715abc97b
0x3133cc,0xe6990,4290,0x5b33fc,0x54,0x100,0x5c90bd0657540817
0x313488,0xe6a30,4295,0x393354,0xd4,0x100,0xb0d4881ea4475f58
0x313544,0xe6a50,4296,0x25f694,0x478,0x100,0xcf330973e8eb1174
0x313600,0xe6a70,4297,0x376590,0xa4,0x100,0x48a3e708dbe33ed
0x3136e8,0xe6a90,4298,0x2929cc,0x4c,0x100,0x40fc1ba5dcf5fd06
0x313720,0xe6010,4214,0x2eb430,0x20,0x0,0x6bb25f4e9ecd4305
0x3137d0,0xe6ab0,4299,0x2e8814,0xc58,0x100,0xb2483793aeb0a953
0x313808,0xe6010,4214,0x2eb430,0x20,0x0,0x6bb25f4e9ecd4305
0x3138c0,0xe6ad0,4300,0x41a238,0x454,0x100,0xea195322467f1864
0x3139a8,0xe6af0,4301,0x377a90,0xe4,0x100,0x78f38fab213635e
0x313a90,0xe6b10,4302,0x2b6c80,0x2b4,0x100,0x9a960e0f58d03ead
0x313bac,0xe6b30,4303,0x3aced0,0x360,0x100,0x82c7fb36c0516ed
0x313c94,0xe6b50,4304,0x6c8e80,0x2c,0x38,0x5b55944b5b1af94d
0x313d7c,0xe6b70,4305,0x2e3f14,0x20,0x100,0xe2970bad53813b1d
0x313e38,0xe6b90,4306,0x4cb844,0x61c,0x100,0x9aefdb536d67e169
0x313ef4,0xe6bb0,4307,0x22a234,0x310,0x100,0xc99d31707580c890
0x313fb0,0xe6bd0,4308,0x55f04c,0xbc,0x100,0xf5d7327350c20dc4
0x31406c,0xe6bf0,4309,0x48ae64,0x148,0x100,0x5c7b626ab265038a
0x314128,0xe6c10,4310,0x424338,0x144,0x100,0xbf5ce5a6c58de1bd
0x3141e4,0xe6c30,4311,0x5b8afc,0x2c,0x100,0x72968dd62917a5df
0x3142a0,0xe6c50,4312,0x41b838,0x170,0x100,0xd4887cb93a67f845
0x31435c,0xe6c70,4313,0x5aaefc,0x18c,0x100,0x5048409305d2b7e1
0x314418,0xe6c90,4314,0x52d120,0x258,0x100,0xe2da76ba0b4e278d
0x314450,0xe6010,4214,0x2eb430,0x20,0x0,0x6bb25f4e9ecd4305
0x3144d4,0xe6cb0,4315,0x367f90,0x78,0x100,0xfd8cefe719db3b7e
0x31450c,0xe6010,4214,0x2eb430,0x20,0x0,0x6bb25f4e9ecd4305
0x314590,0xe6cd0,4316,0x421738,0x11c,0x100,0xf5a60b846331f1cd
0x31464c,0xe6cf0,4317,0x368a90,0x21c,0x100,0xf33ce958daa20d54
0x314708,0xe6d10,4318,0x651250,0x2e4,0x100,0x130e66759173d5ef
0x3147c4,0xe6d30,4319,0x31393c,0x17c,0x100,0xadc9ef8d705a9db4
0x314880,0xe6d50,4320,0x395e54,0x3a4,0x100,0x99a8797bbfa0874
0x31493c,0xe6d70,4321,0x4d9644,0x388,0x100,0x41e981a587e17183
0x3149f8,0xe6d90,4322,0x6122e0,0x414,0x100,0x391e78e0c1eaf405
0x314ab4,0xe6db0,4323,0x372490,0x314,0x100,0x6a20b5d3c63077d
0x314b70,0xe6dd0,4324,0x556d4c,0x170,0x100,0x23473e59b1ff562c
0x314c2c,0xe6df0,4325,0x370290,0x80,0x100,0x64e6462101f7d98b
0x314c64,0xe6010,4214,0x2eb430,0x20,0x0,0x6bb25f4e9ecd4305
0x314ce8,0xe6e10,4326,0x6adfc4,0x7c,0x100,0x23c3315b94ae61f1
0x314d20,0xe6010,4214,0x2eb430,0x20,0x0,0x6bb25f4e9ecd4305
0x314da4,0xe6e30,4327,0x259894,0x258,0x100,0x40c317fa4171922f
0x314e60,0xe6e50,4328,0x374090,0x17c,0x100,0x307f60a4cacd965e
0x314f1c,0xe6e70,4329,0x224434,0x3c,0x100,0x4d6b07f2e5ed8b8b
0x314fd8,0xe6e90,4330,0x4d3344,0x158,0x100,0x2805b514a971f155
0x315094,0xe6ed0,4332,0x2882cc,0x17c,0x100,0xbc02c276f5c33a0a
0x315150,0xe6ef0,4333,0x2902cc,0xec,0x100,0xf0b116b97b7302a0
0x31520c,0xe6f10,4334,0x49e764,0xe0,0x100,0x869f68e6ac17b631
0x3152c8,0xe6f30,4335,0x49f564,0x58,0x100,0x78cfc8d3f0423095
0x315300,0xe6010,4214,0x2eb430,0x20,0x0,0x6bb25f4e9ecd4305
0x315384,0xe6f50,4336,0x2ecd14,0x464,0x100,0x4502907e2c81e651
0x315440,0xe6f70,4337,0x2eec14,0x7c,0x100,0x2cdf146c9333871b
0x3154fc,0xe6f90,4338,0x55b04c,0x2c0,0x100,0xd5d539712a002635
0x3155b8,0xe6fb0,4339,0x22c534,0x344,0x100,0x1e7a893261f3cb02
0x315674,0xe6fd0,4340,0x2ebe14,0xdc,0x100,0x6123a1383a2699ff
0x315730,0xe6ff0,4341,0x41c838,0x5f0,0x100,0xa3ef66e4937b05c0
0x3157ec,0xe7010,4342,0x426438,0x368,0x100,0x7a3300bd13fd4a6b
0x3158a8,0xe7030,4343,0x482b64,0x284,0x100,0xea8e9091cbce8c6
0x315964,0xe7050,4344,0x480664,0x1e8,0x100,0xff1045bc70c86c29
0x315a20,0xe7070,4345,0x487e64,0x2bc,0x100,0x6ceb56ed938d5b6d
0x315adc,0xe7090,4346,0x2e6314,0x360,0x100,0x380d4a5df03629f9
0x315b98,0xe70b0,4347,0x427238,0x18c,0x100,0x8cbdf36028412f05
0x315c54,0xe70d0,4348,0x234508,0x2a0,0x100,0xd2b43d7414742ef5
0x315d10,0xe70f0,4349,0x422c38,0x27c,0x100,0xa8c5812771c2cf96
0x315dcc,0xe7110,4350,0x55c64c,0x21c,0x100,0x9ab0597125b94d1a
0x315e88,0xe7130,4351,0x52f220,0x300,0x100,0x12eac184e1e73dbc
0x315f44,0xe7150,4352,0x395c54,0x1f4,0x100,0xd67b0873987a2485
0x316000,0xe7170,4353,0x391754,0x1a0,0x100,0x93aa7d4e0d1e6115
0x3160bc,0xe7190,4354,0x48c464,0x1e8,0x100,0xa2dbf77551ede556
0x316178,0xe71b0,4355,0x48fe64,0x2e0,0x100,0x9419947464686452
0x316234,0xe71d0,4356,0x492764,0x298,0x100,0xfa6808caed9bf44e
0x3162f0,0xe71f0,4357,0x261a94,0x2a4,0x100,0x7964a3d296eac322
0x3163ac,0xe7210,4358,0x49cd64,0x3f0,0x100,0x1b78865aa37a0e1b
0x316468,0xe7230,4359,0x4a2564,0x2d4,0x100,0xa615e291e5613ca7
0x3164a0,0xe7010,4342,0x426438,0x368,0x100,0x7a3300bd13fd4a6b
0x316524,0xe7250,4360,0x6100e0,0x37c,0x100,0xe289fe0f1182cddf
0x3165e0,0xe7270,4361,0x2ef614,0x2ac,0x100,0x9d6132dd6f584a00
0x31669c,0xe7290,4362,0x53bb20,0x4c8,0x100,0x3adaca48db8a3972
0x3166d4,0xe7010,4342,0x426438,0x368,0x100,0x7a3300bd13fd4a6b
0x316758,0xe72b0,4363,0x399a54,0x1ac,0x100,0x90d1ce49c49d8988
0x316814,0xe72d0,4364,0x6cafc8,0x260,0x100,0xd60a1225ccc4d016
0x3168d0,0xe72f0,4365,0x4ce444,0x270,0x100,0x3457eb7688359d20
0x31698c,0xe7310,4366,0x52f220,0x2d0,0x100,0x12d74272fcbac14f
0x3169c4,0xe7010,4342,0x426438,0x368,0x100,0x7a3300bd13fd4a6b
0x316a48,0xe7330,4367,0x421b38,0x19c,0x100,0xaf53d55b6e67233d
0x316b04,0xe7350,4368,0x5a81fc,0x228,0x100,0xfacdfbbbcf054c5e
0x316bc0,0xe7370,4369,0x417b38,0x214,0x100,0xe4e5338f53017548
0x316c7c,0xe7390,4370,0x426138,0x2ac,0x100,0x6f146da211a6a279
0x316d38,0xe73b0,4371,0x41ac38,0x188,0x100,0xd46300280a035cb
0x316d70,0xe7010,4342,0x426438,0x368,0x100,0x7a3300bd13fd4a6b
0x316df4,0xe73d0,4372,0x667648,0x15c,0x100,0x8e6ef32b6cb31d7c
0x316eb0,0xe73f0,4373,0x36f190,0x2e4,0x100,0x43cfa0f86c64cd76
0x316f6c,0xe7410,4374,0x203664,0x214,0x100,0x791715999a94943e
0x317028,0xe7430,4375,0x53ba20,0x6e4,0x100,0x25ab32272733c61c
0x3170e4,0xe7450,4376,0x22a534,0x35c,0x100,0xebe073a5b8856f39
0x3171a0,0xe7470,4377,0x498f64,0x2e8,0x100,0x96b1edf1d104a6b3
0x3171d8,0xe7010,4342,0x426438,0x368,0x100,0x7a3300bd13fd4a6b
0x31725c,0xe7490,4378,0x264894,0x1e4,0x100,0xd53d21fa1480dbc9
0x317318,0xe74b0,4379,0x25a794,0x24c,0x100,0x1df419614a82c1d1
0x3173d4,0xe74d0,4380,0x2ea814,0x374,0x100,0xef303ed79d9958
0x317490,0xe74f0,4381,0x60abe0,0x54c,0x100,0x482614f8a9867e0f
0x31754c,0xe7510,4382,0x6bd4a8,0x3e4,0x100,0xf784ec811154d6b8
0x317608,0xe7530,4383,0x6cccc8,0xd4,0x100,0x74407755e0b58036
0x3176c4,0xe7550,4384,0x2891cc,0x1a4,0x100,0xe5298aecf4d45374
0x317780,0xe7570,4385,0x373c90,0x618,0x100,0x4fef6b40c56d693a
0x31783c,0xe7590,4386,0x210fa0,0x450,0x100,0xbf4f6308db8215b4
0x3178f8,0xe75b0,4387,0x31383c,0x274,0x100,0x8c66b2cbc858bf75
0x3179b4,0xe75d0,4388,0x42fe38,0x554,0x100,0xd21a4f5486a21d40
0x317a70,0xe75f0,4389,0x42c138,0xa30,0x100,0xc518e0094323570d
0x317b2c,0xe7610,4390,0x41ae38,0x1ec,0x100,0x9fdcc9d098bdebf9
0x317be8,0xe7630,4391,0x53bc20,0x208,0x100,0x96b1d4347ee15aaf
0x317ca4,0xe7650,4392,0x36c890,0x44,0x100,0x6dc08dfc005eb54a
0x317cdc,0xe7010,4342,0x426438,0x368,0x100,0x7a3300bd13fd4a6b
0x317d24,0xeb310,4878,0x315bf0,0x20,0x0,0x25c34516e9ecc0cc
0x317ebc,0xeb790,4914,0x318d70,0x20,0x0,0x7ff7eda309a33e53
0x317f44,0xeb7d0,4916,0x319030,0x20,0x0,0x1bd6679fcb6dca03
0x318124,0xeb770,4913,0x318c10,0x20,0x0,0xb1ffc7ff1f4b3dc6
0x3181c0,0xeb7b0,4915,0x318ed0,0x20,0x0,0x4e9ecdff254e3d1d
0x318364,0xeb330,4879,0x315d50,0x20,0x0,0x76ab2e85d456f7c6
0x318630,0xeb790,4914,0x318d70,0x20,0x0,0x7ff7eda309a33e53
0x3186b4,0xeb7d0,4916,0x319030,0x20,0x0,0x1bd6679fcb6dca03
0x31889c,0xeb770,4913,0x318c10,0x20,0x0,0xb1ffc7ff1f4b3dc6
0x318938,0xeb7b0,4915,0x318ed0,0x20,0x0,0x4e9ecdff254e3d1d
0x318b6c,0xeb370,4881,0x316010,0x20,0x0,0x18ce77e7072a7ca0
0x318dfc,0xeb3b0,4883,0x3162d0,0x20,0x0,0x57b2bb7002d5a277
0x319070,0xeb3d0,4884,0x316430,0x20,0x0,0xc3552bc481c84727
0x31935c,0xeb3f0,4885,0x316590,0x20,0x0,0x90c0d5178c33e7b5
0x3195ac,0xeb410,4886,0x3166f0,0x20,0x0,0x4abf8f38b8eac1ef
0x3199a0,0xeb430,4887,0x316850,0x20,0x0,0xfe3fe841c7fad010
0x319b68,0xe6030,4215,0x2eb590,0x20,0x0,0xa1359ff2e747b26b
0x319bfc,0xeb450,4888,0x3169b0,0x20,0x0,0xbfa435732ae3dfdc
0x319da8,0xeb470,4889,0x316b10,0x20,0x0,0x1ccd039a73c063fb
0x31a258,0xeb7b0,4915,0x318ed0,0x20,0x0,0x4e9ecdff254e3d1d
0x31a300,0xeb790,4914,0x318d70,0x20,0x0,0x7ff7eda309a33e53
0x31a310,0xeb7d0,4916,0x319030,0x20,0x0,0x1bd6679fcb6dca03
0x31a588,0xeb770,4913,0x318c10,0x20,0x0,0xb1ffc7ff1f4b3dc6
0x31a858,0xeb790,4914,0x318d70,0x20,0x0,0x7ff7eda309a33e53
0x31a860,0xeb7d0,4916,0x319030,0x20,0x0,0x1bd6679fcb6dca03
0x31aaec,0xeb770,4913,0x318c10,0x20,0x0,0xb1ffc7ff1f4b3dc6
0x31af14,0xeb490,4890,0x316c70,0x20,0x0,0xe7cb06eb3b71376d
0x31b0d0,0xeb4d0,4892,0x316f30,0x20,0x0,0x69628102026e7ea0
0x31b23c,0xeb4f0,4893,0x317090,0x20,0x0,0x6120f421f35ccc0c
0x31b50c,0xeb510,4894,0x3171f0,0x20,0x0,0x91d9b99f6ce08441
0x31bc48,0xeb530,4895,0x317350,0x20,0x0,0xc234a26a61d25c94
0x31bed4,0xeb550,4896,0x3174b0,0x20,0x0,0x397bf91776b8df29
0x31c168,0xeb570,4897,0x317610,0x20,0x0,0xcbfac0373f5af1bd
0x31c344,0xeb790,4914,0x318d70,0x20,0x0,0x7ff7eda309a33e53
0x31c374,0xeb7d0,4916,0x319030,0x20,0x0,0x1bd6679fcb6dca03
0x31c648,0xeb770,4913,0x318c10,0x20,0x0,0xb1ffc7ff1f4b3dc6
0x31c664,0xeb7b0,4915,0x318ed0,0x20,0x0,0x4e9ecdff254e3d1d
0x31ca40,0xeb790,4914,0x318d70,0x20,0x0,0x7ff7eda309a33e53
0x31cb00,0xeb7d0,4916,0x319030,0x20,0x0,0x1bd6679fcb6dca03
0x31cd7c,0xeb770,4913,0x318c10,0x20,0x0,0xb1ffc7ff1f4b3dc6
0x31cd90,0xeb7b0,4915,0x318ed0,0x20,0x0,0x4e9ecdff254e3d1d
0x31d218,0xeb010,4854,0x313af0,0x20,0x0,0x964b9421afaed462
0x31d29c,0xeb790,4914,0x318d70,0x20,0x0,0x7ff7eda309a33e53
0x31d2bc,0xeb7d0,4916,0x319030,0x20,0x0,0x1bd6679fcb6dca03
0x31d538,0xeb770,4913,0x318c10,0x20,0x0,0xb1ffc7ff1f4b3dc6
0x31d54c,0xeb7b0,4915,0x318ed0,0x20,0x0,0x4e9ecdff254e3d1d
0x31da84,0xeb590,4898,0x317770,0x20,0x0,0x263ad0cc1f113ec4
0x31dedc,0xeb5b0,4899,0x3178d0,0x20,0x0,0xc4a2f5667ca7997c
0x31df00,0xeb5d0,4900,0x317a30,0x20,0x0,0x329f1d3c6bea29c1
0x31e848,0xeb5d0,4900,0x317a30,0x20,0x0,0x329f1d3c6bea29c1
0x31ed90,0xeb5f0,4901,0x317b90,0x20,0x0,0x2139463c0de94484
0x31f080,0xeb610,4902,0x317cf0,0x20,0x0,0x5af104b6dc5ffa6a
0x3200d4,0xeb790,4914,0x318d70,0x20,0x0,0x7ff7eda309a33e53
0x320118,0xeb7d0,4916,0x319030,0x20,0x0,0x1bd6679fcb6dca03
0x320378,0xeb770,4913,0x318c10,0x20,0x0,0xb1ffc7ff1f4b3dc6
0x320394,0xeb7b0,4915,0x318ed0,0x20,0x0,0x4e9ecdff254e3d1d
0x3205a4,0xeb790,4914,0x318d70,0x20,0x0,0x7ff7eda309a33e53
0x320c74,0xeb790,4914,0x318d70,0x20,0x0,0x7ff7eda309a33e53
0x3219f0,0xeb630,4903,0x317e50,0x20,0x0,0x24ca8c245cbb8f9e
0x321f78,0xeb650,4904,0x317fb0,0x20,0x0,0x70900675d6121101
0x3221f8,0xeb670,4905,0x318110,0x20,0x0,0x22c7ac9924b997d5
0x322630,0xeb690,4906,0x318270,0x20,0x0,0x4aba33d81c4cdbd7
0x322778,0xeb6b0,4907,0x3183d0,0x20,0x0,0xc032dc9aca4eba48
0x3228f0,0xeb6d0,4908,0x318530,0x20,0x0,0x9dfce9eaa2fe2285
0x322e3c,0xeb050,4856,0x313db0,0x20,0x0,0xe88bd7d1200474fe
0x322ecc,0xeb6f0,4909,0x318690,0x20,0x0,0x6df11112b1049c51
0x323090,0xeb050,4856,0x313db0,0x20,0x0,0xe88bd7d1200474fe
0x323138,0xeb050,4856,0x313db0,0x20,0x0,0xe88bd7d1200474fe
0x32319c,0xeb710,4910,0x3187f0,0x20,0x0,0x54f4311d8b15c47e
0x323600,0xeb730,4911,0x318950,0x20,0x0,0xc33c4d6393d0d76
0x3237dc,0xeb050,4856,0x313db0,0x20,0x0,0xe88bd7d1200474fe
0x3238f0,0xeb050,4856,0x313db0,0x20,0x0,0xe88bd7d1200474fe
0x323ac0,0xeb050,4856,0x313db0,0x20,0x0,0xe88bd7d1200474fe
0x323b24,0xeb750,4912,0x318ab0,0x20,0x0,0x434edd5bd3d24815
0x323f50,0xeba30,4935,0x31aa50,0x20,0x0,0x21babdf8dace9b8f
0x3240fc,0xeb010,4854,0x313af0,0x20,0x0,0x964b9421afaed462
0x324188,0xebc50,4952,0x31c1d0,0x20,0x0,0x55123bda6e36f3a6
0x32426c,0xeb570,4897,0x317610,0x20,0x0,0xcbfac0373f5af1bd
0x32435c,0xeb010,4854,0x313af0,0x20,0x0,0x964b9421afaed462
0x32448c,0xebc70,4953,0x31c330,0x20,0x0,0x5df3ff35c503e52d
0x3245cc,0xebcb0,4955,0x31c5f0,0x20,0x0,0xb602aeea6e7ebe22
0x324784,0xebcd0,4956,0x31c750,0x20,0x0,0x8870c1485d2ff923
0x32486c,0xeb010,4854,0x313af0,0x20,0x0,0x964b9421afaed462
0x324998,0xebcf0,4957,0x31c8b0,0x20,0x0,0xe309895ed8c49ff5
0x324b10,0xeb010,4854,0x313af0,0x20,0x0,0x964b9421afaed462
0x324bc8,0xebd10,4958,0x31ca10,0x20,0x0,0xe65de1b16b14ff3c
0x324d7c,0xebd50,4960,0x31ccd0,0x20,0x0,0x18aa170b9fb6bbb4
0x3250b4,0xebd30,4959,0x31cb70,0x20,0x0,0x5b0bb7966205b6b9
0x325274,0xebd70,4961,0x31ce30,0x20,0x0,0xec1886e3fa92b931
0x3253d8,0xeb010,4854,0x313af0,0x20,0x0,0x964b9421afaed462
0x325488,0xebd50,4960,0x31ccd0,0x20,0x0,0x18aa170b9fb6bbb4
0x325700,0xebd90,4962,0x31cf90,0x20,0x0,0xa638c77545934027
0x325894,0xebdb0,4963,0x31d0f0,0x20,0x0,0xa51afb8d6c3cb21a
0x325a08,0xebdd0,4964,0x31d250,0x20,0x0,0xbaf4df0fbfa4e00d
0x325bbc,0xebdf0,4965,0x31d3b0,0x20,0x0,0xdce0e2801e581fbd
0x325e78,0xebe30,4967,0x31d670,0x20,0x0,0x8d66c26366d6ddf7
0x3261d4,0xebe50,4968,0x31d7d0,0x20,0x0,0xef4c3af574e46949
0x3262d8,0xebe70,4969,0x31d930,0x20,0x0,0x89609b0b120ca697
0x326814,0xebe90,4970,0x31da90,0x20,0x0,0x2bf2e714d3834fd8
0x3268e4,0xebeb0,4971,0x31dbf0,0x20,0x0,0x2a2a29129a675605
0x3269cc,0xebed0,4972,0x31dd50,0x20,0x0,0xde3272af64ac52d0
0x326ab4,0xebef0,4973,0x31deb0,0x20,0x0,0xf6e75047a995ce73
0x326bb0,0xebf10,4974,0x31e010,0x20,0x0,0x506066048fee9918
0x326de4,0xeb010,4854,0x313af0,0x20,0x0,0x964b9421afaed462
0x326f54,0xebf30,4975,0x31e170,0x20,0x0,0x9fa44669b858034d
0x327048,0xebf70,4977,0x31e430,0x20,0x0,0xb924296874c5d43b
0x3276cc,0xebf90,4978,0x31e590,0x20,0x0,0xa03459e00f3ee5f
0x32829c,0xebfb0,4979,0x31e6f0,0x20,0x0,0x5b8c8e346421bbd5
0x3286cc,0xebfd0,4980,0x31e850,0x20,0x0,0x469ca6d82812d38d
0x3287bc,0xebff0,4981,0x31e9b0,0x20,0x0,0xdb69f5788d56d72c
0x328b60,0xec010,4982,0x31eb10,0x20,0x0,0xeca7d9c2e2e43645
0x328e4c,0xec030,4983,0x31ec70,0x20,0x0,0x2eded67fb3a520fe
0x32917c,0xec050,4984,0x31edd0,0x20,0x0,0x3d8b0e0e7db3f09e
0x3293c8,0xec070,4985,0x31ef30,0x20,0x0,0xda58b5bc14b7d33d
0x329774,0xec090,4986,0x31f090,0x20,0x0,0x5927b53b3a00ce9c
0x329a10,0xec0b0,4987,0x31f1f0,0x20,0x0,0xcf605d460cec7c46
0x329da8,0xec0d0,4988,0x31f350,0x20,0x0,0xbfcc2087f4eb311d
0x329f6c,0xec0f0,4989,0x31f4b0,0x20,0x0,0xadab70ccd35e0fe
0x32a2b8,0xec110,4990,0x31f610,0x20,0x0,0x35205321250cd958
0x32a498,0xec130,4991,0x31f770,0x20,0x0,0x5132e5dc75fb8c81
0x32a614,0xec150,4992,0x31f8d0,0x20,0x0,0xac2106739eac36a
0x32a9bc,0xec170,4993,0x31fa30,0x20,0x0,0x51a89fe84ef3e7c4
0x32ac0c,0xec190,4994,0x31fb90,0x20,0x0,0x708319fb0a2b9965
0x32aecc,0xec1b0,4995,0x31fcf0,0x20,0x0,0x6f1425ce39d4f1d4
0x32b0ec,0xec1d0,4996,0x31fe50,0x20,0x0,0xb6c9d9a695ae89c9
0x32b31c,0xec1f0,4997,0x31ffb0,0x20,0x0,0x4838e7168aa5acf5
0x32b540,0xec210,4998,0x320110,0x20,0x0,0xd0f512320ee4ef5e
0x32b748,0xec230,4999,0x320270,0x20,0x0,0xe36f197d88b5dcf2
0x32bab4,0xec250,5000,0x3203d0,0x20,0x0,0xede1a377905dfcec
0x32bd90,0xec270,5001,0x320530,0x20,0x0,0x4b3a936e6bf0a9c6
0x32c190,0xec290,5002,0x320690,0x20,0x0,0xfaf85910fef7f717
0x32c3b4,0xec2b0,5003,0x3207f0,0x20,0x0,0x3ed81333c51c49d9
0x32c71c,0xec2d0,5004,0x320950,0x20,0x0,0xf4d4560e57d7a9d8
0x32c920,0xec010,4982,0x31eb10,0x20,0x0,0xeca7d9c2e2e43645
0x32cb68,0xec2f0,5005,0x320ab0,0x20,0x0,0x997948fe38b6ce52
0x32cf5c,0xec310,5006,0x320c10,0x20,0x0,0x1138325564edbfbf
0x32d214,0xec330,5007,0x320d70,0x20,0x0,0x562799d29dd6f3d4
0x32d300,0xec010,4982,0x31eb10,0x20,0x0,0xeca7d9c2e2e43645
0x32d41c,0xec350,5008,0x320ed0,0x20,0x0,0x10a9a037b8e2a9e9
0x32d580,0xec370,5009,0x321030,0x20,0x0,0xc842615374691b1f
0x32d76c,0xec390,5010,0x321190,0x20,0x0,0xe7a53aaaebde482c
0x32dab4,0xec3b0,5011,0x3212f0,0x20,0x0,0xbf8a387ec7eaafab
0x32dcf0,0xec3d0,5012,0x321450,0x20,0x0,0x19bbfea4ab791efb
0x32df20,0xec3f0,5013,0x3215b0,0x20,0x0,0x12248b12198816bc
0x32e1c0,0xec410,5014,0x321710,0x20,0x0,0xdfcee9e1d6497148
0x32e35c,0xec430,5015,0x321870,0x20,0x0,0xcf99e2ecb7558aed
0x32e61c,0xec450,5016,0x3219d0,0x20,0x0,0x42976694ebfa0bcb
0x32e7d8,0xec470,5017,0x321b30,0x20,0x0,0x9cb5f6f4cb032923
0x32ed68,0xec490,5018,0x321c90,0x20,0x0,0xe3699bdf844dd997
0x32f0c8,0xec4b0,5019,0x321df0,0x20,0x0,0x5cfe9aa67cce8061
0x32f4e8,0xec4d0,5020,0x321f50,0x20,0x0,0x2386c00aea715dfb
0x32f798,0xec4f0,5021,0x3220b0,0x20,0x0,0x39f570baf3c36c79
0x32faa0,0xec510,5022,0x322210,0x20,0x0,0x715514a083e1f536
0x32fd00,0xec530,5023,0x322370,0x20,0x0,0xa2eaf6c001d4b3b5
0x330010,0xec550,5024,0x3224d0,0x20,0x0,0xbb606cfef8ab53
0x330234,0xec570,5025,0x322630,0x20,0x0,0x14bfba02028cf3e
0x33042c,0xec590,5026,0x322790,0x20,0x0,0x810015bd97d18877
0x3306c4,0xec5b0,5027,0x3228f0,0x20,0x0,0x43663f1021617176
0x330850,0xec5d0,5028,0x322a50,0x20,0x0,0x66d337203eab1c73
0x330dcc,0xec5f0,5029,0x322bb0,0x20,0x0,0xb66df533373ef9c5
0x3310dc,0xec610,5030,0x322d10,0x20,0x0,0xc1de798a66e5857b
0x33140c,0xec630,5031,0x322e70,0x20,0x0,0x11d658480b76c89e
0x3315d4,0xec650,5032,0x322fd0,0x20,0x0,0xa7872bac2aaa5d7a
0x3317b0,0xec670,5033,0x323130,0x20,0x0,0xc2f9906080c0b87e
0x331a70,0xec690,5034,0x323290,0x20,0x0,0x457af14964a35b1a
0x331cc4,0xec010,4982,0x31eb10,0x20,0x0,0xeca7d9c2e2e43645
0x331ed0,0xec6b0,5035,0x3233f0,0x20,0x0,0xf7b53243ae4cef17
0x33256c,0xec6d0,5036,0x323550,0x20,0x0,0x8722617713d7b429
0x3327a4,0xec6f0,5037,0x3236b0,0x20,0x0,0x1aceeeb61e0461f1
0x332c8c,0xec710,5038,0x323810,0x20,0x0,0x30a1ac21477467c2
0x332f74,0xec730,5039,0x323970,0x20,0x0,0xffa4aba1c046217c
0x333298,0xec750,5040,0x323ad0,0x20,0x0,0xf47a059090fccb05
0x3334e8,0xec770,5041,0x323c30,0x20,0x0,0xae6256e13e160f
0x33375c,0xec790,5042,0x323d90,0x20,0x0,0xea88a6905319df01
0x333984,0xec7b0,5043,0x323ef0,0x20,0x0,0xf868ebd068cfcd2d
0x333adc,0xec7d0,5044,0x324050,0x20,0x0,0x423de496cf3a2aaa
0x333bc8,0xec7f0,5045,0x3241b0,0x20,0x0,0x23f170f196d546f
0x3341ac,0xec810,5046,0x324310,0x20,0x0,0x48c5d8f4de9fb631
0x334680,0xec830,5047,0x324470,0x20,0x0,0xfe00965ffdb2a270
0x334918,0xec850,5048,0x3245d0,0x20,0x0,0x34c88271c772d38e
0x334c84,0xec870,5049,0x324730,0x20,0x0,0xdace7f90789a5673
0x335018,0xec890,5050,0x324890,0x20,0x0,0xfa849ce5d06e21fd
0x335194,0xec8b0,5051,0x3249f0,0x20,0x0,0x6339ee487093b010
0x3354f8,0xec8d0,5052,0x324b50,0x20,0x0,0x6cf7aa644a170a1d
0x3355f8,0xec8f0,5053,0x324cb0,0x20,0x0,0x7d5adb14277ae56a
0x335a50,0xec910,5054,0x324e10,0x20,0x0,0x73e3c1f5aecf7ca
0x335b24,0xec930,5055,0x324f70,0x20,0x0,0xd9b5653c58d70678
0x335b68,0xec950,5056,0x3250d0,0x20,0x0,0x4572c430aac508d4
0x335c4c,0xec970,5057,0x325230,0x20,0x0,0xe483533f3904dcd6
0x335d50,0xec990,5058,0x325390,0x20,0x0,0x367e30832054f954
0x335fac,0xec010,4982,0x31eb10,0x20,0x0,0xeca7d9c2e2e43645
0x3360c0,0xec9b0,5059,0x3254f0,0x20,0x0,0x693ab45f37ac752c
0x3361b0,0xec9d0,5060,0x325650,0x20,0x0,0x58f1390870b141db
0x336694,0xec9f0,5061,0x3257b0,0x20,0x0,0x36c7faa25856c87d
0x337234,0xeca10,5062,0x325910,0x20,0x0,0x7ab3140c3a75223b
0x3376f0,0xeca30,5063,0x325a70,0x20,0x0,0x8cd8c725e1c98d68
0x337810,0xeca50,5064,0x325bd0,0x20,0x0,0x5d7e6e528a64ed49
0x337b78,0xeca70,5065,0x325d30,0x20,0x0,0x32e6f783981e393a
0x337ef8,0xeca90,5066,0x325e90,0x20,0x0,0x6d5e708520c310b7
0x33825c,0xecab0,5067,0x325ff0,0x20,0x0,0x1d31731d4de6f2dc
0x338650,0xecad0,5068,0x326150,0x20,0x0,0x429c14fbd0073957
0x338a08,0xecaf0,5069,0x3262b0,0x20,0x0,0xa745f342ca5f455
0x338cb8,0xecb10,5070,0x326410,0x20,0x0,0x14ae35e5dcc508de
0x338f20,0xecb30,5071,0x326570,0x20,0x0,0x4fc21edaff95cffc
0x3390b0,0xecb50,5072,0x3266f0,0x20,0x0,0x104977019d8634d9
0x339300,0xecb70,5073,0x326850,0x20,0x0,0x21afe1817fdcd0c3
0x3394b0,0xecb90,5074,0x3269b0,0x20,0x0,0xcbf72a99b16f8fa6
0x339718,0xecbb0,5075,0x326b10,0x20,0x0,0x816a3481c21aacb5
0x339a7c,0xecbd0,5076,0x326c70,0x20,0x0,0xd0bf1af9a5091048
0x339c64,0xecbf0,5077,0x326dd0,0x20,0x0,0x774694dfd6361333
0x339f70,0xecc10,5078,0x326f30,0x20,0x0,0x7fbcdab6025f6b6e
0x33a158,0xecc30,5079,0x327090,0x20,0x0,0xb31bfd14fd0f84a2
0x33a384,0xecc50,5080,0x3271f0,0x20,0x0,0x4c67fcc8bc96fe9e
0x33a510,0xecc70,5081,0x327350,0x20,0x0,0x8242cef40711c764
0x33a738,0xecc90,5082,0x3274b0,0x20,0x0,0x4cf380341df44c14
0x33aa1c,0xeccb0,5083,0x327610,0x20,0x0,0x2e64bc286fa0e852
0x33ac98,0xeccd0,5084,0x327770,0x20,0x0,0x2f6ace29df0fc48b
0x33afcc,0xeccf0,5085,0x3278d0,0x20,0x0,0x56cd84d90aa3fabe
0x33b32c,0xecd10,5086,0x327a30,0x20,0x0,0x6e9ad41d3d5b4a8b
0x33b59c,0xecd30,5087,0x327b90,0x20,0x0,0x935e153ccbcc3180
0x33b78c,0xec010,4982,0x31eb10,0x20,0x0,0xeca7d9c2e2e43645
0x33b8c0,0xecd50,5088,0x327cf0,0x20,0x0,0xa7d5154cb293e696
0x33bc0c,0xecd70,5089,0x327e50,0x20,0x0,0x85aad38daf62281b
0x33bf18,0xecd90,5090,0x327fb0,0x20,0x0,0x83e4bae51f8c20e7
0x33c168,0xecdb0,5091,0x328110,0x20,0x0,0x5295f7130460fda1
0x33c364,0xecdd0,5092,0x328270,0x20,0x0,0x978bb94f45222669
0x33c4cc,0xecdf0,5093,0x3283d0,0x20,0x0,0x3ecb51c6d8ca9711
0x33c894,0xece10,5094,0x328530,0x20,0x0,0xc003e91ee703976a
0x33ca7c,0xece30,5095,0x328690,0x20,0x0,0x1b1f5cd387ddceca
0x33cc90,0xece50,5096,0x3287f0,0x20,0x0,0x725653a9bce9a346
0x33cf6c,0xece70,5097,0x328950,0x20,0x0,0xb15987d0fab7528
0x33d1b4,0xece90,5098,0x328ab0,0x20,0x0,0x963252c6c041eb42
0x33d4c8,0xeceb0,5099,0x328c10,0x20,0x0,0xcaa63a2a41f1333f
0x33d6d0,0xeced0,5100,0x328d70,0x20,0x0,0x1257bfed1745faed
0x33dc7c,0xecef0,5101,0x328ed0,0x20,0x0,0xcb472ea0bf041723
0x33df70,0xecf10,5102,0x329030,0x20,0x0,0xb0ee127a5eca3722
0x33e404,0xecf30,5103,0x329190,0x20,0x0,0x9f0d66e6a717bc8b
0x33e738,0xecf50,5104,0x3292f0,0x20,0x0,0x40762377384e8d58
0x33e940,0xecf70,5105,0x329450,0x20,0x0,0xad5be2a3fbabe04d
0x33ebc8,0xecf90,5106,0x3295b0,0x20,0x0,0x5017261f98771c6c
0x33eec4,0xecfb0,5107,0x329710,0x20,0x0,0xd3b7c5a3af59c34
0x33f0d8,0xecfd0,5108,0x329870,0x20,0x0,0x74177ddac0e33c23
0x33f274,0xecff0,5109,0x3299d0,0x20,0x0,0xaf95500701bdaeeb
0x33f520,0xed010,5110,0x329b30,0x20,0x0,0x8954f551b09ce61a
0x33f70c,0xed030,5111,0x329c90,0x20,0x0,0x47475abe04516740
0x33fcf4,0xed050,5112,0x329df0,0x20,0x0,0x513b6cbd6f6f865c
0x340034,0xed070,5113,0x329f50,0x20,0x0,0xb6f2793da6304c03
0x34035c,0xed090,5114,0x32a0b0,0x20,0x0,0xc31c7070beb4a750
0x340580,0xed0b0,5115,0x32a210,0x20,0x0,0xb5e957f42625440d
0x340814,0xed0d0,5116,0x32a370,0x20,0x0,0xa3b12b5fcbf98cde
0x340a24,0xed0f0,5117,0x32a4d0,0x20,0x0,0xd65fb9f6b436eb4c
0x340c74,0xed010,5110,0x329b30,0x20,0x0,0x8954f551b09ce61a
0x340d6c,0xed110,5118,0x32a630,0x20,0x0,0x8eb2d15d3095901b
0x34142c,0xed130,5119,0x32a790,0x20,0x0,0x1546eb36d0905b1a
0x3416b4,0xed150,5120,0x32a8f0,0x20,0x0,0xdde459269776e429
0x341b28,0xed170,5121,0x32aa50,0x20,0x0,0x6ab84e315004e94d
0x341ecc,0xed190,5122,0x32abb0,0x20,0x0,0x4495a0b7395bf8da
0x34209c,0xed1b0,5123,0x32ad10,0x20,0x0,0xd9786595e38f6e6
0x342268,0xed1d0,5124,0x32ae70,0x20,0x0,0x4b518986c10cc95a
0x3424f8,0xed1f0,5125,0x32afd0,0x20,0x0,0xfbc46d78480c4ffd
0x3426fc,0xed210,5126,0x32b130,0x20,0x0,0xccf520275afa281e
0x342910,0xed230,5127,0x32b290,0x20,0x0,0x398b1bf127c25b42
0x3429f8,0xed250,5128,0x32b3f0,0x20,0x0,0xfd83cb4986298541
0x34316c,0xed270,5129,0x32b550,0x20,0x0,0x622b428b93210478
0x34385c,0xed290,5130,0x32b6b0,0x20,0x0,0xeaabcc1c7df531a
0x343ae4,0xed2b0,5131,0x32b810,0x20,0x0,0x949410cd1710f5bd
0x344134,0xed2d0,5132,0x32b970,0x20,0x0,0x586b10633f51671b
0x3444c8,0xed350,5136,0x32bef0,0x20,0x0,0xe4527787d0d19640
0x344724,0xed370,5137,0x32c050,0x20,0x0,0xb5c7d5678d71472f
0x344ab8,0xed390,5138,0x32c1b0,0x20,0x0,0x5dbc69023836e09
0x344bac,0xed3b0,5139,0x32c310,0x20,0x0,0x6ef896e70f168d0a
0x345098,0xed3d0,5140,0x32c470,0x20,0x0,0x6089e1769e0aa043
0x345178,0xed3f0,5141,0x32c5d0,0x20,0x0,0xfd37110205bb2812
0x345254,0xed410,5142,0x32c730,0x20,0x0,0xa75461c88d70db1e
0x345334,0xed430,5143,0x32c890,0x20,0x0,0xa9671c83b985a1c
0x345424,0xed450,5144,0x32c9f0,0x20,0x0,0x2e8dd30afc5a7a7f
0x3456e4,0xed010,5110,0x329b30,0x20,0x0,0x8954f551b09ce61a
0x345894,0xed470,5145,0x32cb50,0x20,0x0,0x6f32c982530a4dbf
0x345994,0xed490,5146,0x32ccb0,0x20,0x0,0xcee2b40ac810c064
0x345fb8,0xed4b0,5147,0x32ce10,0x20,0x0,0x304227a047c8a612
0x346b9c,0xed4d0,5148,0x32cf70,0x20,0x0,0x53f088dc332fc03f
0x347158,0xed4f0,5149,0x32d0d0,0x20,0x0,0xed37361aeaedf57
0x347268,0xed510,5150,0x32d230,0x20,0x0,0x772eb41531a879f7
0x347508,0xed530,5151,0x32d390,0x20,0x0,0xc272d0a4c534d6ee
0x347930,0xed550,5152,0x32d4f0,0x20,0x0,0xad87e92bd4af2535
0x347cf4,0xed570,5153,0x32d650,0x20,0x0,0xeb433738416315d2
0x347fc4,0xed590,5154,0x32d7b0,0x20,0x0,0xc138b415b3b87651
0x3483a0,0xed5b0,5155,0x32d910,0x20,0x0,0x28043a1efa53103c
0x3486e8,0xed5d0,5156,0x32da70,0x20,0x0,0x5f9a9ca919ec97ac
0x348908,0xed5f0,5157,0x32dbd0,0x20,0x0,0xf6aa4fc251bfcd96
0x348ab4,0xed610,5158,0x32dd30,0x20,0x0,0x6f3f877fc096d613
0x348d38,0xed630,5159,0x32de90,0x20,0x0,0x73b67e614a6a379e
0x3490b8,0xed650,5160,0x32dff0,0x20,0x0,0xc02b227755d26dea
0x349290,0xed670,5161,0x32e150,0x20,0x0,0x99f80c224f285413
0x3495e4,0xed690,5162,0x32e2b0,0x20,0x0,0xf38f95de7293bebd
0x3497fc,0xed6b0,5163,0x32e410,0x20,0x0,0x30ed727fe1901199
0x349ac8,0xed6d0,5164,0x32e570,0x20,0x0,0x26088ff279e03389
0x349d30,0xed6f0,5165,0x32e6d0,0x20,0x0,0xdb61f51991aad9f
0x349e80,0xed710,5166,0x32e830,0x20,0x0,0x25e480073e124532
0x34a014,0xed730,5167,0x32e990,0x20,0x0,0xe653b8ae929c8cd6
0x34a29c,0xed750,5168,0x32eaf0,0x20,0x0,0x20e4482bc9baba70
0x34a6b0,0xed770,5169,0x32ec50,0x20,0x0,0x7a1fcc1b40786eb7
0x34a924,0xed790,5170,0x32edb0,0x20,0x0,0x959205e491761bac
0x34ad0c,0xed7b0,5171,0x32ef10,0x20,0x0,0xce0271e51268c098
0x34af98,0xed7d0,5172,0x32f070,0x20,0x0,0x550f3796137c46e9
0x34b2ac,0xed7f0,5173,0x32f1d0,0x20,0x0,0x605a768361ee0ff2
0x34b538,0xed010,5110,0x329b30,0x20,0x0,0x8954f551b09ce61a
0x34b740,0xed810,5174,0x32f330,0x20,0x0,0xa61fd16c8275d799
0x34bbc0,0xed830,5175,0x32f490,0x20,0x0,0x91259e310ee2e62f
0x34be30,0xed850,5176,0x32f5f0,0x20,0x0,0xbccaa17e9d091e0f
0x34c0fc,0xed870,5177,0x32f750,0x20,0x0,0x9945cd4f3e7c8a60
0x34c310,0xed890,5178,0x32f8b0,0x20,0x0,0x966a861cbc079eab
0x34c4a0,0xed8b0,5179,0x32fa10,0x20,0x0,0xab50d746b9be374c
0x34c7e0,0xed8d0,5180,0x32fb70,0x20,0x0,0x1b37e55c7822c80f
0x34c9d8,0xed8f0,5181,0x32fcd0,0x20,0x0,0x9eb57ef12a1313c4
0x34cbb4,0xed910,5182,0x32fe30,0x20,0x0,0x717b4789d803c8d4
0x34ceb8,0xed930,5183,0x32ff90,0x20,0x0,0x4466966bd330c58a
0x34d04c,0xed950,5184,0x3300f0,0x20,0x0,0x44a0f85a6ed0af4
0x34d348,0xed970,5185,0x330250,0x20,0x0,0x19dc5d205ac5f6da
0x34d578,0xed990,5186,0x3303b0,0x20,0x0,0x67f4e909cb35a716
0x34dbc8,0xed9b0,5187,0x330510,0x20,0x0,0xde26c8bce9fe42a
0x34dec0,0xed9d0,5188,0x330670,0x20,0x0,0x36bec53c01960131
0x34e350,0xed9f0,5189,0x3307d0,0x20,0x0,0xecc8a773fa8be216
0x34e5b4,0xeda10,5190,0x330930,0x20,0x0,0x934437d955a84e62
0x34e830,0xeda30,5191,0x330a90,0x20,0x0,0x47478be1ffd6fb2c
0x34ea8c,0xeda50,5192,0x330bf0,0x20,0x0,0x6da35013d0fb2969
0x34edf8,0xeda70,5193,0x330d50,0x20,0x0,0x74507c42322271f0
0x34f0ac,0xeda90,5194,0x330eb0,0x20,0x0,0xb2df4913260d4ec9
0x34f2a8,0xedab0,5195,0x331010,0x20,0x0,0x946eb15f86551e5
0x34f550,0xedad0,5196,0x331170,0x20,0x0,0xdb13a18c813855b0
0x34f754,0xedaf0,5197,0x3312d0,0x20,0x0,0x42c21ff3404a6208
0x34fc24,0xedb10,5198,0x331430,0x20,0x0,0xfd5ff5e68676d296
0x34ff6c,0xedb30,5199,0x331590,0x20,0x0,0x848bdf3ed6635865
0x350378,0xedb50,5200,0x3316f0,0x20,0x0,0xd26dd7cce7f02e89
0x350560,0xedb70,5201,0x331850,0x20,0x0,0x8e802da15e99fc30
0x3507e0,0xedb90,5202,0x3319b0,0x20,0x0,0x6b83e6e8c558ddf8
0x3509c4,0xedbb0,5203,0x331b30,0x20,0x0,0x6de291c61e048193
0x350c4c,0xed010,5110,0x329b30,0x20,0x0,0x8954f551b09ce61a
0x350ddc,0xedbd0,5204,0x331c90,0x20,0x0,0xbe9846bf57031b69
0x35132c,0xedbf0,5205,0x331df0,0x20,0x0,0xfd4d6912bf91ff3f
0x3516bc,0xedc10,5206,0x331f50,0x20,0x0,0xeafe0b81d4c14a65
0x351b90,0xedc30,5207,0x3320b0,0x20,0x0,0xad000422a6f827
0x351dcc,0xedc50,5208,0x332210,0x20,0x0,0x289d886914e15bb9
0x352194,0xedc70,5209,0x332370,0x20,0x0,0xc9e1a63f1ee2b08
0x352424,0xedc90,5210,0x3324d0,0x20,0x0,0xe4a922783370f03d
0x352678,0xedcb0,5211,0x332630,0x20,0x0,0xb2b32a81cc47f583
0x352858,0xedcd0,5212,0x332790,0x20,0x0,0xefbe42b9ca2944c7
0x352a10,0xedcf0,5213,0x3328f0,0x20,0x0,0x85e58977ace3fee
0x352a80,0xedd10,5214,0x332a50,0x20,0x0,0x54b0d1becf6f614d
0x352f80,0xedd30,5215,0x332bb0,0x20,0x0,0xa53df37f4936c357
0x35341c,0xedd50,5216,0x332d10,0x20,0x0,0x8be632c19747e4e8
0x3536fc,0xedd70,5217,0x332e70,0x20,0x0,0xdc31be0b743246d9
0x353c74,0xedd90,5218,0x332fd0,0x20,0x0,0xf5b72a3811815660
0x3540d0,0xeddb0,5219,0x333130,0x20,0x0,0x832f7a04a16370ff
0x35425c,0xed030,5111,0x329c90,0x20,0x0,0x47475abe04516740
0x3542f8,0xeddf0,5221,0x3333f0,0x20,0x0,0xce26f3ab1b7946f3
0x3544d0,0xede10,5222,0x333550,0x20,0x0,0xcb433c8a49b26715
0x3545c0,0xed030,5111,0x329c90,0x20,0x0,0x47475abe04516740
0x354888,0xede30,5223,0x3336b0,0x20,0x0,0x3d1e43c32fb85e5d
0x35496c,0xed570,5153,0x32d650,0x20,0x0,0xeb433738416315d2
0x354b20,0xede50,5224,0x333810,0x20,0x0,0x70c3eff0bc658c51
0x354cf8,0xede70,5225,0x333970,0x20,0x0,0x86b1cf45af9bf269
0x354fdc,0xede90,5226,0x333ad0,0x20,0x0,0xdc857c078c5a10a2
0x355408,0xedeb0,5227,0x333c30,0x20,0x0,0xbbb31c4130269154
0x3554fc,0xeded0,5228,0x333d90,0x20,0x0,0xd27783f23dac5cd0
0x3559d8,0xedef0,5229,0x333ef0,0x20,0x0,0xc03fffc92daee9d9
0x355ab0,0xedf10,5230,0x334050,0x20,0x0,0x13f362a1d1364ef8
0x355b80,0xedf30,5231,0x3341b0,0x20,0x0,0x7d004ccb1a28ea82
0x355c70,0xedf50,5232,0x334310,0x20,0x0,0xdf15dec5c5a1f061
0x355d68,0xedf70,5233,0x334470,0x20,0x0,0x3e07bfea2d2cc93f
0x355fb8,0xed010,5110,0x329b30,0x20,0x0,0x8954f551b09ce61a
0x356100,0xedf90,5234,0x3345d0,0x20,0x0,0xe408f16c9a37c050
0x3561e0,0xedfb0,5235,0x334730,0x20,0x0,0x2c1744e3f2a4fdfe
0x3562a0,0xedfd0,5236,0x334890,0x20,0x0,0xba023e9b539e65e6
0x356890,0xedff0,5237,0x3349f0,0x20,0x0,0x1e02879da0dd076
0x357420,0xee010,5238,0x334b50,0x20,0x0,0x9f75dfff9360ad95
0x357874,0xee030,5239,0x334cb0,0x20,0x0,0xa364b3208beb2bb7
0x357978,0xee050,5240,0x334e10,0x20,0x0,0xc2bcdc05781ff5d0
0x357d48,0xee070,5241,0x334f70,0x20,0x0,0x3407053940c203a0
0x357f18,0xee090,5242,0x3350d0,0x20,0x0,0x4bc7147f4cee629
0x3581c4,0xee0b0,5243,0x335230,0x20,0x0,0xeddc321d1bd4ff1c
0x35847c,0xee0d0,5244,0x335390,0x20,0x0,0xbe8cdf84446d9a7a
0x35886c,0xee0f0,5245,0x3354f0,0x20,0x0,0x55563dee80713af8
0x358b78,0xee110,5246,0x335650,0x20,0x0,0x4a3216a2c27f31df
0x358ed0,0xee130,5247,0x3357b0,0x20,0x0,0x75669d0ed7462a5a
0x3590d4,0xee150,5248,0x335910,0x20,0x0,0xe80210e91ea38463
0x359454,0xee170,5249,0x335a70,0x20,0x0,0xf9f3542dde31d768
0x3597c0,0xee190,5250,0x335bd0,0x20,0x0,0x6f4128fbd5518b5f
0x359a10,0xee1b0,5251,0x335d30,0x20,0x0,0x4ee75047ad509e98
0x359dc0,0xee1d0,5252,0x335e90,0x20,0x0,0x13ea93c14c2685c9
0x35a080,0xee1f0,5253,0x335ff0,0x20,0x0,0x7649ac09aa6d921f
0x35a2b8,0xee210,5254,0x336150,0x20,0x0,0x7e5978a0025f1701
0x35a50c,0xee230,5255,0x3362b0,0x20,0x0,0x63ecf8f4f87d8602
0x35a708,0xee250,5256,0x336410,0x20,0x0,0x10fac0bb887ee2e2
0x35a8c8,0xee270,5257,0x336570,0x20,0x0,0x76bed538a04fd923
0x35ac04,0xee290,5258,0x3366d0,0x20,0x0,0xa04313b924c9b4b3
0x35af9c,0xee2b0,5259,0x336830,0x20,0x0,0xd1068bdcc9451a54
0x35b210,0xee2d0,5260,0x336990,0x20,0x0,0xfd21268163ab9668
0x35b580,0xee2f0,5261,0x336af0,0x20,0x0,0x25f2b93ceed5de15
0x35b8f4,0xee310,5262,0x336c50,0x20,0x0,0xbec0d5f6b32943b5
0x35badc,0xee010,5238,0x334b50,0x20,0x0,0x9f75dfff9360ad95
0x35bc08,0xee330,5263,0x336db0,0x20,0x0,0x9edbc9e43b09b755
0x35bdbc,0xee010,5238,0x334b50,0x20,0x0,0x9f75dfff9360ad95
0x35bf54,0xee350,5264,0x336f10,0x20,0x0,0x825d25ece68267a
0x35c354,0xee370,5265,0x337070,0x20,0x0,0x6fd5f44453aac986
0x35c59c,0xee390,5266,0x3371d0,0x20,0x0,0x746a0d7180d2106d
0x35c938,0xee3b0,5267,0x337330,0x20,0x0,0xd16309e60bb95241
0x35cad0,0xee3d0,5268,0x337490,0x20,0x0,0xb9a973fd28350a33
0x35cc3c,0xee3f0,5269,0x3375f0,0x20,0x0,0x80b1afb40efff4df
0x35cfa8,0xee410,5270,0x337750,0x20,0x0,0xc767dc88fe616593
0x35d1c4,0xee430,5271,0x3378b0,0x20,0x0,0x6f1e09b387d177a4
0x35d3a4,0xee010,5238,0x334b50,0x20,0x0,0x9f75dfff9360ad95
0x35d3f8,0xee450,5272,0x337a10,0x20,0x0,0x2ed94d3b056ede04
0x35d628,0xee470,5273,0x337b70,0x20,0x0,0x70473b3f807be0f8
0x35d784,0xee490,5274,0x337cd0,0x20,0x0,0x81bd249849ed10ca
0x35d8a8,0xee010,5238,0x334b50,0x20,0x0,0x9f75dfff9360ad95
0x35da90,0xee4b0,5275,0x337e30,0x20,0x0,0x3a3ff071c3b5fa3f
0x35dce0,0xee4d0,5276,0x337f90,0x20,0x0,0xf2d2d5a190014b96
0x35e21c,0xee4f0,5277,0x3380f0,0x20,0x0,0x4eccf5986d5994f2
0x35e490,0xee510,5278,0x338250,0x20,0x0,0x32d1c4838b5d535d
0x35e868,0xee530,5279,0x3383b0,0x20,0x0,0xa5b80d9e0fb97f5a
0x35eaf4,0xee550,5280,0x338510,0x20,0x0,0xe65aea78291760a0
0x35ed44,0xee570,5281,0x338670,0x20,0x0,0x7e8dffb3fc01e53
0x35ef8c,0xee590,5282,0x3387d0,0x20,0x0,0xe51a6f14d7dc14a1
0x35f30c,0xee5b0,5283,0x338930,0x20,0x0,0xe53f3be3e3918c8e
0x35f548,0xee5d0,5284,0x338a90,0x20,0x0,0xef0f1a67b4e150bc
0x35f738,0xee5f0,5285,0x338bf0,0x20,0x0,0x4ac462cdcd26c180
0x35f904,0xee610,5286,0x338d50,0x20,0x0,0x5d624d8085ec3e7d
0x35fbc4,0xee630,5287,0x338eb0,0x20,0x0,0xb3df2fa9ee097196
0x360160,0xee650,5288,0x339010,0x20,0x0,0x5fc31aa116d20180
0x360410,0xee670,5289,0x339170,0x20,0x0,0x584ca4c40450ad73
0x3607a8,0xee690,5290,0x3392d0,0x20,0x0,0x6b5f3ae3ac6d01dd
0x360950,0xee6b0,5291,0x339430,0x20,0x0,0x8f78cdc01981f57
0x360d2c,0xee6d0,5292,0x339590,0x20,0x0,0x15aee3bb0adde02c
0x360f10,0xee6f0,5293,0x3396f0,0x20,0x0,0x991c131d0691b2ab
0x3611f8,0xee010,5238,0x334b50,0x20,0x0,0x9f75dfff9360ad95
0x3613d0,0xee710,5294,0x339850,0x20,0x0,0x27fa1012c0763964
0x3619c4,0xee730,5295,0x3399b0,0x20,0x0,0x811ab0a8da219744
0x361c84,0xee750,5296,0x339b10,0x20,0x0,0xe4a4e9d1da0db6ac
0x36206c,0xee770,5297,0x339c70,0x20,0x0,0xa9e44d7a6b2009d9
0x362330,0xee790,5298,0x339dd0,0x20,0x0,0x9e4e6ad788885280
0x362678,0xee7b0,5299,0x339f30,0x20,0x0,0xa51964742c83bae5
0x36286c,0xee7d0,5300,0x33a090,0x20,0x0,0xa517f833321cd4f4
0x362ab0,0xee7f0,5301,0x33a1f0,0x20,0x0,0x9c273bfebdf89b7f
0x362c54,0xee810,5302,0x33a350,0x20,0x0,0x5698b4ae6b324746
0x362e78,0xee830,5303,0x33a4b0,0x20,0x0,0xb5efdca92aaa5c36
0x362f64,0xee850,5304,0x33a610,0x20,0x0,0xf0ea63f02c08fc7
0x36338c,0xee870,5305,0x33a770,0x20,0x0,0xacb659d5e91f1d0d
0x363658,0xee890,5306,0x33a8d0,0x20,0x0,0x951a407767c0d16
0x3638b4,0xee8b0,5307,0x33aa30,0x20,0x0,0x32ca726eb7cf0de2
0x363c48,0xee8d0,5308,0x33ab90,0x20,0x0,0x86a77d9ecd58aaed
0x363f88,0xee910,5310,0x33ae50,0x20,0x0,0xf7c488b89e46fc22
0x364188,0xee930,5311,0x33afb0,0x20,0x0,0xfa8d3d8e25821fd6
0x364ae0,0xee950,5312,0x33b110,0x20,0x0,0xba276dc6da608ca0
0x364d90,0xee970,5313,0x33b270,0x20,0x0,0xaec468ed77d802a0
0x36504c,0xee990,5314,0x33b3d0,0x20,0x0,0x637820a5885356ce
0x3652e8,0xee9b0,5315,0x33b530,0x20,0x0,0x6889dafd7c146a00
0x365580,0xee9d0,5316,0x33b690,0x20,0x0,0x107f763cf29d2487
0x365718,0xee9f0,5317,0x33b7f0,0x20,0x0,0x9e4149b46536d605
0x365900,0xeea10,5318,0x6138e0,0xd0,0x100,0xbeee190f50ba600f
0x3659bc,0xeea30,5319,0x5a99fc,0x23c,0x100,0x9dbe4b717e38ef88
0x365a78,0xeea50,5320,0x393654,0x498,0x100,0x392a5f63e70667a3
0x365b34,0xeea70,5321,0x2880cc,0xe4,0x100,0xce9cc0fef115e7a3
0x365bf0,0xeea90,5322,0x265f94,0xe0,0x100,0x816d5ffcbff6a55a
0x365cac,0xeeab0,5323,0x229c34,0x210,0x100,0x12bfdacc5da39bfb
0x365d68,0xeead0,5324,0x49c364,0xd8,0x100,0xf41d594b2798242a
0x365da0,0xee010,5238,0x334b50,0x20,0x0,0x9f75dfff9360ad95
0x365e24,0xeeaf0,5325,0x233208,0x4fc,0x100,0xd84fecbef4ef96
0x365ee0,0xeeb10,5326,0x28a5cc,0x2730,0x100,0x1cc7897e1f6cddcd
0x365f18,0xee010,5238,0x334b50,0x20,0x0,0x9f75dfff9360ad95
0x365f9c,0xeeb30,5327,0x314b3c,0xf0,0x100,0xc94be052e03f05a6
0x366058,0xeeb50,5328,0x6109e0,0xd8,0x100,0x5fbab303a30e4b51
0x366090,0xee010,5238,0x334b50,0x20,0x0,0x9f75dfff9360ad95
0x366114,0xeeb70,5329,0x55724c,0x404,0x100,0x20851eaafc43ec1
0x3661d0,0xeeb90,5330,0x493e64,0x404,0x100,0x518dc07e5963fd0
0x36628c,0xeebb0,5331,0x62e0e0,0x3f0,0x100,0xfb7759fd9ddc3e09
0x366348,0xeebd0,5332,0x42c738,0xcc,0x100,0x4eea04ec8e22f5e6
0x366404,0xeebf0,5333,0x369a90,0x248,0x100,0xe41f19838f1277d2
0x3664c0,0xeec10,5334,0x52db20,0x4b4,0x100,0x404943cb9bd459a1
0x36657c,0xeec30,5335,0x530320,0xe0,0x100,0xc1effd001b4b9dd7
0x366638,0xeec70,5337,0x31503c,0x504,0x100,0xb7991edc574b61bf
0x3666f4,0xeec90,5338,0x3a4134,0xe8,0x100,0xc64f10c06a782820
0x3667b0,0xeecb0,5339,0x63e7b0,0x428,0x100,0xc1f67a0053ab394a
0x36686c,0xeecd0,5340,0x55a44c,0xe0,0x100,0x970fb2b78f45350f
0x366928,0xeecf0,5341,0x5b91fc,0xe0,0x100,0x9c99d42edc12434
0x3669e4,0xeed10,5342,0x490964,0x164,0x100,0xcae07f3063035155
0x366aa0,0xeed30,5343,0x398654,0x208,0x100,0xad15bff3c58c1c68
0x366b70,0xeed50,5344,0x5b82fc,0x198,0x100,0x4b02a8a4447c8bda
0x366ba8,0xee010,5238,0x334b50,0x20,0x0,0x9f75dfff9360ad95
0x366c2c,0xeed70,5345,0x67a184,0x1f4,0x100,0xa138c050e37ead11
0x366ce8,0xeed90,5346,0x25d294,0x284,0x100,0x684d60464a453946
0x366da4,0xeedb0,5347,0x481264,0x364,0x100,0x96aec4f53a159011
0x366e60,0xeedd0,5348,0x490a64,0x3f8,0x100,0xdd59ff0887aae768
0x366f1c,0xeedf0,5349,0x60dfe0,0x510,0x100,0xc6e8e1c6ab4f546a
0x366fec,0xeee10,5350,0x6103e0,0x19c,0x100,0x7b38a2ec983c9278
0x3670a8,0xeee30,5351,0x418238,0x490,0x100,0xfd17ed6badd33bd7
0x367164,0xeee50,5352,0x260c94,0xd8,0x100,0x2ec51544bbddf77c
0x367220,0xeee70,5353,0x4cd644,0x814,0x100,0x8d716c3211d4695e
0x367258,0xee010,5238,0x334b50,0x20,0x0,0x9f75dfff9360ad95
0x3672dc,0xeee90,5354,0x42f338,0x598,0x100,0x253cdbbef9e3f29
0x367398,0xeeeb0,5355,0x4cd644,0x638,0x100,0x9785fed05b6eda14
0x3673d0,0xee010,5238,0x334b50,0x20,0x0,0x9f75dfff9360ad95
0x367454,0xeeef0,5357,0x392d54,0x3b8,0x100,0x480e0d51bcd0c358
0x367510,0xeef10,5358,0x418f38,0x274,0x100,0x1063b3342e330cef
0x3675cc,0xeef30,5359,0x377b90,0x108,0x100,0xc08b83db4f2385d0
0x367604,0xee010,5238,0x334b50,0x20,0x0,0x9f75dfff9360ad95
0x367688,0xeef50,5360,0x2fc3bc,0x258,0x100,0x11947f7e183bdbf5
0x367744,0xeef70,5361,0x498d64,0x23c,0x100,0xacf7e44ba97f4165
0x367800,0xeef90,5362,0x4c9644,0x378,0x100,0x246af77cb3a64b60
0x367838,0xee010,5238,0x334b50,0x20,0x0,0x9f75dfff9360ad95
0x3678bc,0xeefb0,5363,0x322610,0x384,0x8,0x54cd499081fc579b
0x367978,0xeefd0,5364,0x367b90,0x1a8,0x100,0xe10ab48bd8aea601
0x367a34,0xeeff0,5365,0x489164,0x1198,0x100,0x265fdcaba1aedf8a
0x367af0,0xef010,5366,0x4d5144,0x2c8,0x100,0xce6330624722e7d6
0x367b28,0xef010,5366,0x4d5144,0x2c8,0x100,0xce6330624722e7d6
0x367bac,0xef030,5367,0x392254,0x168,0x100,0x655a8fa5e53ff0
0x367c68,0xef050,5368,0x426638,0x260,0x100,0xee240550c93e34ae
0x367d24,0xef070,5369,0x55eb4c,0x740,0x100,0x8866c0fb4e15e560
0x367d5c,0xef010,5366,0x4d5144,0x2c8,0x100,0xce6330624722e7d6
0x367de0,0xef090,5370,0x41e838,0x25c,0x100,0xb0ce89c6c44514c4
0x367e18,0xef010,5366,0x4d5144,0x2c8,0x100,0xce6330624722e7d6
0x367e9c,0xef0b0,5371,0x234608,0x228,0x100,0xfdc653f4199d865a
0x367f58,0xef0d0,5372,0x268194,0x214,0x100,0x17456730e296a9e6
0x368014,0xef0f0,5373,0x488364,0x210,0x100,0x189d696ff91c565f
0x3680d0,0xef110,5374,0x42d738,0x1a4,0x100,0xae627175e6f8a94e
0x36818c,0xef130,5375,0x5ad2fc,0x304,0x100,0x70cca4c9bb609a8c
0x368248,0xef150,5376,0x2f1414,0x2b0,0x100,0x163d4c7117d08ab0
0x368280,0xef010,5366,0x4d5144,0x2c8,0x100,0xce6330624722e7d6
0x368304,0xef170,5377,0x395754,0x28c,0x100,0x47ed2ac8bcdf5e3a
0x3683c0,0xef190,5378,0x260f94,0x284,0x100,0xaf59ef0243f06ec5
0x36847c,0xef1b0,5379,0x2f4414,0x1914,0x100,0x16d456ee70e14226
0x368538,0xef1d0,5380,0x4ceb44,0x450,0x100,0x984a2597e1476928
0x3685f4,0xef1f0,5381,0x4a1664,0xee4,0x100,0xd3fe600540aeb6f
0x3686b0,0xef210,5382,0x4d9944,0x2dc,0x100,0xaf9132bf685cf6b9
0x36876c,0xef230,5383,0x485964,0x128,0x100,0xba25720707203c9c
0x368828,0xef270,5385,0x263a94,0x388,0x100,0x9a62fd135a77c6e
0x3688e4,0xef2d0,5388,0x5b97fc,0x600,0x100,0xe7da8125a753b76d
0x3689a0,0xef310,5390,0x2ecb14,0x468,0x100,0xc5fc8dd021b66d6a
0x368a5c,0xef330,5391,0x2926cc,0xd8,0x100,0x7cbf3b46b2845f01
0x368b18,0xef3b0,5395,0x393554,0x98,0x100,0x1115a625ed0b68a9
0x368bd4,0xef3d0,5396,0x28e2cc,0xc8,0x100,0xdafc6ec21731185e
0x368c0c,0xef010,5366,0x4d5144,0x2c8,0x100,0xce6330624722e7d6
0x368c90,0xef3f0,5397,0x5b83fc,0x98,0x100,0xe9e6bb000fa5cc77
0x368d4c,0xef410,5398,0x417c38,0x13c,0x100,0x7ab5333151c0fa8f
0x368e08,0xef430,5399,0x227634,0x2c,0x100,0x9c2ef58a45bf6e7a
0x368ec4,0xef490,5402,0x483364,0x158,0x100,0x38a0b3cdee313e1b
0x368f80,0xef4b0,5403,0x667a48,0x2bc,0x100,0x68e9a1249619fce4
0x36903c,0xef4d0,5404,0x31633c,0x424,0x100,0x9c4756b64e16ee80
0x3690f8,0xef4f0,5405,0x60ece0,0x370,0x100,0x719e0265c0d6637d
0x3691b4,0xef510,5406,0x224c34,0x230,0x100,0xa20a91c067a7f536
0x3691ec,0xef010,5366,0x4d5144,0x2c8,0x100,0xce6330624722e7d6
0x369270,0xef530,5407,0x228e34,0x230,0x100,0xa6f997314ae21a07
0x36932c,0xef550,5408,0x36e090,0x1a8,0x100,0xbff6e5f206bef610
0x3693e8,0xef570,5409,0x4d9244,0x294,0x100,0x5747eaa56de619e8
0x369420,0xef010,5366,0x4d5144,0x2c8,0x100,0xce6330624722e7d6
0x3694a4,0xef590,5410,0x3c9440,0x190,0x60,0x1b82d7abe7fce015
0x369560,0xef5b0,5411,0x52ed20,0x2c8,0x100,0xe3e3744694dc32d8
0x369598,0xef010,5366,0x4d5144,0x2c8,0x100,0xce6330624722e7d6
0x36961c,0xef5d0,5412,0x262894,0x368,0x100,0x21d8faa44f827bd0
0x3696d8,0xef5f0,5413,0x280bb4,0x2b0,0x48,0x6413d0726cfa282
0x369794,0xef610,5414,0x31723c,0x314,0x100,0x91cb5628aac743c3
0x3697cc,0xef010,5366,0x4d5144,0x2c8,0x100,0xce6330624722e7d6
0x369850,0xef630,5415,0x367e90,0x248,0x100,0xe72b28123176541
0x36990c,0xef650,5416,0x429c38,0x31c,0x100,0xc00643262291b51
0x3699c8,0xef670,5417,0x311e3c,0x2ac,0x100,0x26f4efe83b2a7555
0x369a00,0xef010,5366,0x4d5144,0x2c8,0x100,0xce6330624722e7d6
0x369a84,0xef690,5418,0x492264,0x230,0x100,0x4e5c128d3b4eda54
0x369b40,0xef6b0,5419,0x49a464,0x1e8,0x100,0xc9d79ec078886b
0x369bfc,0xef6d0,5420,0x25c094,0x1a4,0x100,0x46c24921110625e2
0x369cb8,0xef6f0,5421,0x52b120,0x14c,0x100,0xa0f504407d13a414
0x369d74,0xef710,5422,0x6c3024,0xa0,0x100,0xe981a2a71c87a5ce
0x369e30,0xef730,5423,0x391054,0x9c,0x100,0xcaaf626b21aeb704
0x369f18,0xef750,5424,0x48da64,0x1c,0x100,0x5d78ee00769813d3
0x36a000,0xef770,5425,0x5bd7fc,0x20,0x100,0x3c2bf23fe50f255f
0x36a0bc,0xef790,5426,0x264c94,0x5e0,0x100,0x766174bef4c73aae
0x36a178,0xef7b0,5427,0x4d5e44,0x190,0x100,0x3a5775645d5d0800
0x36a234,0xef7d0,5428,0x31473c,0x38,0x100,0x6885ff38fcd72aa7
0x36a2f0,0xef810,5430,0x4cb444,0xb8,0x100,0x2633691cdb2c2c33
0x36a3ac,0xef8d0,5436,0x311c3c,0x1dc,0x100,0xe3708df5911f9c86
0x36a468,0xef910,5438,0x428038,0x160,0x100,0x947659f0e60fd95f
0x36a524,0xef930,5439,0x28f3cc,0x150,0x100,0x2e15a57d61916c78
0x36a5e0,0xef970,5441,0x533720,0x158,0x100,0xaccefe5f763ef130
0x36a69c,0xef990,5442,0x428338,0x98,0x100,0xedf8bd64900960a3
0x36a758,0xef9b0,5443,0x4d1d44,0x758,0x100,0x7e6468ff0134fdb6
0x36a790,0xef010,5366,0x4d5144,0x2c8,0x100,0xce6330624722e7d6
0x36a814,0xef9d0,5444,0x235508,0x720,0xb0,0xf591daae1df44dd4
0x36a8d0,0xef9f0,5445,0x431538,0x258,0x100,0xd52704ced5d1d015
0x36a908,0xef010,5366,0x4d5144,0x2c8,0x100,0xce6330624722e7d6
0x36a98c,0xefa10,5446,0x28c7cc,0x67c,0x100,0x57b8d1beb0f675e3
0x36aa48,0xefa30,5447,0x6143e0,0x1b0,0x100,0xd82d0b76794c6e73
0x36ab04,0xefa50,5448,0x5b2dfc,0x224,0x100,0x65ae0f45bf312eb
0x36abc0,0xefa70,5449,0x234508,0x234,0x100,0x370ca5c0758375d2
0x36ac7c,0xefa90,5450,0x418938,0x2d8,0x100,0xde1b536f3b50c154
0x36acb4,0xef010,5366,0x4d5144,0x2c8,0x100,0xce6330624722e7d6
0x36ad38,0xefab0,5451,0x419838,0x244,0x100,0xb88829e516b50157
0x36ad70,0xef010,5366,0x4d5144,0x2c8,0x100,0xce6330624722e7d6
0x36adf4,0xefad0,5452,0x6cc9c8,0x184,0x100,0x7bbe23a8f26b4f46
0x36aeb0,0xefaf0,5453,0x489864,0x180,0x100,0xddd2eb98698d7460
0x36af6c,0xefb10,5454,0x263994,0x2e4,0x100,0xfea44a2f44cac9a6
0x36b028,0xefb30,5455,0x4d0e44,0x568,0x100,0x2821cfceee4659b4
0x36b0f8,0xefb70,5457,0x48a164,0x578,0x100,0x5175761ee2ffc213
0x36b1b4,0xefb90,5458,0x396f54,0x458,0x100,0x12b6e4b7b39641fc
0x36b270,0xefbb0,5459,0x6058e0,0x594,0x100,0x78a48863af9eba95
0x36b32c,0xefbd0,5460,0x4c7344,0x54,0x100,0xacc00ad045e44a2f
0x36b3e8,0xefc10,5462,0x55fd4c,0x6c,0x100,0xec22bcc81005693d
0x36b4a4,0xefc50,5464,0x31603c,0x1dc,0x100,0x199e8eb82d89c1b9
0x36b560,0xefc70,5465,0x481164,0x460,0x100,0x3c1b43025fbdaa9b
0x36b61c,0xefc90,5466,0x2f2a14,0x6a0,0x100,0xbdeb8766eaf088fd
0x36b6d8,0xefcd0,5468,0x430938,0x19c,0x100,0x332ffe8ff49a11af
0x36b710,0xef010,5366,0x4d5144,0x2c8,0x100,0xce6330624722e7d6
0x36b794,0xefcf0,5469,0x6490d4,0x50,0x100,0x9e17b846b18022b3
0x36b850,0xefd10,5470,0x2f0114,0xa8,0x100,0x9f13ed93c2b206f6
0x36b90c,0xefd30,5471,0x376490,0x148,0x100,0x134cd4bf472ea62b
0x36b9c8,0xefd50,5472,0x2e9914,0xb4,0x100,0x954a13b2c5031f00
0x36ba84,0xefd70,5473,0x531b20,0x38,0x100,0x5205af5d243ddb94
0x36bb40,0xefd90,5474,0x52bc20,0x12c,0x100,0x97c74c3e8abcddfa
0x36bb78,0xef010,5366,0x4d5144,0x2c8,0x100,0xce6330624722e7d6
0x36bbfc,0xefdb0,5475,0x28d1cc,0x13c,0x100,0xb656de48471c61ac
0x36bcb8,0xefdd0,5476,0x2f2a14,0x7c,0x100,0x8e74c571c2fceefd
0x36bd74,0xefdf0,5477,0x3b7c74,0x180,0x100,0x50023c2aec71216c
0x36be30,0xefe10,5478,0x379590,0x22c,0xc0,0x9d108c158bf1dcb
0x36beec,0xefe30,5479,0x6084e0,0xa0,0x100,0x1c5617575ea4c858
0x36bfa8,0xefe50,5480,0x367a90,0x23c,0x100,0x96a8f3a091ddd9d6
0x36bfe0,0xef010,5366,0x4d5144,0x2c8,0x100,0xce6330624722e7d6
0x36c064,0xefe70,5481,0x491d64,0x4d4,0x100,0xe4d9c508ceaa6ce3
0x36c120,0xefe90,5482,0x493c64,0x1a4,0x100,0x243a379a0076d695
0x36c1dc,0xefeb0,5483,0x375490,0x48,0x100,0x59e27f4bf269053c
0x36c298,0xefed0,5484,0x6e2798,0x1f4,0x100,0x964a9a349aee88e1
0x36c354,0xefef0,5485,0x490e64,0x298,0x100,0xd0667c5d031550e4
0x36c410,0xeff10,5486,0x2eaf14,0xdc,0x100,0xc7c10c28b1db45b7
0x36c4cc,0xeff30,5487,0x494364,0x194,0x100,0x7ae53560139e9e65
0x36c588,0xeff50,5488,0x2f0614,0x304,0x100,0x56a0a78397327d1a
0x36c644,0xeff70,5489,0x4c8444,0x200,0x100,0xe79783a5d9bbf5cc
0x36c67c,0xef010,5366,0x4d5144,0x2c8,0x100,0xce6330624722e7d6
0x36c700,0xeff90,5490,0x3bcf98,0x314,0x100,0xdb6883bfe2f6e55b
0x36c7bc,0xeffb0,5491,0x532f20,0x4a0,0x100,0x5b3c8c42c4f2bc99
0x36c878,0xeffd0,5492,0x2eb714,0x168,0x100,0x1a04cee68767911e
0x36c934,0xefff0,5493,0x202354,0x3e0,0x100,0x4ea73807dcfa705a
0x36c9f0,0xf0010,5494,0x25be94,0x1a4,0x100,0xa437241f66b6e82d
0x36caac,0xf0030,5495,0x266a94,0x24,0x100,0x834d634b5b84230d
0x36cb68,0xf0050,5496,0x22ae34,0x228,0x100,0x714cf66704706b0e
0x36cc24,0xf0070,5497,0x52be20,0xc8,0x100,0x116a5839e43c0f4f
0x36cc5c,0xf0010,5494,0x25be94,0x1a4,0x100,0xa437241f66b6e82d
0x36cce0,0xf0090,5498,0x378590,0x3c0,0x100,0x582cc98948008579
0x36cd9c,0xf00b0,5499,0x61f3a0,0x1ec,0x100,0x34a2315ff6755e0b
0x36ce58,0xf00d0,5500,0x4c9444,0x27c,0x100,0xb66d0cef8d5405ea
0x36ce90,0xf0010,5494,0x25be94,0x1a4,0x100,0xa437241f66b6e82d
0x36cf14,0xf00f0,5501,0x4d2b44,0x36c,0x100,0x55cf781f8a455e29
0x36cfd0,0xf0110,5502,0x48af64,0xe8,0x100,0xacd7cc14115b38e5
0x36d08c,0xf0130,5503,0x614ce0,0x84,0x100,0xf772383da3db21e5
0x36d148,0xf0150,5504,0x6c3124,0xf0,0x100,0xfde62f187d6d4d2b
0x36d204,0xf0170,5505,0x31473c,0x3b8,0x100,0xddf447de48254d6b
0x36d2c0,0xf0190,5506,0x266194,0xa4,0x100,0x9c7fc495d991aae3
0x36d3a8,0xf01b0,5507,0x42c138,0x60,0x100,0x425f9c601093bfca
0x36d490,0xf01d0,5508,0x234e08,0xbd0,0x100,0xef6debd76a45e19e
0x36d4c8,0xf0010,5494,0x25be94,0x1a4,0x100,0xa437241f66b6e82d
0x36d580,0xf01f0,5509,0x493264,0x444,0x100,0xf1182b8148607706
0x36d668,0xf0210,5510,0x607ee0,0xe0,0x100,0xed121f5260975081
0x36d750,0xf0230,5511,0x2efa14,0x3a8,0x100,0x415895552900dbae
0x36d788,0xf0010,5494,0x25be94,0x1a4,0x100,0xa437241f66b6e82d
0x36d86c,0xf0250,5512,0x31163c,0x2e8,0x100,0x7a35bf5e2a6ac258
0x36d954,0xf0290,5514,0x4d1144,0x20,0x100,0x815b2e5512b499f1
0x36da10,0xf02b0,5515,0x4c6844,0x62c,0x100,0xe335ca8dc84fd30b
0x36dacc,0xf02d0,5516,0x4db844,0x324,0x100,0x78a498fb9ab0658e
0x36db88,0xf02f0,5517,0x55a74c,0x248,0x100,0xb60e3119d9ebb28f
0x36dc44,0xf0310,5518,0x53a820,0x2a0,0x100,0xfb0783a595c0da97
0x36dd00,0xf0330,5519,0x6008e0,0x200,0x100,0x84a605d64eeff3cc
0x36ddbc,0xf0350,5520,0x31663c,0x1a0,0x100,0x87dbbd12ffc9bb79
0x36ddf4,0xf0010,5494,0x25be94,0x1a4,0x100,0xa437241f66b6e82d
0x36de78,0xf0370,5521,0x399754,0x350,0x100,0x90670fbfb81d8415
0x36df34,0xf0390,5522,0x376790,0x3c0,0x100,0xb4d0c32c25d4d0e1
0x36dff0,0xf03b0,5523,0x41df38,0x3b4,0x100,0xf2deaa6b4d8c1797
0x36e0ac,0xf03d0,5524,0x535720,0x380,0x100,0x977082b08922a713
0x36e168,0xf03f0,5525,0x2808b4,0x300,0x100,0xafa9d2572a6dbeed
0x36e1a0,0xf0010,5494,0x25be94,0x1a4,0x100,0xa437241f66b6e82d
0x36e224,0xf0410,5526,0x488d64,0x148,0x100,0x9a73bef02d9c8896
0x36e25c,0xf0010,5494,0x25be94,0x1a4,0x100,0xa437241f66b6e82d
0x36e2e0,0xf0430,5527,0x2ea014,0x3b8,0x100,0xf9d9bc4a6bcb6b21
0x36e39c,0xf0450,5528,0x425238,0x250,0x100,0x3a4ad07c0e74dfc1
0x36e458,0xf0470,5529,0x4d9b44,0x23c,0x100,0x9bdd029305ef91ed
0x36e514,0xf0490,5530,0x492e64,0x2d0,0x100,0xc12314edf6e67b81
0x36e5d0,0xf04b0,5531,0x22bc34,0x210,0x100,0xd87163fef31a3b8a
0x36e68c,0xf04d0,5532,0x49b264,0x1e0,0x100,0xe829642fef1e1f36
0x36e748,0xf04f0,5533,0x3a3e34,0x214,0x100,0xa9640f91929357d0
0x36e804,0xf0510,5534,0x265a94,0x214,0x100,0xf58841f1c9ebae69
0x36e8c0,0xf0530,5535,0x55d54c,0x20c,0x100,0xce93a560280a9575
0x36e97c,0xf0550,5536,0x47ff64,0x370,0x100,0xe8d5a3c5168487c
0x36ea38,0xf0570,5537,0x391e54,0x22c,0x100,0x6463b4cfda6f69c7
0x36eaf4,0xf0590,5538,0x534220,0x344,0x100,0xe2424dffc683442c
0x36eb2c,0xf0010,5494,0x25be94,0x1a4,0x100,0xa437241f66b6e82d
0x36ebb0,0xf05b0,5539,0x28cfcc,0x3f4,0x100,0xfcff85b367caea28
0x36ec6c,0xf05d0,5540,0x28decc,0x170,0x100,0x71479166de877baa
0x36eca4,0xf0010,5494,0x25be94,0x1a4,0x100,0xa437241f66b6e82d
0x36ed28,0xf05f0,5541,0x5a9afc,0x2b8,0x100,0x72340e079a124761
0x36ede4,0xf0610,5542,0x260a94,0x2cc,0x100,0x977bc70a84236fc6
0x36eea0,0xf0630,5543,0x49d564,0x578,0x100,0xf7115529ee945750
0x36eed8,0xf0010,5494,0x25be94,0x1a4,0x100,0xa437241f66b6e82d
0x36ef5c,0xf0650,5544,0x49c564,0x314,0x100,0x66e6a44b43583a4e
0x36f018,0xf0670,5545,0x67e720,0x34c,0x100,0x91877df2ca62229c
0x36f0d4,0xf0690,5546,0x422338,0x1b4,0x100,0xdf0f8986dfe60b4
0x36f10c,0xf0010,5494,0x25be94,0x1a4,0x100,0xa437241f66b6e82d
0x36f190,0xf06b0,5547,0x421a38,0x22c,0x100,0xa33bf0e07c7d9d06
0x36f24c,0xf06d0,5548,0x2ea914,0x2e0,0x100,0xeee4da3a3c1f357b
0x36f308,0xf06f0,5549,0x5bc5fc,0x28c,0x100,0xb6232f680562e009
0x36f3c4,0xf0710,5550,0x5ba0fc,0x22c,0x100,0x24d9595002e3a60c
0x36f480,0xf0730,5551,0x6110e0,0x338,0x100,0x7264183b3c5b0de8
0x36f53c,0xf0750,5552,0x25b994,0xd4,0x100,0x11bfdfb08d6115f2
0x36f5f8,0xf0770,5553,0x2f0d14,0x14c,0x100,0x51052185868af3f7
0x36f630,0xf0010,5494,0x25be94,0x1a4,0x100,0xa437241f66b6e82d
0x36f6b4,0xf0790,5554,0x4a2964,0x5d8,0x100,0xa5c933de92ab01f3
0x36f6ec,0xf0010,5494,0x25be94,0x1a4,0x100,0xa437241f66b6e82d
0x36f770,0xf07b0,5555,0x262b94,0x4f0,0x100,0x838f1614cd1572e4
0x36f82c,0xf07d0,5556,0x5b9bfc,0x298,0x100,0x7049cbad2a27db4
0x36f8e8,0xf07f0,5557,0x52c020,0x170,0x100,0xca41e492f46bae23
0x36f9a4,0xf0810,5558,0x31363c,0x44,0x100,0x14ed52b6d1560956
0x36f9dc,0xf0010,5494,0x25be94,0x1a4,0x100,0xa437241f66b6e82d
0x36fa60,0xf0830,5559,0x25f094,0x2e8,0x100,0xf43511659d94a6ed
0x36fb1c,0xf0850,5560,0x678cd4,0x378,0x100,0x2aa6b2083bc3df42
0x36fb54,0xf0010,5494,0x25be94,0x1a4,0x100,0xa437241f66b6e82d
0x36fbd8,0xf0870,5561,0x368890,0xe0,0x100,0xf39894e1c56d1d28
0x36fc94,0xf0890,5562,0x538f20,0x470,0x100,0x98cdf600b49cddeb
0x36fd50,0xf08b0,5563,0x67db20,0x3c8,0x100,0x100f7325ae08bdf8
0x36fe0c,0xf08d0,5564,0x42f838,0x3a0,0x100,0xd4712da95d01f0af
0x36fef4,0xf08f0,5565,0x3c792c,0x54,0xb0,0x1816e4ac966cc455
0x36ffdc,0xf0910,5566,0x373c90,0xbac,0x100,0x6295a107a456ce2f
0x3700cc,0xf0930,5567,0x312a3c,0x4d8,0x100,0x1b5223aa47a2a33f
0x370188,0xf0950,5568,0x492d64,0x418,0x100,0x97d7b12b61e2cc1c
0x370270,0xf0970,5569,0x2e4b14,0xd8,0x100,0x7148c7bd90806ca9
0x3702a8,0xf0010,5494,0x25be94,0x1a4,0x100,0xa437241f66b6e82d
0x370358,0xf0990,5570,0x6b2e18,0x3a0,0x100,0x9ef87c041aec1fd
0x370474,0xf09b0,5571,0x5b77fc,0x374,0x100,0xafc524904392c44d
0x3704ac,0xf0010,5494,0x25be94,0x1a4,0x100,0xa437241f66b6e82d
0x370530,0xf09d0,5572,0x605be0,0x488,0x100,0x40fbc677cd3f4af
0x3705ec,0xf09f0,5573,0x316f3c,0x368,0x100,0x7f06f676d328326d
0x3706a8,0xf0a10,5574,0x2e7c14,0x3e8,0x100,0x68e3413531bd9a54
0x3706e0,0xf0010,5494,0x25be94,0x1a4,0x100,0xa437241f66b6e82d
0x370764,0xf0a30,5575,0x4db744,0x2ac,0x100,0xd5b1a0da4f686086
0x370820,0xf0a50,5576,0x53ed20,0x1b8,0x100,0x385f1c52178e4d75
0x3708dc,0xf0a70,5577,0x28a7cc,0x188,0x100,0xf93cb9673a56115
0x370998,0xf0a90,5578,0x25ee94,0x250,0x100,0x8c611e360c3156fd
0x370a54,0xf0ab0,5579,0x6114e0,0x360,0x100,0xe2e29ec700a30efa
0x370b10,0xf0ad0,5580,0x4d4644,0x250,0x100,0x2d2887c5ed977260
0x370bcc,0xf0af0,5581,0x422938,0x27c,0x100,0xa94124b9cf5de4eb
0x370c88,0xf0b10,5582,0x36b690,0x204,0x100,0x8faf724da2050218
0x370d44,0xf0b30,5583,0x4a0264,0x300,0x100,0xfe9d963a71dae4de
0x370d7c,0xf0010,5494,0x25be94,0x1a4,0x100,0xa437241f66b6e82d
0x370e00,0xf0b50,5584,0x263094,0x1e4,0x100,0xe6c8e29e0542a39a
0x370ebc,0xf0b70,5585,0x288dcc,0x170,0x100,0x98f1f1c86834d105
0x370f78,0xf0b90,5586,0x5fffe0,0x174,0x100,0xbfb71d89d2570b02
0x370fb0,0xf0010,5494,0x25be94,0x1a4,0x100,0xa437241f66b6e82d
0x371034,0xf0bb0,5587,0x4d0144,0x26c,0x100,0xe39bee1585ee50f5
0x3710f0,0xf0bd0,5588,0x265e94,0x224,0x100,0xb3c345038bdf784c
0x3711ac,0xf0bf0,5589,0x6053e0,0x2ec,0x100,0x187d8f5fd93449d0
0x371268,0xf0c10,5590,0x2e4a14,0x360,0x100,0x496b9800cd2502b0
0x371324,0xf0c30,5591,0x4da444,0x268,0x100,0xa5f55551a578769f
0x3713e0,0xf0c50,5592,0x2f3614,0x350,0x100,0xd685105de937b687
0x37149c,0xf0c70,5593,0x530520,0x260,0x100,0xd5283cc2852ab99f
0x371558,0xf0c90,5594,0x492964,0x340,0x100,0x538377becbdce7ce
0x371614,0xf0cb0,5595,0x234c08,0x3e4,0x100,0x1fe719ed3ac4c45e
0x37164c,0xf0010,5494,0x25be94,0x1a4,0x100,0xa437241f66b6e82d
0x3716d0,0xf0cd0,5596,0x42a638,0x1d0,0x100,0xdcc5e1b9fa647f32
0x371708,0xf0010,5494,0x25be94,0x1a4,0x100,0xa437241f66b6e82d
0x37178c,0xf0cf0,5597,0x5b53fc,0x214,0x100,0x86c0c7e4f384a14d
0x371848,0xf0d10,5598,0x2e8114,0x23c,0x100,0x61ca7ee2af897809
0x371904,0xf0d30,5599,0x433738,0x2f0,0x100,0x4ecc4efaa349f62c
0x3719c0,0xf0d50,5600,0x49d764,0x1fc,0x100,0x9755d9f3ac4dfe82
0x371a7c,0xf0d70,5601,0x2ef614,0x30c,0x100,0x8ddc56cc3393c1f2
0x371b38,0xf0d90,5602,0x52a520,0x334,0x100,0x67e390a4e9bc2061
0x371bf4,0xf0db0,5603,0x499664,0x59c,0x100,0x91f90d3905913595
0x371cb0,0xf0dd0,5604,0x3ad1d0,0x2f0,0x100,0xdd8f7d65649ff4a1
0x371d6c,0xf0df0,5605,0x53c120,0x32c,0x100,0x590d26a74f2a7101
0x371e28,0xf0e10,5606,0x428c38,0x318,0x100,0xd7dc8e288acb4bfb
0x371ee4,0xf0e30,5607,0x260894,0x1d8,0x100,0x25a867492f64e5c
0x371fa0,0xf0e50,5608,0x3b6774,0x5dc,0x100,0xba2ce50b0882c484
0x37205c,0xf0e70,5609,0x26db00,0x354,0x100,0xcca15a58ea83fb91
0x372118,0xf0e90,5610,0x313f3c,0x33c,0x100,0xe23ca26a04d7389a
0x372150,0xf0010,5494,0x25be94,0x1a4,0x100,0xa437241f66b6e82d
0x3721d4,0xf0eb0,5611,0x492c64,0x210,0x100,0xfbf362ec11aaefcf
0x37220c,0xf0010,5494,0x25be94,0x1a4,0x100,0xa437241f66b6e82d
0x372290,0xf0ed0,5612,0x420a38,0x288,0x100,0x92bc7a2129c93e73
0x37234c,0xf0ef0,5613,0x367a90,0x334,0x100,0xef9318a5926436db
0x372384,0xf0010,5494,0x25be94,0x1a4,0x100,0xa437241f66b6e82d
0x372408,0xf0f10,5614,0x28aacc,0x6b8,0x100,0xb38dfb48badf11bf
0x3724c4,0xf0f30,5615,0x419e38,0x28c,0x100,0xa29a4bd13ff1515e
0x372580,0xf0f50,5616,0x667c48,0x398,0x100,0x3b8fb096d21ad920
0x37263c,0xf0f70,5617,0x3b6174,0x290,0x100,0x6118b65fdc8c28a8
0x3726f8,0xf0f90,5618,0x60b7e0,0x1c4,0x100,0x67512afcf9f2c5db
0x3727b4,0xf0fb0,5619,0x28cdcc,0x1e0,0x100,0x89d28883bb3383a5
0x372870,0xf0fd0,5620,0x2e6414,0xc8,0x100,0x19aa2edfd099ae63
0x3728a8,0xf0010,5494,0x25be94,0x1a4,0x100,0xa437241f66b6e82d
0x37292c,0xf0ff0,5621,0x261b94,0x224,0x100,0x350e871203480ca2
0x3729e8,0xf1010,5622,0x26e700,0x390,0x100,0x40562d5e0c7a0a3c
0x372aa4,0xf10b0,5627,0x42e138,0x1b4,0x100,0xe9ce98826f68b80a
0x372b60,0xf10f0,5629,0x47ed64,0x234,0x100,0x240878623cea2c71
0x372c1c,0xf1110,5630,0x4dbd44,0x3bc,0x100,0x260dcd16dcf68a0f
0x372cd8,0xf1130,5631,0x699c00,0xe4,0x100,0xaa9d12742cc75dd
0x372d94,0xf1150,5632,0x232c08,0x510,0x100,0xf26396d9c571d4d9
0x372dcc,0xf1010,5622,0x26e700,0x390,0x100,0x40562d5e0c7a0a3c
0x372e50,0xf1170,5633,0x2e5514,0x480,0x100,0x470261184e324dd8
0x372f38,0xf1190,5634,0x60e5e0,0x4c,0x100,0x12b3c4049ff33f2c
0x372f70,0xf1010,5622,0x26e700,0x390,0x100,0x40562d5e0c7a0a3c
0x373020,0xf11b0,5635,0x4d2544,0xbf4,0x100,0x974de36648a9d68c
0x373110,0xf11d0,5636,0x4c7c44,0x5d4,0x100,0xd791fa59e361a6c9
0x3731f8,0xf11f0,5637,0x60afe0,0xd8,0x100,0xd49f404d4d04b9f6
0x373230,0xf1010,5622,0x26e700,0x390,0x100,0x40562d5e0c7a0a3c
0x3732e0,0xf1210,5638,0x493564,0x2b4,0x100,0x1391f200472063cc
0x373318,0xf1010,5622,0x26e700,0x390,0x100,0x40562d5e0c7a0a3c
0x3733fc,0xf1230,5639,0x41f238,0x420,0x100,0x771ed4d44caf93e5
0x3734b8,0xf1250,5640,0x22b034,0x62c,0x100,0x23641f370949b9ad
0x373574,0xf1270,5641,0x262e94,0x3d4,0x100,0xe83756ab9b95689e
0x373630,0xf1290,5642,0x419d38,0x2c4,0x100,0xb4f2d9861258b1c8
0x3736ec,0xf12b0,5643,0x268294,0x34c,0x100,0xfd93446ae62afd3e
0x3737a8,0xf12d0,5644,0x6c461c,0x388,0x100,0xf7b9f3a787086290
0x373864,0xf12f0,5645,0x6cb3c8,0x1a0,0x100,0xa6dbba3d4bf0fabf
0x373920,0xf1310,5646,0x28b2cc,0x28c,0x100,0x42d617fa5436824f
0x3739dc,0xf1330,5647,0x481a64,0x424,0x100,0x7b3159ae59c25122
0x373a98,0xf1350,5648,0x370890,0x290,0x100,0x9d43030b43bc7ba4
0x373b54,0xf1370,5649,0x42b338,0x2fc,0x100,0xfe8c8da735edf4d0
0x373c10,0xf1390,5650,0x41ed38,0x48c,0x100,0xeed5c4444b877a5e
0x373ccc,0xf13b0,5651,0x49b864,0x1f4,0x100,0xcacd5259652f0235
0x373d04,0xf1010,5622,0x26e700,0x390,0x100,0x40562d5e0c7a0a3c
0x373d88,0xf13d0,5652,0x25cc94,0x264,0x100,0xc868abb8120fbf57
0x373e44,0xf13f0,5653,0x55b94c,0x3e8,0x100,0x429b1d26d786b517
0x373f00,0xf1410,5654,0x223934,0x354,0x100,0x6fd7d11b45071258
0x373fbc,0xf1430,5655,0x42a538,0x208,0x100,0xc4ebe5f9ed35cd83
0x374078,0xf1450,5656,0x378390,0x1cc,0x100,0x18c706ce6f609251
0x374134,0xf1470,5657,0x260994,0x654,0x100,0xee41aee264c0d5d2
0x3741f0,0xf1490,5658,0x496164,0x2fc,0x100,0x2d8d106b323b5a40
0x3742ac,0xf14b0,5659,0x494564,0x26c,0x100,0xf53134f976da8da4
0x374368,0xf14d0,5660,0x4d8444,0x388,0x100,0x7a7a065fb1460d39
0x374424,0xf14f0,5661,0x5b9ffc,0x234,0x100,0x33aae7b73eb0cdf
0x37445c,0xf1010,5622,0x26e700,0x390,0x100,0x40562d5e0c7a0a3c
0x3744e0,0xf1510,5662,0x366290,0x294,0x100,0xfa7ef09addab792d
0x37459c,0xf1530,5663,0x393954,0x1dc,0x100,0x297b49fe182c70a7
0x374658,0xf1550,5664,0x5b5bfc,0x2b4,0x100,0xf00808e56533b430
0x374690,0xf1010,5622,0x26e700,0x390,0x100,0x40562d5e0c7a0a3c
0x374714,0xf1570,5665,0x52c620,0x1ec,0x100,0x3b576ee82054d2dd
0x3747d0,0xf1590,5666,0x3a4034,0x1dc,0x100,0xe7f379778a79122c
0x374808,0xf1010,5622,0x26e700,0x390,0x100,0x40562d5e0c7a0a3c
0x37488c,0xf15b0,5667,0x488564,0x2c4,0x100,0xbddd36e7f8d10ca9
0x374948,0xf15d0,5668,0x378890,0x274,0x100,0xf043c1166ccf614d
0x374a04,0xf15f0,5669,0x2f2f14,0x4e0,0x100,0x3d9903a011cbe61
0x374ac0,0xf1610,5670,0x42e538,0x338,0x100,0x34a96b94567a70e9
0x374b7c,0xf1630,5671,0x288ccc,0x420,0x100,0xad8008d09aeac2a4
0x374c38,0xf1650,5672,0x36ac90,0x1e4,0x100,0xc748dbdd2b9ffeea
0x374cf4,0xf1670,5673,0x36b290,0x274,0x100,0x6221910c4048f85
0x374db0,0xf1690,5674,0x498664,0x420,0x100,0x5c49aa0013ba61a7
0x374e6c,0xf16b0,5675,0x418038,0x53c,0x100,0xa277d747110f71b7
0x374f28,0xf16d0,5676,0x263494,0x38c,0x100,0xd34b12ded798141e
0x374fe4,0xf16f0,5677,0x224a34,0x230,0x100,0xb77c27a6488f7a3b
0x3750a0,0xf1710,5678,0x52d620,0x25c,0x100,0x60ac5ea8a7b18a70
0x37515c,0xf1730,5679,0x49a864,0x278,0x100,0x6ff2f08690650b5e
0x375218,0xf1750,5680,0x25b394,0x40,0x100,0xdefc9200d878bf53
0x3752d4,0xf1770,5681,0x2ee914,0x1b8,0x100,0x3a67afeb297de52b
0x375390,0xf1790,5682,0x4c9d44,0x49c,0x100,0x4e8ef8142076e2ee
0x37544c,0xf17b0,5683,0x28f6cc,0x56c,0x100,0xc504b81aebd79885
0x375508,0xf17d0,5684,0x4dab44,0x2e0,0x100,0x3b71921f5faa3a9d
0x3755c4,0xf17f0,5685,0x4cd544,0x394,0x100,0x8bcd446d0e94c0db
0x375680,0xf1810,5686,0x267294,0xd4,0x100,0xf947a50b1de07281
0x37573c,0xf1830,5687,0x26a2b0,0xa4,0x100,0xc7c48afb1a7ab201
0x3757f8,0xf1850,5688,0x482d64,0x258,0x100,0x6312d8f65dc7d605
0x3758b4,0xf1870,5689,0x482364,0x258,0x100,0x4679db46cb58957e
0x375970,0xf1890,5690,0x371b90,0x1f4,0x100,0x8fdec63943ff8798
0x3759a8,0xf1010,5622,0x26e700,0x390,0x100,0x40562d5e0c7a0a3c
0x375a2c,0xf18b0,5691,0x5ab9fc,0x120,0x100,0x2600e65157ae6bc6
0x375ae8,0xf18d0,5692,0x397f54,0xcc,0x100,0xda9c6f4cafcc548b
0x375ba4,0xf18f0,5693,0x422238,0x94,0x100,0x38635cd5c01914e6
0x375bdc,0xf1010,5622,0x26e700,0x390,0x100,0x40562d5e0c7a0a3c
0x375c60,0xf1910,5694,0x484164,0x138,0x100,0x56061fa4d6d23907
0x375d1c,0xf1930,5695,0x4cdc44,0x90,0x100,0x67218b7185ec090
0x375dd8,0xf1950,5696,0x228634,0xa0,0x100,0xcda993ded154739e
0x375e94,0xf1970,5697,0x268494,0x154,0x100,0x1126fbfcc0445018
0x375f50,0xf1990,5698,0x3bd72c,0x84,0x100,0x3c978dc6e9746793
0x375f88,0xf1010,5622,0x26e700,0x390,0x100,0x40562d5e0c7a0a3c
0x37600c,0xf19b0,5699,0x56044c,0x280,0x100,0x1f68fb2c67926948
0x3760c8,0xf19d0,5700,0x233f08,0x50,0x100,0x41d90fbe528a9fe9
0x376184,0xf19f0,5701,0x4a0164,0x2f8,0x100,0xb6b3865bb8d4acba
0x376240,0xf1a10,5702,0x262994,0x444,0x100,0xb7b85c8a9d587ad7
0x376278,0xf1010,5622,0x26e700,0x390,0x100,0x40562d5e0c7a0a3c
0x3762fc,0xf1a30,5703,0x373790,0xdc,0x100,0x8dd2e85c8701416b
0x3763b8,0xf1a50,5704,0x55a54c,0x4f4,0x100,0xaa4f26684715f246
0x3763f0,0xf1010,5622,0x26e700,0x390,0x100,0x40562d5e0c7a0a3c
0x376474,0xf1a70,5705,0x2f2614,0x48,0x100,0xd3c764e911d6bbd4
0x376530,0xf1a90,5706,0x368c90,0xe4,0x100,0x69b641467bf27c5e
0x376618,0xf1ab0,5707,0x4c8d44,0x58,0x100,0x9c91ab8750f9e173
0x376700,0xf1ad0,5708,0x493f64,0xba0,0x100,0x711890dbd956c73b
0x3767f0,0xf1af0,5709,0x52c920,0x460,0x100,0xd141c8d31c7241db
0x3768d8,0xf1b10,5710,0x497e64,0xe4,0x100,0xd5c2bfb1cf3616fc
0x3769c0,0xf1b30,5711,0x28d9cc,0x3e4,0x100,0xe996cc01d002edc7
0x376ab4,0xf1b50,5712,0x28f1cc,0x1b0,0x100,0xd122316e06428152
0x376b70,0xf1b70,5713,0x3ad9d0,0x2a0,0x100,0x8c3621b8b71f0d7
0x376c2c,0xf1b90,5714,0x6093e0,0x2c8,0x100,0x3adcd72ed6c35292
0x376ce8,0xf1bb0,5715,0x5a93fc,0x2fc,0x100,0xdd5b681914badb38
0x376d20,0xf1010,5622,0x26e700,0x390,0x100,0x40562d5e0c7a0a3c
0x376da4,0xf1bd0,5716,0x267894,0x380,0x100,0x3fe25c27e4ae5126
0x376e60,0xf1bf0,5717,0x6b7e30,0x1fc,0x100,0xc0e5e43953600b69
0x376f1c,0xf1c10,5718,0x6055e0,0x374,0x100,0x36a23de373b2069
0x376f54,0xf1010,5622,0x26e700,0x390,0x100,0x40562d5e0c7a0a3c
0x376fd8,0xf1c30,5719,0x36fb90,0x3b8,0x100,0xa308738036aa7923
0x377010,0xf1010,5622,0x26e700,0x390,0x100,0x40562d5e0c7a0a3c
0x377094,0xf1c50,5720,0x4d7e44,0x238,0x100,0x3712bed90aabbd6a
0x377150,0xf1c70,5721,0x42df38,0x36c,0x100,0xdc648cd29ecb808
0x37720c,0xf1c90,5722,0x495864,0x2c4,0x100,0x9fb078e88dcdef0e
0x3772c8,0xf1cb0,5723,0x499a64,0x240,0x100,0x90e09eda6e17d898
0x377384,0xf1cd0,5724,0x394254,0x23c,0x100,0xe556948f08d017ac
0x377440,0xf1cf0,5725,0x3a4134,0x170,0x100,0x4356f7d29ed254ac
0x3774fc,0xf1d10,5726,0x4ced44,0x1b0,0x100,0xaa361e50635ca44a
0x3775b8,0xf1d30,5727,0x55ca4c,0xd0,0x100,0xc7c545bc42558927
0x377674,0xf1d50,5728,0x3c0cb0,0x3ac,0x100,0x850552db05b9eaba
0x377730,0xf1d70,5729,0x3a4a34,0x344,0x100,0x8508d489f80b0444
0x3777ec,0xf1d90,5730,0x25dd94,0x40c,0x100,0x658089333d6534a5
0x3778a8,0xf1db0,5731,0x64f850,0x174,0x100,0xa8c7701e07af2313
0x377964,0xf1dd0,5732,0x372990,0x248,0x100,0x6423b3a630d18f99
0x377a20,0xf1df0,5733,0x419838,0x384,0x100,0x541fb2883c36c24c
0x377adc,0xf1e10,5734,0x6331b4,0x21c,0x100,0xd61aa5fa61c11353
0x377b98,0xf1e30,5735,0x263194,0x224,0x100,0x3227a279a27ebe82
0x377c54,0xf1e50,5736,0x4cf144,0x154,0x100,0x4e50c420b6ff0e96
0x377d10,0xf1e70,5737,0x534b20,0x23c,0x100,0xfade7e49d4ef875b
0x377dcc,0xf1e90,5738,0x41e838,0x224,0x100,0x90705b9bbe280731
0x377e88,0xf1eb0,5739,0x395d54,0x31c,0x100,0xc96d3786134084a6
0x377f44,0xf1ed0,5740,0x69bb0c,0x354,0x100,0xc5932d7f16b49f9b
0x378000,0xf1ef0,5741,0x52dc20,0x540,0x100,0x21090d90d3483fe2
0x3780bc,0xf1f10,5742,0x537f20,0x268,0x100,0x92fea8b6c25cc0a2
0x378178,0xf1f30,5743,0x5b7ffc,0x278,0x100,0x600ef815e31d5d4c
0x3781b0,0xf1010,5622,0x26e700,0x390,0x100,0x40562d5e0c7a0a3c
0x378234,0xf1f50,5744,0x482164,0x3a0,0x100,0xa8330c05e86c62b
0x3782f0,0xf1f70,5745,0x2f1214,0x218,0x100,0xd4ed8827c9a677ea
0x3783ac,0xf1f90,5746,0x55e04c,0x268,0x100,0x19389e7d0c3bdcdd
0x378468,0xf1fb0,5747,0x418d38,0x1e8,0x100,0xed57a7fa8ce92f65
0x378524,0xf1fd0,5748,0x422538,0x240,0x100,0x5c0491521c8ecf55
0x3785e0,0xf1ff0,5749,0x48b464,0x1e0,0x100,0xe9c80e5eb29f3912
0x37869c,0xf2010,5750,0x5a8bfc,0x2ac,0x100,0x78c44dfe8c0fd3df
0x378758,0xf2030,5751,0x60a8e0,0x1d8,0x100,0xf8e55a4f13f78b30
0x378814,0xf2050,5752,0x235008,0x244,0x100,0x49513943957a478
0x3788d0,0xf2070,5753,0x4c8f44,0x5ac,0x100,0x4edd4a3b4ffda0e4
0x37898c,0xf2090,5754,0x227d34,0x2a4,0x100,0x7019bb293e27f776
0x378a48,0xf20b0,5755,0x495e64,0x3bc,0x100,0x3cfdbd4ec74e1269
0x378b04,0xf20d0,5756,0x420338,0x190,0x100,0xee0ab88820813aa4
0x378bc0,0xf20f0,5757,0x3ad3d0,0x3d4,0x100,0xd7ea1f59be4814ee
0x378c7c,0xf2110,5758,0x28d0cc,0x4ac,0x100,0xce5a9c9fa35d8fe9
0x378d38,0xf2130,5759,0x536e20,0x60c,0x100,0xc18ddca800be265f
0x378df4,0xf2150,5760,0x267994,0x2b0,0x100,0xf6b32e8211b88341
0x378e2c,0xf2010,5750,0x5a8bfc,0x2ac,0x100,0x78c44dfe8c0fd3df
0x378eb0,0xf2170,5761,0x425838,0x2c4,0x100,0xac52009e37c47e33
0x378f6c,0xf2190,5762,0x4cf744,0x24c,0x100,0xe37614cf2bbf2c9b
0x379028,0xf21b0,5763,0x52cc20,0x1d4,0x100,0x71c6e47d058d2aac
0x3790e4,0xf21d0,5764,0x52e920,0x368,0x100,0xa90eb03aa3534245
0x3791a0,0xf21f0,5765,0x41eb38,0xd0,0x100,0x947d2819c2ca2be3
0x37925c,0xf2210,5766,0x367f90,0x228,0x100,0x489a21fce2e88c9
0x379318,0xf2230,5767,0x5bb1fc,0x424,0x100,0xda7a0bf38bf5d359
0x3793d4,0xf2250,5768,0x374e90,0x2d0,0x100,0xd10859e1e5c8ace2
0x379490,0xf2270,5769,0x55aa4c,0x26c,0x100,0x4cf8c985347349ed
0x37954c,0xf2290,5770,0x5b8ffc,0x388,0x100,0xef685e4707240e2
0x379584,0xf2010,5750,0x5a8bfc,0x2ac,0x100,0x78c44dfe8c0fd3df
0x379608,0xf22b0,5771,0x55ca4c,0x360,0x100,0x9f8e170328c81a15
0x379674,0xf42f0,6029,0x351af0,0x20,0x0,0xd6ae79f65973df22
0x379840,0xf4310,6030,0x351c50,0x20,0x0,0x8b64a3003403405a
0x379a64,0xf4330,6031,0x351db0,0x20,0x0,0x615ce5fe0abeb12a
0x379b98,0xf4350,6032,0x351f10,0x20,0x0,0xc3cb1ba26153cb03
0x379da4,0xf4370,6033,0x352070,0x20,0x0,0x129c417c09409670
0x37a0bc,0xf4390,6034,0x3521d0,0x20,0x0,0xea45f3dc63a8fef3
0x37a250,0xf43b0,6035,0x352330,0x20,0x0,0xc73427d52f852b0b
0x37a434,0xf43d0,6036,0x352490,0x20,0x0,0x9c4a65128ff4d2be
0x37a60c,0xf43f0,6037,0x3525f0,0x20,0x0,0x94e59ac3e81819f1
0x37a774,0xf4410,6038,0x352750,0x20,0x0,0xa8d220c5b0046c35
0x37a950,0xf44b0,6043,0x352e30,0x20,0x0,0x400a907e0c332d77
0x37ab78,0xf44d0,6044,0x352f90,0x20,0x0,0x58b5952e4614d32c
0x37adac,0xf44f0,6045,0x3530f0,0x20,0x0,0xf4e431923efd6195
0x37b120,0xf4510,6046,0x353250,0x20,0x0,0x1766a8ea4ff4e39a
0x37b8f4,0xf4530,6047,0x3533b0,0x20,0x0,0x66417e72b0c30bb2
0x37bab0,0xf4550,6048,0x353510,0x20,0x0,0xa8d32da584298988
0x37bf90,0xf4570,6049,0x353670,0x20,0x0,0xecf22c01a5d13e63
0x37c438,0xf4590,6050,0x3537f0,0x20,0x0,0x8886f4ccdff62b2
0x37c9a4,0xf45b0,6051,0x353950,0x20,0x0,0xb91fb6b89f7a2302
0x37ccb0,0xf45d0,6052,0x353ab0,0x20,0x0,0x708f370e4d407f8e
0x37cf6c,0xf45f0,6053,0x353c10,0x20,0x0,0xa5e6eb2b4e9c9105
0x37d26c,0xf4610,6054,0x353d70,0x20,0x0,0xc8280bb4bc80660c
0x37d574,0xf4630,6055,0x353ed0,0x20,0x0,0x31f3274c986aef8b
0x37db08,0xf4eb0,6123,0x359c50,0x20,0x0,0x5b99904f88ba8fca
0x37dd00,0xf4650,6056,0x354030,0x20,0x0,0x382be2f8cf3360f7
0x37e180,0xf4670,6057,0x354190,0x20,0x0,0xd038f4fc7c894199
0x37e854,0xf4690,6058,0x3542f0,0x20,0x0,0x90b8303bb0d80088
0x37eb90,0xf46b0,6059,0x354450,0x20,0x0,0x616104dd62aaf54b
0x37ee9c,0xf46d0,6060,0x3545b0,0x20,0x0,0x504c3a4578ad22f5
0x37f404,0xf46f0,6061,0x354710,0x20,0x0,0x292c34ab3589f6a2
0x37f6a0,0xf4710,6062,0x354870,0x20,0x0,0xd5d0c784a9cbcb0b
0x37fc1c,0xf4730,6063,0x3549d0,0x20,0x0,0x9ce7e74aa39265c7
0x380334,0xf4750,6064,0x354b30,0x20,0x0,0xc5ebf60624fd6e75
0x380540,0xf4790,6066,0x354df0,0x20,0x0,0x5796851019cb07fe
0x380814,0xf47b0,6067,0x354f50,0x20,0x0,0xb96e46a1913d9ebc
0x380aac,0xf47d0,6068,0x3550b0,0x20,0x0,0xc8e34fdda7d6e455
0x380d18,0xf47f0,6069,0x355210,0x20,0x0,0x52a12c09152cf1d2
0x380fa8,0xf4810,6070,0x355370,0x20,0x0,0x9e23f54e048aec3c
0x381240,0xf4830,6071,0x3554d0,0x20,0x0,0xec779cf451fa27d9
0x381464,0xf4850,6072,0x355630,0x20,0x0,0x4b6894eb4efba857
0x38167c,0xf4870,6073,0x355790,0x20,0x0,0xf01cf2c3c1d7f03e
0x381800,0xf48b0,6075,0x355a50,0x20,0x0,0xe834fec7cdb5f38f
0x381d30,0xf48d0,6076,0x355bb0,0x20,0x0,0xd7afb423fc3fd0c2
0x382664,0xf48f0,6077,0x355d10,0x20,0x0,0xa9646518c1e01f64
0x38294c,0xf4910,6078,0x355e70,0x20,0x0,0x3a2e1a709f8ca6d5
0x382c38,0xf4930,6079,0x355fd0,0x20,0x0,0x7504e5d4912ba408
0x382e30,0xf4950,6080,0x356130,0x20,0x0,0xd7afb423fc3fd0c2
0x383094,0xf4970,6081,0x356290,0x20,0x0,0xe7bbdf1badc6b80b
0x3832dc,0xf4990,6082,0x3563f0,0x20,0x0,0x2314a60c2057611d
0x38355c,0xf49b0,6083,0x356550,0x20,0x0,0x9257bedcc328b9a1
0x38372c,0xf49d0,6084,0x3566b0,0x20,0x0,0xaeb3f6a56d09f6f8
0x383ccc,0xf4a30,6087,0x356ad0,0x20,0x0,0xa22f908c0e4248f2
0x384218,0xf5090,6138,0x35b0f0,0x20,0x0,0x48d61ed7e792a11e
0x3843a0,0xf50b0,6139,0x35b250,0x20,0x0,0xd4206b7c3f6af994
0x384508,0xf50f0,6141,0x35b510,0x20,0x0,0xa722dccce05da3c6
0x384958,0xf5110,6142,0x35b670,0x20,0x0,0x26bc34f5833788d3
0x384a68,0xf5130,6143,0x35b7d0,0x20,0x0,0x9d48c266896f4274
0x384e40,0xf5150,6144,0x35b930,0x20,0x0,0xcccb62b41123e8d3
0x384f74,0xf5170,6145,0x35ba90,0x20,0x0,0xad3f5454b578f2e
0x3850c4,0xf5190,6146,0x35bbf0,0x20,0x0,0x7d7687095ae5b21b
0x385214,0xf51b0,6147,0x35bd50,0x20,0x0,0xf18048a1729e6e89
0x3853d0,0xf51d0,6148,0x35beb0,0x20,0x0,0xab4a68c49d75b349
0x3854b8,0xf5010,6134,0x35ab70,0x20,0x0,0xe1fdadda14ebe571
0x3855d4,0xf51f0,6149,0x35c010,0x20,0x0,0x3d91c85db848b775
0x3856c0,0xf5010,6134,0x35ab70,0x20,0x0,0xe1fdadda14ebe571
0x3856d0,0xf5210,6150,0x35c170,0x20,0x0,0x5fe027d80e21dd64
0x385908,0xf5230,6151,0x35c2d0,0x20,0x0,0x8a26860e0b0b0e0a
0x385a74,0xf5010,6134,0x35ab70,0x20,0x0,0xe1fdadda14ebe571
0x385bdc,0xf5270,6153,0x35c590,0x20,0x0,0xbe72f3bb4a1593fe
0x385e6c,0xf5010,6134,0x35ab70,0x20,0x0,0xe1fdadda14ebe571
0x385f58,0xf5250,6152,0x35c430,0x20,0x0,0xb1e6188b4f82aff1
0x386040,0xf5010,6134,0x35ab70,0x20,0x0,0xe1fdadda14ebe571
0x386068,0xf5010,6134,0x35ab70,0x20,0x0,0xe1fdadda14ebe571
0x3861b8,0xf5290,6154,0x35c6f0,0x20,0x0,0xe8ce8c7037879c1e
0x3863ac,0xf52b0,6155,0x35c850,0x20,0x0,0x3f0fefcf0dbe0d55
0x386558,0xf5270,6153,0x35c590,0x20,0x0,0xbe72f3bb4a1593fe
0x3867bc,0xf52d0,6156,0x35c9b0,0x20,0x0,0xc0a50147df2a07c7
0x386948,0xf52f0,6157,0x35cb10,0x20,0x0,0x102c1ad549a7101
0x386b2c,0xf5310,6158,0x35cc70,0x20,0x0,0x833f100bc9ed1e5f
0x386db8,0xf5330,6159,0x35cdd0,0x20,0x0,0x93db675afb896b4a
0x3871ec,0xf5350,6160,0x35cf30,0x20,0x0,0x3cf0c719cbc7d0c1
0x387340,0xf5370,6161,0x35d090,0x20,0x0,0xb9c4e840676ddcad
0x3874fc,0xf5390,6162,0x35d1f0,0x20,0x0,0x249802d33094f6db
0x387714,0xf53b0,6163,0x35d350,0x20,0x0,0x6bb82d54f19612a3
0x3877fc,0xf5010,6134,0x35ab70,0x20,0x0,0xe1fdadda14ebe571
0x387824,0xf5010,6134,0x35ab70,0x20,0x0,0xe1fdadda14ebe571
0x387834,0xf53d0,6164,0x35d4b0,0x20,0x0,0xfb1ec9fae5a065bf
0x387a18,0xf5010,6134,0x35ab70,0x20,0x0,0xe1fdadda14ebe571
0x387ab0,0xf53f0,6165,0x35d610,0x20,0x0,0x61603e97d4e298dc
0x387cac,0xf5410,6166,0x35d770,0x20,0x0,0xe3a32870a95019e4
0x387ea8,0xf5010,6134,0x35ab70,0x20,0x0,0xe1fdadda14ebe571
0x388060,0xf5430,6167,0x35d8d0,0x20,0x0,0x59e1d133cfba8768
0x388348,0xf5450,6168,0x35da30,0x20,0x0,0x47c6c1d02c6ce1c3
0x38852c,0xf5470,6169,0x35db90,0x20,0x0,0xb8a0076e8a884378
0x388764,0xf5490,6170,0x35dcf0,0x20,0x0,0x5e4abd5c39ad66a0
0x388928,0xf54b0,6171,0x35de50,0x20,0x0,0x5f597568c36fdc5e
0x388a8c,0xf54d0,6172,0x35dfb0,0x20,0x0,0x5fa8707ea51ed9ab
0x388b64,0xf5010,6134,0x35ab70,0x20,0x0,0xe1fdadda14ebe571
0x388bb8,0xf54f0,6173,0x35e110,0x20,0x0,0xdc81175115a81b27
0x388dd4,0xf5510,6174,0x35e270,0x20,0x0,0x832ad677bf9b11f8
0x388f5c,0xf5530,6175,0x35e3d0,0x20,0x0,0x56201d4c9ce820cc
0x38925c,0xf5550,6176,0x35e530,0x20,0x0,0x24bc97f4bf527585
0x389498,0xf5570,6177,0x35e690,0x20,0x0,0xd4ae7f1c4ba23f6f
0x3897c8,0xf5590,6178,0x35e7f0,0x20,0x0,0x4158b82dc11d2cdf
0x389914,0xf55b0,6179,0x35e950,0x20,0x0,0x4ec0f5ce0d4dbfef
0x389ad4,0xf55d0,6180,0x35eab0,0x20,0x0,0xbef61eb52568a5ac
0x389d18,0xf55f0,6181,0x35ec30,0x20,0x0,0x14e250de5fa57723
0x389eac,0xf5010,6134,0x35ab70,0x20,0x0,0xe1fdadda14ebe571
0x389ebc,0xf5610,6182,0x35ed90,0x20,0x0,0x108a870556b061fc
0x389fa4,0xf5010,6134,0x35ab70,0x20,0x0,0xe1fdadda14ebe571
0x38a0b0,0xf5630,6183,0x35eef0,0x20,0x0,0xc4f6aba3f5bc2e76
0x38a220,0xf5010,6134,0x35ab70,0x20,0x0,0xe1fdadda14ebe571
0x38a300,0xf5650,6184,0x35f050,0x20,0x0,0x2109a09b44a6084f
0x38a3f0,0xf5010,6134,0x35ab70,0x20,0x0,0xe1fdadda14ebe571
0x38a818,0xf5670,6185,0x35f1b0,0x20,0x0,0x5cf88c3d6cc69647
0x38a964,0xf5690,6186,0x35f310,0x20,0x0,0x1143ec3258fc4457
0x38ab20,0xf56b0,6187,0x35f470,0x20,0x0,0xee103ebb05c57895
0x38aca4,0xf56d0,6188,0x35f5d0,0x20,0x0,0xc0a50147df2a07c7
0x38af28,0xf5710,6190,0x35f890,0x20,0x0,0xca1967c25b9f1f02
0x38b268,0xf5730,6191,0x35f9f0,0x20,0x0,0xe9144fb343747e16
0x38b70c,0xf5750,6192,0x35fb50,0x20,0x0,0xa12533f842c3cbee
0x38b834,0xf5770,6193,0x35fcb0,0x20,0x0,0x324dd47880f5c40f
0x38b984,0xf5790,6194,0x35fe10,0x20,0x0,0x280ebd56cba79a2a
0x38bafc,0xf57b0,6195,0x35ff70,0x20,0x0,0x103b9f68b9894f92
0x38bcdc,0xf57d0,6196,0x3600d0,0x20,0x0,0x81e913a48f47cd7b
0x38becc,0xf57f0,6197,0x360230,0x20,0x0,0x826fb6c5208418a
0x38bfb4,0xf5010,6134,0x35ab70,0x20,0x0,0xe1fdadda14ebe571
0x38bfe0,0xf5010,6134,0x35ab70,0x20,0x0,0xe1fdadda14ebe571
0x38bff0,0xf5810,6198,0x360390,0x20,0x0,0x7e0e834a50feb897
0x38c130,0xf5010,6134,0x35ab70,0x20,0x0,0xe1fdadda14ebe571
0x38c1d8,0xf5830,6199,0x3604f0,0x20,0x0,0x3ba75b95003ed908
0x38c2f0,0xf5010,6134,0x35ab70,0x20,0x0,0xe1fdadda14ebe571
0x38c300,0xf5870,6201,0x3607b0,0x20,0x0,0xfe1aedda2a570d16
0x38c604,0xf5850,6200,0x360650,0x20,0x0,0x69556847c961d7f0
0x38c878,0xf5890,6202,0x360910,0x20,0x0,0x5026da3672bd75a1
0x38caa4,0xf58b0,6203,0x360a70,0x20,0x0,0x7c1154113b6b19b4
0x38cc78,0xf5870,6201,0x3607b0,0x20,0x0,0xfe1aedda2a570d16
0x38cf54,0xf58d0,6204,0x360bd0,0x20,0x0,0xb6670c5ee99442d2
0x38d0b8,0xf58f0,6205,0x360d30,0x20,0x0,0x7ddd2042e2aadf9a
0x38d214,0xf5910,6206,0x360e90,0x20,0x0,0xf603c7a315d3d3a1
0x38d410,0xf5930,6207,0x360ff0,0x20,0x0,0x6de291c61e048193
0x38d4e8,0xf5010,6134,0x35ab70,0x20,0x0,0xe1fdadda14ebe571
0x38d53c,0xf5950,6208,0x361150,0x20,0x0,0x8398ae1a9eabdd17
0x38d6f4,0xf5970,6209,0x3612b0,0x20,0x0,0x91924b706db12356
0x38d91c,0xf5990,6210,0x361410,0x20,0x0,0x96befec453db90d6
0x38dcb8,0xf59f0,6213,0x361830,0x20,0x0,0xa81558dfffe6bec3
0x38de04,0xf5a30,6215,0x361af0,0x20,0x0,0xc89d1dbd6571cb
0x38dfe0,0xf5b10,6222,0x362490,0x20,0x0,0x661e77a825f354f1
0x38e1dc,0xf5b50,6224,0x362750,0x20,0x0,0x2181ac1024b0f646
0x38e39c,0xf5b90,6226,0x362a10,0x20,0x0,0x379cc48e1134022
0x38e478,0xf5010,6134,0x35ab70,0x20,0x0,0xe1fdadda14ebe571
0x38e4c4,0xf5bb0,6227,0x362b70,0x20,0x0,0x759a0fcbb00e1e52
0x38e6d0,0xf5bf0,6229,0x362e30,0x20,0x0,0x3ba07fe451b8e467
0x38e9cc,0xf5c10,6230,0x362f90,0x20,0x0,0x9b33d906eaccff85
0x38eb88,0xf5c30,6231,0x3630f0,0x20,0x0,0xe161e5ff74c03fb
0x38eebc,0xf5c50,6232,0x363250,0x20,0x0,0xf6b804fce84efe85
0x38f008,0xf5c70,6233,0x3633b0,0x20,0x0,0x5d9b510fa6ad0b79
0x38f134,0xf5c90,6234,0x363510,0x20,0x0,0xf9ec1274238ab4e7
0x38f298,0xf5cb0,6235,0x363670,0x20,0x0,0x810015bd97d18877
0x38f3ec,0xf5cd0,6236,0x3637d0,0x20,0x0,0x8e81d0d5a418e4e
0x38f5c0,0xf5cf0,6237,0x363930,0x20,0x0,0x558f2dd44ea2734c
0x38f7c8,0xf5d10,6238,0x363a90,0x20,0x0,0x833caf4dc9e83e72
0x38f920,0xf5010,6134,0x35ab70,0x20,0x0,0xe1fdadda14ebe571
0x38f94c,0xf5010,6134,0x35ab70,0x20,0x0,0xe1fdadda14ebe571
0x38fa44,0xf5d30,6239,0x363bf0,0x20,0x0,0xfbe8faa7467bae61
0x38fb70,0xf5010,6134,0x35ab70,0x20,0x0,0xe1fdadda14ebe571
0x38fb98,0xf5010,6134,0x35ab70,0x20,0x0,0xe1fdadda14ebe571
0x38fc0c,0xf5d70,6241,0x363eb0,0x20,0x0,0xe56aed46c5c9b330
0x38fee0,0xf5d50,6240,0x363d50,0x20,0x0,0xc0008da055f10d0e
0x390174,0xf5d90,6242,0x364010,0x20,0x0,0x77743b8034b9c9d6
0x390354,0xf5d70,6241,0x363eb0,0x20,0x0,0xe56aed46c5c9b330
0x3905c8,0xf5db0,6243,0x364170,0x20,0x0,0xc20e7358cfc546fc
0x39071c,0xf5dd0,6244,0x3642d0,0x20,0x0,0x1d6fbc3f67a817c4
0x3908f0,0xf5df0,6245,0x364430,0x20,0x0,0x44276b6d6ed5695a
0x390a6c,0xf5e10,6246,0x364590,0x20,0x0,0x2bb45136560449dc
0x390bdc,0xf5e30,6247,0x3646f0,0x20,0x0,0x4aaca99acc626ab
0x390da8,0xf5e70,6249,0x3649b0,0x20,0x0,0xd28872e53211aa01
0x390ee0,0xf5e90,6250,0x364b10,0x20,0x0,0x2e60d5759d18a438
0x3910d8,0xf5eb0,6251,0x55764c,0x194,0x100,0x52f5449280dac25a
0x391110,0xf5010,6134,0x35ab70,0x20,0x0,0xe1fdadda14ebe571
0x391194,0xf5ed0,6252,0x52cc20,0x1dc,0x100,0x4b1e1593ba7f8e63
0x391250,0xf5ef0,6253,0x49c964,0x198,0x100,0xe51076461971578d
0x39130c,0xf5f10,6254,0x417438,0x164,0x100,0x48599f2523c9e36f
0x3913c8,0xf5f30,6255,0x5bd4fc,0x50,0x100,0x1a10bbb64b130fc2
0x391484,0xf5f50,6256,0x49cd64,0x14c,0x100,0x6f141db5b7c345a
0x391540,0xf5f70,6257,0x2e5114,0x50,0x100,0xa4f2dced1b6af973
0x3915fc,0xf5f90,6258,0x4ca944,0x158,0x100,0x90e48eeab48934c7
0x3916b8,0xf5fb0,6259,0x42e338,0x90,0x100,0xdd67b70d963a031
0x391774,0xf6010,6262,0x260994,0x88,0x100,0x8e2dcee10a5c3d96
0x391830,0xf6030,6263,0x25cd94,0x1f4,0x100,0xcca1742c74694d27
0x391948,0xf6050,6264,0x3b6e74,0x22c,0x100,0x7de84590a8ed6689
0x391a04,0xf6070,6265,0x55844c,0x124,0x100,0x7e1fc858b3811c36
0x391ac0,0xf6090,6266,0x424238,0x210,0x100,0x1f68b0c74624b3a0
0x391b7c,0xf60b0,6267,0x41bc38,0x314,0x100,0xe1f224e313dd2977
0x391c38,0xf60d0,6268,0x56aa24,0x16c,0x100,0xad321474e31483fb
0x391c70,0xf6010,6262,0x260994,0x88,0x100,0x8e2dcee10a5c3d96
0x391cf4,0xf60f0,6269,0x378e90,0x184,0x100,0xb18c9accc018640b
0x391db0,0xf6130,6271,0x606de0,0x19c,0x100,0x26c72992eedbec19
0x391e6c,0xf61b0,6275,0x4c8c44,0x344,0x100,0x3e5aab597bc0d142
0x391f28,0xf61d0,6276,0x377990,0x830,0x100,0x89da8b16810e80fc
0x391fe4,0xf61f0,6277,0x493164,0x214,0x100,0xacde75d34a47213e
0x3920a0,0xf6230,6279,0x266794,0x4b4,0x100,0x3bd26e343becce3
0x392188,0xf6290,6282,0x49bb64,0xac,0x100,0xe62cf54bc9226612
0x392244,0xf62b0,6283,0x420738,0x308,0x100,0x270c30fd0ebda08b
0x392300,0xf62f0,6285,0x4d7c44,0x1ec,0x100,0x31a08305b9e6225e
0x3923bc,0xf6370,6289,0x25a494,0x138,0x100,0x5a0063ae922d991c
0x392478,0xf6390,6290,0x49bb64,0x20c,0x100,0xa1bf8ec4bf3f1b48
0x3924b0,0xf6010,6262,0x260994,0x88,0x100,0x8e2dcee10a5c3d96
0x392534,0xf63d0,6292,0x367190,0x118,0x100,0x26a71e39af7e38b5
0x3925f0,0xf63f0,6293,0x232d08,0x15c,0x100,0x60a562ff25e885b5
0x3926ac,0xf64f0,6301,0x48c164,0x234,0x100,0x9a0ae6bccd48053a
0x392768,0xf6510,6302,0x25a494,0x294,0x100,0xc9e5462e1a7dfb9b
0x392824,0xf6530,6303,0x398854,0xbc,0x100,0x64e68a0249a816a1
0x3928e0,0xf6550,6304,0x5ad8fc,0x26c,0x100,0xadc815ea2dd6ba59
0x392918,0xf6010,6262,0x260994,0x88,0x100,0x8e2dcee10a5c3d96
0x39299c,0xf65f0,6309,0x53b020,0x150,0x100,0xa95a69c44d52162c
0x392a58,0xf6630,6311,0x47fa64,0x540,0x100,0xd20ff51b75dc74ca
0x392b14,0xf66f0,6317,0x4d6544,0x944,0x100,0xc1ad3d416145d28d
0x392bd0,0xf67f0,6325,0x2f1914,0x98,0x100,0xdc59b20fecae9bab
0x392c8c,0xf6810,6326,0x397954,0x138,0x100,0x97cf1465f0eb641d
0x392d48,0xf6890,6330,0x5b69fc,0x24,0x100,0xabdfb9c647e57866
0x392e04,0xf68b0,6331,0x41d738,0x170,0x100,0x5ae796aa6d3a94d1
0x392ec0,0xf68d0,6332,0x6e2298,0x150,0x100,0xae0a35f34b62b180
0x392f7c,0xf6970,6337,0x2e6f14,0x160,0x100,0xc3646fe09a28a18c
0x393038,0xf6990,6338,0x372790,0x2c,0x100,0xa20790760d477835
0x3930f4,0xf6a30,6343,0x490164,0x158,0x100,0x2aa892f063c382db
0x3931b0,0xf6a50,6344,0x4a1464,0x98,0x100,0x5719d45aac0b3283
0x39326c,0xf6a70,6345,0x5b7bfc,0xd8,0x100,0x2511c3e756950f11
0x393328,0xf6b10,6350,0x425038,0x20,0x100,0xe65a13727974598c
0x3933e4,0xf6bb0,6355,0x2ef114,0x134,0x100,0xf567e4b7a918dc03
0x3934a0,0xf6bd0,6356,0x2b6980,0xd8,0x100,0x3ad60253f5e83170
0x3934d8,0xf6010,6262,0x260994,0x88,0x100,0x8e2dcee10a5c3d96
0x39355c,0xf6bf0,6357,0x64fa50,0x230,0x100,0x6ea44b746b4c483
0x393618,0xf6c10,6358,0x42a738,0xc0,0x100,0xd40ecf43a061ee5c
0x3936d4,0xf6c30,6359,0x2ef114,0xa0,0x100,0x4d220b47e0c5a877
0x393790,0xf6c50,6360,0x493d64,0x19c,0x100,0xee585024f4e3f267
0x39384c,0xf6c70,6361,0x259594,0x2a0,0x100,0xe57f224eb8ec3de7
0x393908,0xf6c90,6362,0x485e64,0x1ec,0x100,0xde45a98ea5cfee2
0x3939c4,0xf6cb0,6363,0x41de38,0x170,0x100,0xec168c97007000c1
0x393a80,0xf6cd0,6364,0x4d8744,0x18c,0x100,0x4ca43b79f5b4608f
0x393b3c,0xf6cf0,6365,0x41d538,0x19c,0x100,0x7722ea7a38f31fbb
0x393bf8,0xf6d10,6366,0x36ff90,0x134,0x100,0x2798e02a9e9ddb0a
0x393cb4,0xf6d30,6367,0x559c4c,0x38,0x100,0x84cafbc0186d6e11
0x393d70,0xf6d70,6369,0x42de38,0x1a4,0x100,0x687b7f967143b73d
0x393e2c,0xf6d90,6370,0x68cdd0,0xb8,0x100,0xe5d15d8c75840be9
0x393ee8,0xf6eb0,6379,0x426f38,0x80,0x100,0x50cb9632abb3da25
0x393fa4,0xf6f30,6383,0x419238,0x68,0x100,0x20b086adb71b92ef
0x394060,0xf6f50,6384,0x5b89fc,0x270,0x100,0x1a81f04dee0270c3
0x39411c,0xf6f70,6385,0x3c11b0,0x6c,0x100,0x91f0e53de10fc4c7
0x3941d8,0xf6f90,6386,0x417638,0xc4,0x100,0x63382a2f64fafdf3
0x394294,0xf6fb0,6387,0x41e538,0x1d0,0x100,0xd74206808d3a8eca
0x3942cc,0xf6010,6262,0x260994,0x88,0x100,0x8e2dcee10a5c3d96
0x394350,0xf6fd0,6388,0x4d0844,0x150,0x100,0xaae83328a57dd64d
0x394388,0xf6010,6262,0x260994,0x88,0x100,0x8e2dcee10a5c3d96
0x39440c,0xf6ff0,6389,0x6150e0,0x74,0x100,0x103ab2c056092bf7
0x3944c8,0xf7010,6390,0x4c9244,0xe8,0x100,0x2f2072bac0cca6bd
0x394584,0xf7030,6391,0x4cf244,0x6c,0x100,0x11fe708906d62bfa
0x3945bc,0xf7010,6390,0x4c9244,0xe8,0x100,0x2f2072bac0cca6bd
0x394640,0xf7050,6392,0x6089e0,0xac,0x100,0xbc44990955757a42
0x3946fc,0xf7070,6393,0x369b90,0x80,0x100,0x9470524c51b5011d
0x3947b8,0xf7150,6400,0x6065e0,0x13c,0x100,0xe48a3ef04c29c8fc
0x394874,0xf71d0,6404,0x2e4f14,0x54,0x100,0xcdaf629e43a7b5ca
0x394930,0xf71f0,6405,0x372290,0xb0,0x100,0x1cd03534f4ae64fe
0x3949ec,0xf7210,6406,0x2ffb6c,0x2c,0x100,0xdca1d5dfd99882f5
0x394aa8,0xf7230,6407,0x4c8344,0x15c,0x100,0xdc40f9c6ebc07d67
0x394b64,0xf7250,6408,0x482064,0x138,0x100,0x143b6940eff6d6a2
0x394c20,0xf7270,6409,0x55994c,0xa0,0x100,0x5f31b2b9d9043a48
0x394cdc,0xf7290,6410,0x5b5dfc,0x128,0x100,0x8a4993ca0e930938
0x394d98,0xf72b0,6411,0x2e7214,0x168,0x100,0x5cfebce368910c70
0x394e54,0xf72d0,6412,0x605ee0,0x54,0x100,0x27c55256fbda4c3d
0x394f10,0xf72f0,6413,0x369090,0x48,0x100,0x93770fa7ac6c7ad4
0x394fcc,0xf7310,6414,0x53d120,0x13c,0x100,0x6647f4ff1dde53db
0x395088,0xf7330,6415,0x6c8a80,0x150,0x100,0xada4f07544d34c67
0x395144,0xf7350,6416,0x3a4434,0x130,0x100,0x35af62fce3d326ab
0x39517c,0xf7010,6390,0x4c9244,0xe8,0x100,0x2f2072bac0cca6bd
0x395200,0xf7390,6418,0x4cfc44,0x1a4,0x100,0x13489e07e2de14ae
0x3952bc,0xf73b0,6419,0x36ef90,0x1f8,0x100,0x121a8f77f9086a55
0x3952f4,0xf7010,6390,0x4c9244,0xe8,0x100,0x2f2072bac0cca6bd
0x395378,0xf73d0,6420,0x2ee214,0x8c,0x100,0xcad538caf4c83c6a
0x395434,0xf73f0,6421,0x371690,0x348,0x100,0x705f4cfc379bc8da
0x3954f0,0xf7410,6422,0x28f4cc,0x638,0x100,0xf5992ff8ad3330ac
0x3955ac,0xf7430,6423,0x49b764,0x1d8,0x100,0xc2ec744218b8da78
0x395668,0xf7450,6424,0x223934,0xb8,0x100,0x746943695cc736c4
0x395724,0xf7470,6425,0x3ad4d0,0x1f8,0x100,0xf2f00a1da1695eeb
0x3957e0,0xf7490,6426,0x53c720,0x1a4,0x100,0xa9a2d761bf6d2d3a
0x39589c,0xf74b0,6427,0x31423c,0x288,0x100,0x1407b24f7366a5d2
0x395958,0xf74d0,6428,0x27ffb4,0x164,0x100,0x418ac0f964550234
0x395a28,0xf74f0,6429,0x52fe20,0x13c,0x100,0x3e275f199a5a8c34
0x395ae4,0xf7510,6430,0x6b7f30,0x19c,0x100,0xa21bccfbbb2a084e
0x395ba0,0xf7530,6431,0x6e2f80,0x4c,0x100,0x599f5d48248ce0f1
0x395c5c,0xf7550,6432,0x6090e0,0x1b4,0x100,0x4edffbb30daf9122
0x395d18,0xf7570,6433,0x55ea4c,0xb4,0x100,0x245e60acf067d3d1
0x395dd4,0xf7590,6434,0x5ae6fc,0x28,0x100,0x4e5eadcb87334413
0x395e90,0xf75b0,6435,0x41a638,0x250,0x100,0xece8c0b3be9c6cf2
0x395ec8,0xf7010,6390,0x4c9244,0xe8,0x100,0x2f2072bac0cca6bd
0x395f4c,0xf75d0,6436,0x497964,0xb8,0x100,0xfdc101b7e55e3623
0x395f84,0xf7010,6390,0x4c9244,0xe8,0x100,0x2f2072bac0cca6bd
0x396008,0xf75f0,6437,0x2f1b14,0x148,0x100,0x71481313c9ab653d
0x3960c4,0xf7610,6438,0x6c351c,0x90,0x100,0x4439a970c007f490
0x396180,0xf7630,6439,0x3be8c4,0x1b4,0xd0,0x6f40e795f7f8cdb2
0x39623c,0xf7650,6440,0x41ee38,0x1f4,0x100,0xac817410c0351d20
0x3962f8,0xf7670,6441,0x3a4d34,0xa0,0x100,0xb586a756ba320602
0x3963b4,0xf7690,6442,0x2f0514,0x3b8,0x100,0x8e61828e5f0f8368
0x396470,0xf76b0,6443,0x4d3244,0x200,0x100,0x820f54484745ae37
0x39652c,0xf76d0,6444,0x55b64c,0x3cc,0x100,0x397b8234fdbe7794
0x3965e8,0xf76f0,6445,0x42fa38,0x220,0x100,0xfa2b562685107142
0x396620,0xf7010,6390,0x4c9244,0xe8,0x100,0x2f2072bac0cca6bd
0x3966a4,0xf7710,6446,0x41ec38,0xbc,0x100,0xd22c40da87aa5d58
0x396760,0xf7730,6447,0x481b64,0x1d8,0x100,0xe43497b31958d729
0x39681c,0xf7750,6448,0x203764,0x250,0x100,0x2f3a8e3ce626d06d
0x3968d8,0xf7770,6449,0x368a90,0x1a4,0x100,0x4502d2a224ee2f58
0x396994,0xf7790,6450,0x28e1cc,0x16c,0x100,0xd40d1a4d74a99c70
0x396a50,0xf77b0,6451,0x22ab34,0x15c,0x100,0xc94fc67b66568b1c
0x396a88,0xf7010,6390,0x4c9244,0xe8,0x100,0x2f2072bac0cca6bd
0x396b0c,0xf77d0,6452,0x5a86fc,0x128,0x100,0x3ebc42a8d6d4f4b1
0x396bc8,0xf77f0,6453,0x652df4,0x44,0x100,0x996118e19aa57778
0x396c84,0xf7810,6454,0x293fcc,0xac,0x100,0x7816fb54a898d9cb
0x396d40,0xf7830,6455,0x28e5cc,0x160,0x100,0x2796330a5818915a
0x396dfc,0xf7850,6456,0x234d08,0x34,0x100,0x1726619ee65e797
0x396eb8,0xf7870,6457,0x55824c,0x29c,0x100,0x507d387c1c15b732
0x396f74,0xf7890,6458,0x2f1114,0x5c,0x100,0xf3b52297f12609c7
0x396fac,0xf7010,6390,0x4c9244,0xe8,0x100,0x2f2072bac0cca6bd
0x397030,0xf78b0,6459,0x6879d0,0x254,0x100,0x5027209bc71ab33e
0x3970ec,0xf78d0,6460,0x661b64,0x64,0x100,0x104ecf689000955d
0x3971a8,0xf78f0,6461,0x266994,0xcc,0x100,0x52e281619c1762a5
0x397264,0xf7910,6462,0x52f120,0x144,0x100,0x3362cfd6629d3d49
0x397320,0xf7930,6463,0x289acc,0x180,0x100,0x6e5eaa612e0e2564
0x3973dc,0xf7950,6464,0x22ac34,0x1b0,0x100,0x1c0f63129f903f4a
0x397498,0xf7970,6465,0x558e4c,0x258,0x100,0x7356708d6e164250
0x397554,0xf7990,6466,0x215ebc,0x88,0x70,0x56eec4514f23c5f6
0x39758c,0xf7010,6390,0x4c9244,0xe8,0x100,0x2f2072bac0cca6bd
0x397610,0xf79b0,6467,0x377d90,0x384,0x100,0xfae1c019d493b712
0x397648,0xf7010,6390,0x4c9244,0xe8,0x100,0x2f2072bac0cca6bd
0x3976cc,0xf79d0,6468,0x379190,0x224,0x100,0x866aa25abb7c71eb
0x397788,0xf79f0,6469,0x28e1cc,0x46c,0x100,0xbf7ed2e4e4732f61
0x397844,0xf7a10,6470,0x2f3a14,0xb4,0x100,0x9bec15757c81d84b
0x397900,0xf7a30,6471,0x4c8044,0x1a4,0x100,0x72c10ad343b1234c
0x3979bc,0xf7a50,6472,0x6cacc8,0xd0,0x100,0x5a261ca23aee40cc
0x3979f4,0xf7010,6390,0x4c9244,0xe8,0x100,0x2f2072bac0cca6bd
0x397a78,0xf7a70,6473,0x228634,0x174,0x100,0xc5d18f3e80f492a1
0x397b34,0xf7a90,6474,0x289bcc,0x1a8,0x100,0xf04b0ecf14c31c0b
0x397bf0,0xf7ab0,6475,0x488364,0x44,0x100,0xa3ce2fe30d0d4123
0x397cac,0xf7ad0,6476,0x26d600,0x160,0x100,0xbb785177edae377d
0x397d68,0xf7af0,6477,0x261494,0xbc,0x100,0xa74e21d9061cc906
0x397e24,0xf7b10,6478,0x30026c,0x118,0x100,0x5e8f982681af6b51
0x397e5c,0xf7010,6390,0x4c9244,0xe8,0x100,0x2f2072bac0cca6bd
0x397ee0,0xf7b30,6479,0x375d90,0x164,0x100,0x7b17b3692785d66d
0x397f9c,0xf7b50,6480,0x5aaffc,0x14c,0x100,0xe506c05e587cc715
0x398058,0xf7b70,6481,0x53bd20,0x144,0x100,0x28ddadcea43112fa
0x398090,0xf7010,6390,0x4c9244,0xe8,0x100,0x2f2072bac0cca6bd
0x398114,0xf7b90,6482,0x371790,0x168,0x100,0xe11483cba69e1a3c
0x39814c,0xf7010,6390,0x4c9244,0xe8,0x100,0x2f2072bac0cca6bd
0x3981d0,0xf7bb0,6483,0x534f20,0x78,0x100,0xe082837222e381c2
0x398208,0xf7010,6390,0x4c9244,0xe8,0x100,0x2f2072bac0cca6bd
0x39828c,0xf7bd0,6484,0x4c8544,0x1d8,0x100,0x2c544e550228990f
0x398348,0xf7bf0,6485,0x2e5814,0xa4,0x100,0x1e1cc8df4f1c6629
0x398404,0xf7c10,6486,0x4d2344,0x300,0x100,0x61597e7be9bb9078
0x39843c,0xf7010,6390,0x4c9244,0xe8,0x100,0x2f2072bac0cca6bd
0x3984c0,0xf7c30,6487,0x635e0c,0x448,0x100,0x2e8aa6ec18eddc59
0x39857c,0xf7c50,6488,0x6caac8,0x2f4,0x100,0xca85ff6b9422006b
0x398638,0xf7c70,6489,0x22c94c,0x1d0,0x100,0x54c9d2303c555d16
0x3986f4,0xf7c90,6490,0x4355c4,0xa8,0x68,0x6963134867ba70f5
0x3987b0,0xf7cb0,6491,0x261994,0x240,0x100,0xc628528383d8396e
0x39886c,0xf7cd0,6492,0x49ee64,0x1c8,0x100,0x72a3e13e0809d652
0x3988a4,0xf7010,6390,0x4c9244,0xe8,0x100,0x2f2072bac0cca6bd
0x398928,0xf7cf0,6493,0x369f90,0x138,0x100,0x4b2e0c177e374792
0x3989e4,0xf7d10,6494,0x232b08,0x168,0x100,0x3251088d3cc1cee6
0x398aa0,0xf7d30,6495,0x37a8b0,0x1dc,0x30,0x8470a7152c752889
0x398b5c,0xf7d50,6496,0x426d38,0x174,0x100,0x300c00a176c9393b
0x398c18,0xf7d70,6497,0x6091e0,0x160,0x100,0x5a03ee9ad3e5bfef
0x398cd4,0xf7d90,6498,0x22c334,0x48,0x100,0xb96eaa5e0bc1e168
0x398d90,0xf7db0,6499,0x4cc644,0x184,0x100,0xd793a130811e80fa
0x398e4c,0xf7dd0,6500,0x2936cc,0xb8,0x100,0x22aff999629c0493
0x398f08,0xf7df0,6501,0x3bd198,0x158,0x100,0x8e67d2223ccdb6ac
0x398fc4,0xf7e10,6502,0x3ac7d0,0x30,0x100,0xefd356eab2ea534
0x399080,0xf7e50,6504,0x2e7814,0x8c,0x100,0x9badf33444ba4e6f
0x39913c,0xf7e70,6505,0x25a594,0x350,0x100,0xc700a3fe620e392e
0x3991f8,0xf7f70,6513,0x429438,0xe8,0x100,0x5c2c57912296ee6f
0x3992b4,0xf7ff0,6517,0x5becfc,0x84,0x100,0xab0a38a135156a
0x399370,0xf8010,6518,0x225234,0x30,0x100,0x44abea403b67d6fb
0x39942c,0xf8030,6519,0x234608,0x288,0x100,0xdb0d122b6de8bb36
0x3994e8,0xf8050,6520,0x49b064,0x84,0x100,0x5d42601aa312ed54
0x3995a4,0xf8070,6521,0x234208,0x1b4,0x100,0x3aa1fcbe26607da2
0x399660,0xf8090,6522,0x263f94,0x74,0x100,0xa3cfc5442924b9bb
0x39971c,0xf80b0,6523,0x4cf744,0xac,0x100,0x63db76b9653bd13c
0x399754,0xf8010,6518,0x225234,0x30,0x100,0x44abea403b67d6fb
0x3997d8,0xf80d0,6524,0x6e3880,0x148,0xe0,0xcca722e2599a4448
0x399894,0xf80f0,6525,0x531920,0x13c,0x100,0x572777b2368d109b
0x399950,0xf8110,6526,0x2e9614,0x148,0x100,0x55e42ca51055a2a
0x399a0c,0xf8130,6527,0x227934,0x144,0x100,0x5fcc078a0c7d8ff5
0x399ac8,0xf8150,6528,0x52e320,0x180,0x100,0x42f92b0386da7b36
0x399b84,0xf8170,6529,0x49e464,0x1cc,0x100,0xc451d7390c84fe8e
0x399c40,0xf8190,6530,0x668448,0x204,0x100,0x6965b66072a4c25
0x399cfc,0xf81b0,6531,0x258c94,0xac,0x100,0x11278e7808dfbe61
0x399db8,0xf81d0,6532,0x28fdcc,0x244,0x100,0x39eff6e2209bf7d9
0x399e74,0xf81f0,6533,0x2e6014,0x4ec,0x100,0x3f50eb6eea70e509
0x399f30,0xf8210,6534,0x4d8c44,0x290,0x100,0xf9cc6e3ae5d96d05
0x399fec,0xf8230,6535,0x55914c,0x1c0,0x100,0x4a62083834ce219d
0x39a0a8,0xf8250,6536,0x47ea64,0xbc,0x100,0xe7b38359f5eb000a
0x39a164,0xf8270,6537,0x2f4014,0x1f4,0x100,0x5f5c6ce23b344878
0x39a220,0xf8290,6538,0x484864,0x130,0x100,0x430c600e7024a7e3
0x39a2e4,0xf8d70,6625,0x36c2d0,0x20,0x0,0xb22eeb6730e66b0d
0x39a544,0xf8d90,6626,0x36c430,0x20,0x0,0x6240cec6d6d9d7c9
0x39a790,0xf8db0,6627,0x36c590,0x20,0x0,0xcbfac0373f5af1bd
0x39ab7c,0xf8dd0,6628,0x36c6f0,0x20,0x0,0x965980991e516cca
0x39ad40,0xf8df0,6629,0x36c850,0x20,0x0,0xc4a2f5667ca7997c
0x39b008,0xf8e30,6631,0x36cb10,0x20,0x0,0x57f4ab96f6682a28
0x39b118,0xf8f30,6639,0x36d610,0x20,0x0,0x1bd0b978332311d2
0x39b1a8,0xf91f0,6661,0x36f450,0x20,0x0,0x30ddc8e6755d47ce
0x39b3ac,0xf8e50,6632,0x36cc70,0x20,0x0,0x39a26e1a64053b38
0x39b6c4,0xf8e70,6633,0x36cdd0,0x20,0x0,0x62c6bd373af2ac21
0x39ba2c,0xf8e90,6634,0x36cf30,0x20,0x0,0x92147aea22cf8859
0x39bc40,0xf9190,6658,0x36f030,0x20,0x0,0x307f64a676f73f3a
0x39bef8,0xf9190,6658,0x36f030,0x20,0x0,0x307f64a676f73f3a
0x39c2dc,0xf8ef0,6637,0x36d350,0x20,0x0,0xd8b63c78e98a944a
0x39c2e8,0xf91b0,6659,0x36f190,0x20,0x0,0x72b6334ea1b834dc
0x39ca80,0xf91d0,6660,0x36f2f0,0x20,0x0,0x1f60b4e70ba5aece
0x39ce5c,0xf8eb0,6635,0x36d090,0x20,0x0,0x739527dae7c4ebeb
0x39d2a4,0xf8ed0,6636,0x36d1f0,0x20,0x0,0x77abfa60d3535853
0x39d3e8,0xf8f10,6638,0x36d4b0,0x20,0x0,0x623ff546d6ca0cc9
0x39d664,0xf8f50,6640,0x36d770,0x20,0x0,0x623ff546d6c5cd49
0x39d984,0xf8ef0,6637,0x36d350,0x20,0x0,0xd8b63c78e98a944a
0x39d994,0xf91b0,6659,0x36f190,0x20,0x0,0x72b6334ea1b834dc
0x39dd7c,0xf8f70,6641,0x36d8d0,0x20,0x0,0xe3691ad4db474faf
0x39df34,0xf8f90,6642,0x36da30,0x20,0x0,0x624b00c6d6c8e749
0x39e0e4,0xf8fb0,6643,0x36db90,0x20,0x0,0xcbfac0373f5af1bd
0x39e5fc,0xf8fd0,6644,0x36dcf0,0x20,0x0,0xa9ada0991a895f2a
0x39f210,0xf8ff0,6645,0x36de50,0x20,0x0,0xc4a2f5667ca7997c
0x39f4d0,0xf9010,6646,0x36dfb0,0x20,0x0,0x329f1d3c6bea29c1
0x39fa78,0xf8ef0,6637,0x36d350,0x20,0x0,0xd8b63c78e98a944a
0x39fa80,0xf91b0,6659,0x36f190,0x20,0x0,0x72b6334ea1b834dc
0x39fe78,0xf8ef0,6637,0x36d350,0x20,0x0,0xd8b63c78e98a944a
0x39ffb8,0xf9030,6647,0x36e110,0x20,0x0,0xb219825a809647f9
0x3a029c,0xf9050,6648,0x36e270,0x20,0x0,0xeb4e8fbc9186bf3c
0x3a04e8,0xf9070,6649,0x36e3d0,0x20,0x0,0x72784de7ddb1dadb
0x3a06f4,0xf9090,6650,0x36e530,0x20,0x0,0xf814793722ccfadc
0x3a0be4,0xf90b0,6651,0x36e690,0x20,0x0,0x739527dae7c4ebeb
0x3a0d64,0xf90d0,6652,0x36e7f0,0x20,0x0,0x7f6efef69c4cb76b
0x3a0fec,0xf90f0,6653,0x36e950,0x20,0x0,0xa1359ff2e747b26b
0x3a12f4,0xf9110,6654,0x36eab0,0x20,0x0,0x500131d8d2c2844d
0x3a163c,0xf9130,6655,0x36ec10,0x20,0x0,0x23577ac6ef568864
0x3a1870,0xf8010,6518,0x225234,0x30,0x100,0x44abea403b67d6fb
0x3a1bec,0xf9150,6656,0x36ed70,0x20,0x0,0x7d35e9a003c2335c
0x3a21a0,0xf9270,6665,0x36f9d0,0x20,0x0,0x57d8f32b21971e81
0x3a22a8,0xf9430,6679,0x370d10,0x20,0x0,0x65c0fa05f7e85001
0x3a2464,0xf94b0,6683,0x371290,0x20,0x0,0x2b59676b226a0de8
0x3a2c30,0xf94d0,6684,0x3713f0,0x20,0x0,0x18ce77e7072a7ca0
0x3a2d68,0xf94f0,6685,0x371550,0x20,0x0,0xfdaa5ae07b4f26cb
0x3a2fb8,0xf9530,6687,0x47fa64,0x13c,0x100,0xce953a34f3562902
0x3a30a0,0xf9550,6688,0x260f94,0x40,0x100,0xd69f830ebbf0f7d9
0x3a315c,0xf9570,6689,0x398f54,0x5f4,0x100,0x97416ee853fef29e
0x3a3218,0xf9590,6690,0x4dac44,0x5ac,0x100,0x7dfcfe3d44be2a27
0x3a32d4,0xf95b0,6691,0x31453c,0x64,0x100,0x71f3eb3f032f4980
0x3a3390,0xf9610,6694,0x312d3c,0x15c,0x100,0x3bbcbdb7f3c01ed7
0x3a3460,0xf9630,6695,0x6130e0,0x1ec,0x100,0xc7e80cde1f09bad6
0x3a3498,0xf9010,6646,0x36dfb0,0x20,0x0,0x329f1d3c6bea29c1
0x3a351c,0xf9650,6696,0x499564,0x210,0x100,0xd335e4e8686663a8
0x3a35d8,0xf9690,6698,0x4d1f44,0x143c,0x100,0xce338d65f0d071e3
0x3a3610,0xf9010,6646,0x36dfb0,0x20,0x0,0x329f1d3c6bea29c1
0x3a3694,0xf96b0,6699,0x5b22fc,0x26c,0x100,0x4be5f68d5b35c189
0x3a3750,0xf96d0,6700,0x5afffc,0x3f0,0x100,0x5475d522c82b0720
0x3a380c,0xf96f0,6701,0x48ee64,0x1e4,0x100,0x3149f72d29dc7481
0x3a38f4,0xf9710,6702,0x42cc38,0x3c,0x100,0x910c3ea8d829136f
0x3a392c,0xf9010,6646,0x36dfb0,0x20,0x0,0x329f1d3c6bea29c1
0x3a39b0,0xf9730,6703,0x60d8e0,0x3c0,0x100,0x449a6d9788a65dff
0x3a3a6c,0xf9750,6704,0x292bcc,0x304,0x100,0xe06e15e6f346592d
0x3a3aa4,0xf9010,6646,0x36dfb0,0x20,0x0,0x329f1d3c6bea29c1
0x3a3b28,0xf9770,6705,0x423b38,0x1b4,0x100,0xed6078844c64aefc
0x3a3be4,0xf9790,6706,0x22c634,0x364,0x20,0x431de6eb51cf269e
0x3a3ca0,0xf97b0,6707,0x47ea64,0x458,0x100,0x86d150466a6b6538
0x3a3d5c,0xf97d0,6708,0x4d4644,0x1e4,0x100,0xc599669648f01951
0x3a3d94,0xf9010,6646,0x36dfb0,0x20,0x0,0x329f1d3c6bea29c1
0x3a3e18,0xf97f0,6709,0x6ae934,0x258,0x100,0x2b8ff74777aaea56
0x3a3ed4,0xf9810,6710,0x2f2714,0x71c,0x100,0x79da12fff45cbfb0
0x3a3f90,0xf9830,6711,0x366190,0x1bc,0x100,0xdae6b88e1d454685
0x3a404c,0xf9850,6712,0x31313c,0x518,0x100,0xe5d5653771ba7a8e
0x3a4084,0xf9010,6646,0x36dfb0,0x20,0x0,0x329f1d3c6bea29c1
0x3a4108,0xf9870,6713,0x2365f8,0xc1c,0x100,0xa26a7f08a39e118b
0x3a4140,0xf9010,6646,0x36dfb0,0x20,0x0,0x329f1d3c6bea29c1
0x3a41c4,0xf9890,6714,0x601de0,0xb1c,0x100,0x5e8ab39c934caa20
0x3a4280,0xf98b0,6715,0x494b64,0x270,0x100,0x337e01c9540e1ba7
0x3a433c,0xf98d0,6716,0x228a34,0x2ac,0x100,0x65ccdcd2b1154ce0
0x3a43f8,0xf9930,6719,0x68c5d0,0x28,0x100,0xc39614232c6011af
0x3a44b4,0xf9950,6720,0x41bf38,0x24,0x100,0x409592543e365de7
0x3a44ec,0xf9010,6646,0x36dfb0,0x20,0x0,0x329f1d3c6bea29c1
0x3a4570,0xf9990,6722,0x373d90,0x500,0x100,0xd655d15f0808800f
0x3a462c,0xf99b0,6723,0x3b5a74,0x168,0x100,0x3a0b007402fb79da
0x3a46e8,0xf99d0,6724,0x425c38,0x298,0x100,0x4fd03984f2dc055d
0x3a4720,0xf9010,6646,0x36dfb0,0x20,0x0,0x329f1d3c6bea29c1
0x3a47a4,0xf99f0,6725,0x489c64,0x98,0x100,0x294432c899bf2bed
0x3a4860,0xf9a10,6726,0x55c34c,0xb4,0x100,0x75cb9a8a531b4f17
0x3a491c,0xf9a30,6727,0x313a3c,0x30,0x100,0x4337c54b7eb727b0
0x3a49d8,0xf9a50,6728,0x42f138,0x144,0x100,0xc65a6aac92479e34
0x3a4a10,0xf9010,6646,0x36dfb0,0x20,0x0,0x329f1d3c6bea29c1
0x3a4aa8,0xf9a70,6729,0x430b38,0x690,0x100,0x158832c185e936af
0x3a4b64,0xf9a90,6730,0x31733c,0x6c,0x100,0x491c286cbbff8459
0x3a4c20,0xf9af0,6733,0x42e938,0x54,0x100,0xdeec3360fc892d28
0x3a4cdc,0xf9b30,6735,0x228034,0x88,0x100,0xde93d5853651debf
0x3a4d98,0xf9b50,6736,0x6075e0,0x10c,0x100,0xcd77017e8c6057e5
0x3a4e54,0xf9b70,6737,0x2e4214,0x13c,0x100,0xe19649b23410f01e
0x3a4f10,0xf9c30,6743,0x423b38,0x164,0x100,0xd92f21e45ca4afd3
0x3a4fcc,0xf9db0,6755,0x483864,0x148,0x100,0xed369b2d3b56917e
0x3a5054,0xfa710,6830,0x377b30,0x20,0x0,0x46ea4e59c3b8a543
0x3a51e4,0xfa730,6831,0x377c90,0x20,0x0,0x9a5caf28a8fc0c84
0x3a547c,0xfa750,6832,0x377df0,0x20,0x0,0x6f913a9644342225
0x3a5764,0xfaa50,6856,0x379ef0,0x20,0x0,0x60e353a32e1f1358
0x3a5934,0xfa770,6833,0x377f50,0x20,0x0,0x1ccd039a73c063fb
0x3a5cc4,0xfa7d0,6836,0x378370,0x20,0x0,0x69628102026e7ea0
0x3a6038,0xfa790,6834,0x3780b0,0x20,0x0,0x981e8ed4ef7e0132
0x3a6178,0xfa7b0,6835,0x378210,0x20,0x0,0xd849b4a78d140edd
0x3a6330,0xfa7f0,6837,0x3784d0,0x20,0x0,0x440134e1d53a0ebd
0x3a6518,0xfa810,6838,0x378630,0x20,0x0,0x945380f9ee10df89
0x3a688c,0xfa7d0,6836,0x378370,0x20,0x0,0x69628102026e7ea0
0x3a6be0,0xfa830,6839,0x378790,0x20,0x0,0xc2784051aacae11c
0x3a6dc0,0xfa850,6840,0x3788f0,0x20,0x0,0x1e4f15eb46d94a19
0x3a71f8,0xfa7d0,6836,0x378370,0x20,0x0,0x69628102026e7ea0
0x3a7680,0xfa870,6841,0x378a50,0x20,0x0,0xcbfac0373f5af1bd
0x3a7878,0xfa890,6842,0x378bb0,0x20,0x0,0x10fa41659c8c2d68
0x3a7a80,0xfa8b0,6843,0x378d10,0x20,0x0,0xc4a2f5667ca7997c
0x3a7dc0,0xfa8d0,6844,0x378e70,0x20,0x0,0x329f1d3c6bea29c1
0x3a8700,0xfa910,6846,0x379130,0x20,0x0,0x8c613c350aa95dbf
0x3a8924,0xfa930,6847,0x379290,0x20,0x0,0xa43baa85876f17b0
0x3a8db4,0xfa950,6848,0x3793f0,0x20,0x0,0x4514836922ceb3db
0x3a8fa8,0xfa970,6849,0x379550,0x20,0x0,0x739527dae7c4ebeb
0x3a9404,0xfa990,6850,0x3796b0,0x20,0x0,0x759eee6852295e65
0x3a9538,0xfa9d0,6852,0x379970,0x20,0x0,0xf754c7161ec983c5
0x3a9a14,0xfa9f0,6853,0x379ad0,0x20,0x0,0x765ee4d0268bec9d
0x3aa260,0xfaa10,6854,0x379c30,0x20,0x0,0x9568d8fb53081fe6
0x3aa680,0xfaa30,6855,0x379d90,0x20,0x0,0x7017e92211abfbac
0x3aacec,0xfabb0,6867,0x37ae10,0x20,0x0,0x153c50a9dccbcf11
0x3aae74,0xfabd0,6868,0x37af70,0x20,0x0,0x7fabd41739c8f50d
0x3ab134,0xfabf0,6869,0x37b0d0,0x20,0x0,0x7128e144a35f8771
0x3ab298,0xfac70,6873,0x37b650,0x20,0x0,0x53e6e73fa63c462c
0x3ab3c8,0xfac90,6874,0x37b7b0,0x20,0x0,0xd7ae5ff2fcde5952
0x3ab508,0xfacf0,6877,0x37bbd0,0x20,0x0,0x834e8b0a5112ac4c
0x3ab758,0xfad30,6879,0x37be90,0x20,0x0,0xfa402ac2fb9260e7
0x3ab8f0,0xfa010,6774,0x372e10,0x20,0x0,0x329f1d3c6bea29c1
0x3abae8,0xfad50,6880,0x37bff0,0x20,0x0,0x254d0266e4330afa
0x3abcb8,0xfad70,6881,0x37c150,0x20,0x0,0x5048b38d773256a9
0x3abe84,0xfad90,6882,0x37c2b0,0x20,0x0,0xfef9ac4d66a42b8a
0x3ac568,0xfadb0,6883,0x37c410,0x20,0x0,0xa745f342ca5f455
0x3ac62c,0xfadd0,6884,0x37c570,0x20,0x0,0xc116f3222f8cc481
0x3ac754,0xfadf0,6885,0x49a664,0xc4,0x100,0x95d16511b4378fa5
0x3ac78c,0xfa010,6774,0x372e10,0x20,0x0,0x329f1d3c6bea29c1
0x3ac824,0xfae10,6886,0x433938,0xc8,0x100,0x819f4afb519e0551
0x3ac90c,0xfae50,6888,0x26e800,0x54,0x100,0x902c8ba7a38004df
0x3ac9c8,0xfae70,6889,0x486864,0x2fc,0x100,0x1b610ed0e699e295
0x3aca84,0xfae90,6890,0x5aadfc,0x28c,0x100,0x4185560b7dd844c0
0x3acb40,0xfaeb0,6891,0x532320,0x1bc,0x100,0xd344df4d336cdda7
0x3acbfc,0xfaed0,6892,0x260394,0x6fc,0x100,0x9f84f8d3f7e507dd
0x3accb8,0xfaef0,6893,0x36d190,0x168,0x100,0xa603542b4d065192
0x3acd74,0xfaf10,6894,0x395454,0x140,0x100,0x6c61e6b87ef4b041
0x3ace30,0xfaf30,6895,0x481f64,0x64,0x100,0x99a4633a26917e88
0x3aceec,0xfaf50,6896,0x31683c,0x88,0x100,0x5cc34faf68f4b11e
0x3acfa8,0xfaf70,6897,0x42b838,0x6c4,0x100,0xcec0eed694b5d8f0
0x3ad064,0xfaf90,6898,0x26ed00,0x17c,0x100,0xa04eab62140b50e3
0x3ad120,0xfafb0,6899,0x28bccc,0x8b4,0x100,0x5ff0afd19a814f50
0x3ad1dc,0xfafd0,6900,0x5b94fc,0x6c,0x100,0x3cb567978bcbc04c
0x3ad298,0xfaff0,6901,0x265094,0x180,0x100,0x423d41fd33aaf44e
0x3ad354,0xfb010,6902,0x374190,0x850,0x100,0x1cd21625339b41ec
0x3ad410,0xfb030,6903,0x605de0,0x8bc,0x100,0x448b3bdd29ea20c1
0x3ad4cc,0xfb050,6904,0x661e64,0x1a8,0x100,0x587051951fbe4304
0x3ad588,0xfb070,6905,0x6066e0,0x5c,0x100,0x95503aac6c67043f
0x3ad5c0,0xfb010,6902,0x374190,0x850,0x100,0x1cd21625339b41ec
0x3ad644,0xfb090,6906,0x6b32a8,0x2c,0x100,0x36644e90fca4c723
0x3ad700,0xfb0b0,6907,0x391a54,0x208,0x100,0x84a175549ba1311b
0x3ad738,0xfb010,6902,0x374190,0x850,0x100,0x1cd21625339b41ec
0x3ad7bc,0xfb0d0,6908,0x53e820,0x4b8,0x100,0x71dcd96b951098ac
0x3ad878,0xfb0f0,6909,0x371090,0x490,0x100,0xee2707fe06a62a2c
0x3ad934,0xfb110,6910,0x2ed814,0x124,0x100,0x653b59a54d79c08b
0x3ad9f0,0xfb130,6911,0x2ed614,0xa8,0x100,0x62baa5b2298ef027
0x3adaac,0xfb170,6913,0x2e8b14,0x110,0x100,0x91ef7f3e85592597
0x3adb68,0xfb190,6914,0x495e64,0x260,0x100,0x1bc52b4485ae43de
0x3adc24,0xfb1d0,6916,0x31173c,0x13c,0x100,0xcc445af302c387ce
0x3adce0,0xfb210,6918,0x4cd944,0x688,0x100,0x31f9603ac79aa358
0x3add9c,0xfb230,6919,0x4c7544,0x1b4,0x100,0x37143d3e757c7d1f
0x3ade58,0xfb250,6920,0x615ee0,0x258,0x100,0x72aaaf5604010f73
0x3adf14,0xfb270,6921,0x4d6244,0x6c,0x100,0x6d83859618cdbacb
0x3adfe4,0xfb290,6922,0x25ed94,0x620,0x100,0xd2f34ec95d2e749c
0x3ae0a0,0xfb2f0,6925,0x52ba20,0x160,0x100,0x8e21014b2d5813fb
0x3ae15c,0xfb310,6926,0x60aee0,0xb4,0x100,0xfb9e3428ac76dda6
0x3ae218,0xfb3b0,6931,0x6adec4,0x16c,0x100,0x87359ba51e2efc1
0x3ae2d4,0xfb3d0,6932,0x696568,0x54,0x98,0x38cfd14bda6dc42f
0x3ae390,0xfb430,6935,0x28decc,0x228,0x100,0xa7b9ae718d9c5bee
0x3ae44c,0xfb490,6938,0x427638,0x9c,0x100,0xf7f5ed0365f4e20e
0x3ae508,0xfb4b0,6939,0x49e364,0x230,0x100,0x82ecaea85e66c9d2
0x3ae5c4,0xfb4d0,6940,0x2f0814,0xf8,0x100,0x204f5aff742551e5
0x3ae680,0xfb4f0,6941,0x395254,0xa4,0x100,0x186a018468dbd67d
0x3ae73c,0xfb510,6942,0x530920,0xa8,0x100,0xcf3f40759cf2be4b
0x3ae7f8,0xfb530,6943,0x2f3014,0x48,0x100,0x8a1a6e6bac04cc9a
0x3ae8b4,0xfb550,6944,0x26ec00,0xac,0x100,0x1da3adb3b3abd40e
0x3ae970,0xfb570,6945,0x374990,0x34,0x100,0xc5ad848260a8b5b5
0x3aea2c,0xfb590,6946,0x48a264,0x1bc,0x100,0x7b43a3d97e23691e
0x3aeae8,0xfb5d0,6948,0x49cb64,0x158,0x100,0x823b644d217a6e9f
0x3aeba4,0xfb5f0,6949,0x60efe0,0x3a4,0x100,0x408b44cca665d309
0x3aec60,0xfb610,6950,0x485564,0x88,0x100,0x673819c99f1ff00b
0x3aed1c,0xfb630,6951,0x49d364,0x198,0x100,0x70d91baad4dafe44
0x3aedd8,0xfb650,6952,0x2fc2bc,0x1e0,0x100,0x9f357dcd30a3ef9e
0x3aee10,0xfb010,6902,0x374190,0x850,0x100,0x1cd21625339b41ec
0x3aee94,0xfb690,6954,0x421a38,0x114,0x100,0xd0aaabc2a729c05b
0x3aef50,0xfb6b0,6955,0x533e20,0x98,0x100,0x30083c6dd3e1d744
0x3af00c,0xfb6d0,6956,0x606ce0,0x144,0x100,0xc9266574a3b97947
0x3af0c8,0xfb6f0,6957,0x4d7d44,0x1ec,0x100,0x905a3f1827347387
0x3af184,0xfb730,6959,0x5aacfc,0x20c,0x100,0xbaed52d8dfa98835
0x3af240,0xfb750,6960,0x41ee38,0x3c,0x100,0x79ba105538187a7a
0x3af2fc,0xfb770,6961,0x428f38,0x158,0x100,0x670f68a50828bc15
0x3af3b8,0xfb790,6962,0x4cc344,0x98,0x100,0x450a81525fd81d13
0x3af474,0xfb7b0,6963,0x42a738,0x9c,0x100,0xa84ee8a5a62a731e
0x3af530,0xfb7d0,6964,0x49c464,0x1c8,0x100,0xf3d6853a18bc820d
0x3af5ec,0xfb7f0,6965,0x6bc4f8,0x1d4,0x100,0x32c6269bbcbc0eb5
0x3af674,0xfc0f0,7037,0x382890,0x20,0x0,0x6241a61585a057f3
0x3b033c,0xfc110,7038,0x3829f0,0x20,0x0,0xceafa6ad5447878b
0x3b0a38,0xfc130,7039,0x382b50,0x20,0x0,0x48392df481ba6e33
0x3b16b0,0xfc150,7040,0x382cb0,0x20,0x0,0xbd9a6fe4622abb9e
0x3b1a68,0xfc170,7041,0x382e10,0x20,0x0,0x82badbe95cf6dfa3
0x3b1c00,0xfc190,7042,0x382f70,0x20,0x0,0x9c16baacf1d078d6
0x3b1fb8,0xfc5f0,7077,0x385f90,0x20,0x0,0xb6303fd077971747
0x3b21f8,0xfc1b0,7043,0x3830d0,0x20,0x0,0x102c1ad534a49fa
0x3b329c,0xfc210,7046,0x3834f0,0x20,0x0,0xe66f03bec5778c86
0x3b34dc,0xfc230,7047,0x383650,0x20,0x0,0x25608e9d69a92309
0x3b3b68,0xfc290,7050,0x383a70,0x20,0x0,0xa8ee9576a295da94
0x3b4038,0xfc2b0,7051,0x383bd0,0x20,0x0,0xc75687d16251d652
0x3b4278,0xfc2f0,7053,0x383e90,0x20,0x0,0x554cd9f71011995
0x3b442c,0xfc450,7064,0x384db0,0x20,0x0,0x7645d7036981b20c
0x3b4880,0xfc470,7065,0x384f10,0x20,0x0,0x67993e73078ea37c
0x3b49bc,0xfc490,7066,0x385070,0x20,0x0,0x11ea8575176de57b
0x3b4b44,0xfc4b0,7067,0x3851d0,0x20,0x0,0x3d2a37c3553d7a51
0x3b4d1c,0xfc4d0,7068,0x385330,0x20,0x0,0x27bda4a083d75f58
0x3b4e10,0xfc010,7030,0x381ef0,0x20,0x0,0x3cdd0fe63dd4421c
0x3b4ea4,0xfc010,7030,0x381ef0,0x20,0x0,0x3cdd0fe63dd4421c
0x3b4f4c,0xfc4f0,7069,0x385490,0x20,0x0,0xebe1588d61b50022
0x3b5084,0xfc510,7070,0x3855f0,0x20,0x0,0x50af2e5c87bba902
0x3b518c,0xfc530,7071,0x385750,0x20,0x0,0x56be6d9524d8a639
0x3b522c,0xfc550,7072,0x3858b0,0x20,0x0,0x5751f3fb9892ca96
0x3b54c0,0xfc5d0,7076,0x385e30,0x20,0x0,0xde180ca66c16ebd8
0x3b55fc,0xfc870,7097,0x387b10,0x20,0x0,0xb009712ad3133902
0x3b57d8,0xfc890,7098,0x387c70,0x20,0x0,0x3963b127a39f5ffa
0x3b59f8,0xfc8b0,7099,0x423f38,0x1bc,0x100,0xe3e49d63e4171796
0x3b5a30,0xfc010,7030,0x381ef0,0x20,0x0,0x3cdd0fe63dd4421c
0x3b5ab4,0xfc8d0,7100,0x419a38,0xce0,0x100,0x9e296506f544367c
0x3b5aec,0xfc010,7030,0x381ef0,0x20,0x0,0x3cdd0fe63dd4421c
0x3b5b70,0xfc8f0,7101,0x49f364,0x238,0x100,0x5a3467bcdf9abc4a
0x3b5c2c,0xfc910,7102,0x366990,0x10c8,0x100,0x6325e903e700317f
0x3b5ce8,0xfc930,7103,0x4d0c44,0x18c,0x100,0x8e144c7f84c94c0a
0x3b5da4,0xfc950,7104,0x261f94,0x370,0x100,0x62489b2e1edd7551
0x3b5e60,0xfc970,7105,0x417238,0x280,0x100,0x545e4a1ff2a3beff
0x3b5f1c,0xfc990,7106,0x67df20,0xb0,0x100,0x2a0c0b5871cb0d17
0x3b5fd8,0xfc9b0,7107,0x42ab38,0xc74,0x100,0x4b08449b1a9bbc64
0x3b6094,0xfc9f0,7109,0x491564,0x6cc,0x100,0xdf07626e1f2a2955
0x3b6150,0xfca10,7110,0x486e64,0x1a8,0x100,0x266ce4f13398d762
0x3b620c,0xfca30,7111,0x539f20,0x19c,0x100,0xcc861e2feef082f7
0x3b62c8,0xfca50,7112,0x226f34,0x110,0x100,0xbb6ebfc20c521a80
0x3b6384,0xfca70,7113,0x2eca14,0xb4,0x100,0x9890e19f642266f6
0x3b6440,0xfcab0,7115,0x262a94,0x228,0x100,0x1c97322f44480596
0x3b64fc,0xfcad0,7116,0x228334,0x214,0x100,0xeb624a8f5ad170a2
0x3b65b8,0xfcaf0,7117,0x365e90,0x690,0x100,0x655a4b1a2195ef71
0x3b6674,0xfcb30,7119,0x417538,0x158,0x100,0x10356623b725692c
0x3b6730,0xfcb50,7120,0x4cb244,0x160,0x100,0x6dcbeb0272c72512
0x3b67ec,0xfcb90,7122,0x615de0,0x158,0x100,0xd41f323f00b33bfc
0x3b68a8,0xfcbb0,7123,0x421838,0x98,0x100,0x5b5165b056f37f5b
0x3b6964,0xfcbd0,7124,0x290ecc,0x1e0,0x100,0x14dc17b57860b4
0x3b6a20,0xfcbf0,7125,0x368e90,0x11c,0x100,0xd7d666d7d854d104
0x3b6adc,0xfcc50,7128,0x2364f8,0x38,0x100,0xabbada388123dd3b
0x3b6b98,0xfcc70,7129,0x366b90,0x160,0x100,0x29c7c4accdac8f11
0x3b6c54,0xfcc90,7130,0x63eec8,0x13c,0x100,0x5a06ae0325bab236
0x3b6d10,0xfccb0,7131,0x420838,0x150,0x100,0xcde24cda4454d712
0x3b6dcc,0xfccd0,7132,0x484d64,0x4c,0x100,0x94b18d7d10cf0d98
0x3b6e88,0xfcd30,7135,0x2913cc,0x18c,0x100,0xdbda08c1dc3d6560
0x3b6f44,0xfcd70,7137,0x41cb38,0x1f8,0x100,0x6247f90aff1b1dc
0x3b7000,0xfcd90,7138,0x5b76fc,0xac,0x100,0x8eedbf167dc4ba69
0x3b7038,0xfc010,7030,0x381ef0,0x20,0x0,0x3cdd0fe63dd4421c
0x3b70bc,0xfcdb0,7139,0x4d5644,0xa0,0x100,0x15300d6d8bbc1442
0x3b7178,0xfcdd0,7140,0x41e438,0x148,0x100,0xa3cb287338d1af66
0x3b7234,0xfcdf0,7141,0x25c994,0x170,0x100,0xcd29fb8dc7d3f85d
0x3b72f0,0xfce10,7142,0x486364,0x2c,0x100,0xff2e4a78e1701675
0x3b73ac,0xfce30,7143,0x426038,0x84,0x100,0x437e30567d59d094
0x3b7468,0xfce50,7144,0x422438,0x1b4,0x100,0x6c1d1ba7ede170fc
0x3b7524,0xfce70,7145,0x6092e0,0x230,0x100,0x225bb17bf11e74f3
0x3b75e0,0xfce90,7146,0x267694,0x94,0x100,0x25247328ef02da2c
0x3b7618,0xfc010,7030,0x381ef0,0x20,0x0,0x3cdd0fe63dd4421c
0x3b769c,0xfceb0,7147,0x41e738,0x184,0x100,0x8022a6f294a57dae
0x3b7758,0xfced0,7148,0x42ce38,0xac,0x100,0xb0c31d2d93c50484
0x3b7814,0xfcef0,7149,0x4ce044,0x100,0x100,0xd772e0a0b2111c9a
0x3b78e4,0xfcf10,7150,0x49f264,0x1e0,0x100,0x6bcaf0bfe022dada
0x3b79a0,0xfcf30,7151,0x530620,0x27c,0x100,0x61ef438e38bc595b
0x3b7a5c,0xfcf90,7154,0x42d638,0xa0,0x100,0x18c0f9ecedfedbda
0x3b7b18,0xfcff0,7157,0x535420,0x16c,0x100,0xdc119d64a871822c
0x3b7bd4,0xfd010,7158,0x375290,0x108,0x100,0x6a6e3e854caf1648
0x3b7c90,0xfd030,7159,0x41c938,0xa4,0x100,0x31b7b414187f37d6
0x3b7d4c,0xfd050,7160,0x52b820,0xa8,0x100,0x95ca63f2935a0eb9
0x3b7e08,0xfd0d0,7164,0x614be0,0x6c,0x100,0xbb96b40243d99bb4
0x3b7ec4,0xfd170,7169,0x373e90,0x88,0x100,0x7270dc617ac5ab6f
0x3b7f80,0xfd230,7175,0x53b720,0xf8,0x100,0x7c09444ee98d1cfc
0x3b803c,0xfd250,7176,0x53a420,0x1bc,0x100,0xd8c12b8687773907
0x3b80f8,0xfd290,7178,0x5b10fc,0x54,0x100,0x8ffb17ecd9fe1402
0x3b81b4,0xfd2b0,7179,0x67ee20,0x118,0x100,0x6954f1af1ec1407a
0x3b8270,0xfd2d0,7180,0x2f0414,0x15c,0x100,0xadb13c7065c0e0aa
0x3b830c,0xfd790,7218,0x38a030,0x20,0x0,0x11cfbe64595bd11c
0x3b8a70,0xfd7b0,7219,0x38a190,0x20,0x0,0x6a98d0f50952682c
0x3b8ef8,0xfd7d0,7220,0x38a2f0,0x20,0x0,0x29091b76290fb86b
0x3b9cc8,0xfd7f0,7221,0x38a450,0x20,0x0,0x6ed22d45c80d3db4
0x3ba75c,0xfd810,7222,0x38a5b0,0x20,0x0,0x3963adf72ee5638c
0x3baad4,0xfd830,7223,0x38a710,0x20,0x0,0x112c13fe8736f18
0x3bb084,0xfd850,7224,0x38a870,0x20,0x0,0xe0eefcb7994d1ebd
0x3bb380,0xfd870,7225,0x38a9d0,0x20,0x0,0x4ec6e8ca276c5879
0x3bb71c,0xfd890,7226,0x38ab30,0x20,0x0,0xe743e62a1bdcfc3e
0x3bba58,0xfd8d0,7228,0x38adf0,0x20,0x0,0x272930ac218c0656
0x3bba78,0xfd8f0,7229,0x38af50,0x20,0x0,0x7ea4384c65ad5086
0x3bbf08,0xfd8b0,7227,0x38ac90,0x20,0x0,0xad53f9f2db66aa11
0x3bc310,0xfd910,7230,0x38b0b0,0x20,0x0,0x93507c656f80da8f
0x3bc8f8,0xfd930,7231,0x38b210,0x20,0x0,0x59c5daa7db9650a5
0x3bca7c,0xfd950,7232,0x38b370,0x20,0x0,0xb95f178d0d5d9826
0x3bcc1c,0xfd970,7233,0x372f90,0x13c,0x100,0x7b3e52a2d5749902
0x3bcc54,0xfd010,7158,0x375290,0x108,0x100,0x6a6e3e854caf1648
0x3bccec,0xfd990,7234,0x4cde44,0x5f8,0x100,0x92e82efcaff3ed85
0x3bcdbc,0xfd9b0,7235,0x41c538,0x188,0x100,0x967af723dc829175
0x3bce90,0xfd9d0,7236,0x2ec414,0x778,0x100,0xc5c52746b145443f
0x3bcf64,0xfd9f0,7237,0x4d3144,0x470,0x100,0x66bde56d69fce647
0x3bd064,0xfda10,7238,0x3af1d0,0xde0,0x100,0x97832be8a323457d
0x3bd164,0xfda30,7239,0x420838,0xab8,0x100,0xaad7ab7e629da986
0x3bd24c,0xfda50,7240,0x5abefc,0x304,0x100,0x1417cd267ba8d0b8
0x3bd338,0xfda70,7241,0x374090,0x37c,0x100,0x27071b81ddbd48d8
0x3bd43c,0xfda90,7242,0x372d90,0x5ac,0x100,0x71f8918d0dc51dbc
0x3bd530,0xfdab0,7243,0x6041e0,0x364,0x100,0x3730c9c593c39f2c
0x3bd568,0xfd010,7158,0x375290,0x108,0x100,0x6a6e3e854caf1648
0x3bd624,0xfdad0,7244,0x532720,0x810,0x100,0x864622a1e6a2fd8d
0x3bd6e0,0xfdaf0,7245,0x399854,0x400,0x100,0xe26ea03777875be4
0x3bd740,0xfddb0,7267,0x38d1d0,0x20,0x0,0x1bd6679fcb6dca03
0x3bd8f4,0xfddf0,7269,0x38d490,0x20,0x0,0x6ff998bee4421c0e
0x3bdb0c,0xfde30,7271,0x38d750,0x20,0x0,0x46a5e729a267c3aa
0x3bdd74,0xfdeb0,7275,0x38dcd0,0x20,0x0,0x810015bd97d18877
0x3bdd84,0xfded0,7276,0x38de30,0x20,0x0,0xfe3d88b4843666d8
0x3bddf0,0xfde50,7272,0x38d8b0,0x20,0x0,0xec530c844cafbefe
0x3be310,0xfdef0,7277,0x38df90,0x20,0x0,0x77ec2b4577881d01
0x3be948,0xfdf10,7278,0x53e420,0x5e0,0x100,0xb9d4912d91939d8b
0x3be9c8,0xfe130,7295,0x38f590,0x20,0x0,0xb36523dc8ec4ed35
0x3bed80,0xfe150,7296,0x38f6f0,0x20,0x0,0xa2985254f7d16ff9
0x3bf838,0xfe170,7297,0x38f850,0x20,0x0,0x5aae4669fee12a0b
0x3bfb18,0xfe190,7298,0x38f9b0,0x20,0x0,0x6da0361986773509
0x3c0010,0xfe1b0,7299,0x38fb10,0x20,0x0,0x1ec5ae6d45403bd
0x3c0380,0xfe1d0,7300,0x38fc70,0x20,0x0,0x9c1de84f5831d17
0x3c080c,0xfe1f0,7301,0x38fdd0,0x20,0x0,0xd47513ef71f5fdf9
0x3c09f0,0xfe210,7302,0x38ff30,0x20,0x0,0x15522b13b9d6b10b
0x3c0b98,0xfe230,7303,0x390090,0x20,0x0,0x86a6ec111a75dc5a
0x3c0d34,0xfe250,7304,0x2eeb14,0x1ac,0x100,0x9d981668cd288642
0x3c0e04,0xfe270,7305,0x25d794,0x138,0x100,0x5828f679a291f741
0x3c0e3c,0xfe010,7286,0x38e930,0x20,0x0,0x964d8f97589f171
0x3c0f04,0xfe2b0,7307,0x484564,0xae0,0x100,0x6f813796e482e97d
0x3c0fc0,0xfe2d0,7308,0x52b220,0x2d4,0x100,0x1f06e0a819c40f8c
0x3c0ff8,0xfe010,7286,0x38e930,0x20,0x0,0x964d8f97589f171
0x3c107c,0xfe2f0,7309,0x264e94,0x48c,0x100,0x2c23f74f2b6f4c6f
0x3c1138,0xfe310,7310,0x395854,0x1e8,0x100,0xdea3ce28daca51d5
0x3c11f4,0xfe330,7311,0x55fe4c,0x4e0,0x100,0x86fe9a31e6c5e75a
0x3c12b0,0xfe350,7312,0x225634,0x384,0x100,0x48c242044a020fd
0x3c1330,0x103c70,8025,0x3cd590,0x20,0x0,0xcd9bd40a799f6b48
0x3c136c,0x103c90,8026,0x3cd6f0,0x20,0x0,0xf184957ad79a7c80
0x3c14b8,0xfe010,7286,0x38e930,0x20,0x0,0x964d8f97589f171
0x3c1540,0xfd030,7159,0x41c938,0xa4,0x100,0x31b7b414187f37d6
0x3c1558,0x103010,7926,0x3c4d70,0x20,0x0,0xa2b6acf67463bca5
0x3c1594,0x1033b0,7955,0x3c7550,0x20,0x0,0xb7fefcd764b4ee
0x3c1608,0x103cb0,8027,0x3cd850,0x20,0x0,0xf2b494cb1a5c0074
0x3c17e0,0x103cd0,8028,0x3cd9b0,0x20,0x0,0x482899856c3d4747
0x3c18dc,0xfd350,7184,0x2eae14,0x150,0x100,0x5d8f7f5a34ac8a81
0x3c1954,0x103cf0,8029,0x3cdb10,0x20,0x0,0xab285fb0eef45daf
0x3c1b08,0x103d10,8030,0x3cdc70,0x20,0x0,0xc5803f51542c94a6
0x3c1c90,0x103d30,8031,0x3cddd0,0x20,0x0,0xf84cc6d3fc1a55eb
0x3c1e7c,0x103d50,8032,0x3cdf30,0x20,0x0,0xd403a8faa100707b
0x3c2078,0x103d70,8033,0x3ce090,0x20,0x0,0x9b26fa258b4c31d2
0x3c2360,0x103db0,8035,0x3ce350,0x20,0x0,0xfce0a3edf1a9cf6d
0x3c2670,0x103dd0,8036,0x3ce4b0,0x20,0x0,0x8bdf062448be68d6
0x3c2880,0x103df0,8037,0x3ce610,0x20,0x0,0xfde9a2e63f2e9ea3
0x3c2910,0x1046f0,8109,0x3d4930,0x20,0x0,0xf51b4936882be362
0x3c2b68,0x104710,8110,0x3d4a90,0x20,0x0,0xdac14c4ec05b4051
0x3c2e48,0x103df0,8037,0x3ce610,0x20,0x0,0xfde9a2e63f2e9ea3
0x3c2ee8,0x1046f0,8109,0x3d4930,0x20,0x0,0xf51b4936882be362
0x3c30d4,0x104710,8110,0x3d4a90,0x20,0x0,0xdac14c4ec05b4051
0x3c3354,0x103e30,8039,0x3ce8d0,0x20,0x0,0x3a8ba2baf5fd4b31
0x3c4a18,0x103e50,8040,0x3cea30,0x20,0x0,0xa99bf23434436fec
0x3c4e9c,0x103e70,8041,0x3ceb90,0x20,0x0,0xc24d7015167a89ea
0x3c516c,0x103eb0,8043,0x3cee50,0x20,0x0,0xa7d2e8b1c39be0d7
0x3c56b4,0x103030,7927,0x3c4ed0,0x20,0x0,0x237f746816516dac
0x3c570c,0x103f10,8046,0x3cf270,0x20,0x0,0x78972c8c68b3e976
0x3c6348,0x103f50,8048,0x3cf550,0x20,0x0,0x76206ffba109dcd9
0x3c7018,0x103f90,8050,0x3cf810,0x20,0x0,0xecf26b4f408a9dc3
0x3c7838,0x105370,8209,0x3dd2d0,0x20,0x0,0xde1e340ac818d1e9
0x3c7b14,0x103fb0,8051,0x3cf970,0x20,0x0,0x1830ed69d2bcae09
0x3c8c58,0x107350,8464,0x3f31b0,0x20,0x0,0xb027f38e474701ca
0x3c8e2c,0x103fd0,8052,0x3cfad0,0x20,0x0,0x842cfac01d247068
0x3c904c,0x103ff0,8053,0x3cfc30,0x20,0x0,0x31174e8b27ce10d6
0x3c90f8,0x105370,8209,0x3dd2d0,0x20,0x0,0xde1e340ac818d1e9
0x3c92e4,0x104710,8110,0x3d4a90,0x20,0x0,0xdac14c4ec05b4051
0x3c9608,0x104030,8055,0x3cfef0,0x20,0x0,0xccf520275afa281e
0x3c999c,0x104050,8056,0x3d0050,0x20,0x0,0xd7f9e424841d8473
0x3c99e4,0x105370,8209,0x3dd2d0,0x20,0x0,0xde1e340ac818d1e9
0x3c9ca8,0x103ff0,8053,0x3cfc30,0x20,0x0,0x31174e8b27ce10d6
0x3ca1c8,0x104090,8058,0x3d0310,0x20,0x0,0xef243037c365c2a2
0x3ca52c,0x1040b0,8059,0x3d0470,0x20,0x0,0x750df782c5175ed7
0x3caee0,0x1040d0,8060,0x3d05d0,0x20,0x0,0x6625a0b46a14deb2
0x3cb158,0x1040f0,8061,0x3d0730,0x20,0x0,0x4d8664b6fd807a95
0x3cbf3c,0x104110,8062,0x3d0890,0x20,0x0,0x7436d02e965dd67c
0x3cc578,0x104130,8063,0x3d09f0,0x20,0x0,0x68e67ce42f6b6a75
0x3cd66c,0x104170,8065,0x3d0cb0,0x20,0x0,0x7aa3c0604efc86c2
0x3ce5c4,0x104010,8054,0x3cfd90,0x20,0x0,0x2099e56691153e6d
0x3ce5d0,0x105570,8225,0x3de8d0,0x20,0x0,0x2566b4283400caa0
0x3cecc4,0x1041b0,8067,0x3d0f70,0x20,0x0,0x716a69a62046288f
0x3cee6c,0x1041d0,8068,0x3d10d0,0x20,0x0,0x663a447e14e80e58
0x3cfa88,0x1041f0,8069,0x3d1230,0x20,0x0,0xed2b171befb933b3
0x3cfebc,0x104210,8070,0x3d1390,0x20,0x0,0x52d2e8d7dd947812
0x3d0108,0x104230,8071,0x3d14f0,0x20,0x0,0x277cf496099d9374
0x3d03a0,0x104030,8055,0x3cfef0,0x20,0x0,0xccf520275afa281e
0x3d13ac,0x104250,8072,0x3d1650,0x20,0x0,0x3d75a8f4b02e7a9a
0x3d1554,0x1042d0,8076,0x3d1bd0,0x20,0x0,0x160a242389db7d7c
0x3d17ec,0x104310,8078,0x3d1e90,0x20,0x0,0x51038c8dde6ffc4a
0x3d1a84,0x104330,8079,0x3d1ff0,0x20,0x0,0x3ad5bd8f3246b8ca
0x3d1c88,0x104350,8080,0x3d2150,0x20,0x0,0x4927f7d084c4eb3c
0x3d1f00,0x104370,8081,0x3d22b0,0x20,0x0,0x641c26113c3ba265
0x3d1f9c,0x1047d0,8116,0x3d52d0,0x20,0x0,0x4a89734a4c526075
0x3d20d0,0x1047d0,8116,0x3d52d0,0x20,0x0,0x4a89734a4c526075
0x3d2198,0x104390,8082,0x3d2410,0x20,0x0,0x74e7fe0b520b3d0c
0x3d22f8,0x1043d0,8084,0x3d26d0,0x20,0x0,0x18a8a1cf6c5e3aa8
0x3d2408,0x1043f0,8085,0x3d2830,0x20,0x0,0x7e938afe4eea1475
0x3d24e4,0x104570,8097,0x3d38b0,0x20,0x0,0x13fd996dd8ca872a
0x3d27dc,0x104730,8111,0x3d4bf0,0x20,0x0,0xddaec5db0ddbef98
0x3d2998,0x104cb0,8155,0x3d8870,0x20,0x0,0xfc77d7be6dedc930
0x3d2bc0,0x104cf0,8157,0x3d8b30,0x20,0x0,0x18dd62594147f9e0
0x3d2d30,0x104d70,8161,0x3d90b0,0x20,0x0,0xc50b84435480d567
0x3d2e5c,0x104dd0,8164,0x3d94d0,0x20,0x0,0xdc95d5ace564506a
0x3d2fa8,0x104df0,8165,0x3d9630,0x20,0x0,0x29d0bb5d64f87a51
0x3d2fdc,0x104010,8054,0x3cfd90,0x20,0x0,0x2099e56691153e6d
0x3d31e8,0x1051b0,8195,0x3dbf90,0x20,0x0,0x3645df41700225c3
0x3d345c,0x105270,8201,0x3dc7d0,0x20,0x0,0xa3842276d60b0fea
0x3d3500,0x1046f0,8109,0x3d4930,0x20,0x0,0xf51b4936882be362
0x3d3868,0x105390,8210,0x3dd430,0x20,0x0,0xbee53c79776d1bdd
0x3d3be4,0x1053b0,8211,0x3dd590,0x20,0x0,0x9e53878d1a08898
0x3d3ecc,0x1053d0,8212,0x3dd6f0,0x20,0x0,0x33fa4df74d555211
0x3d4514,0x1053f0,8213,0x3dd850,0x20,0x0,0x6d6a85a7aaae6457
0x3d4658,0x105410,8214,0x3dd9b0,0x20,0x0,0xe72e8f012ae95cb2
0x3d4930,0x105430,8215,0x3ddb10,0x20,0x0,0x1039c490b50c8037
0x3d4adc,0x105450,8216,0x3ddc70,0x20,0x0,0xab20603195a6463b
0x3d4cd4,0x105010,8182,0x3dadb0,0x20,0x0,0xf39575a160b9ec56
0x3d4d50,0x105470,8217,0x3dddd0,0x20,0x0,0xe0efff98dc170109
0x3d4ee0,0x105490,8218,0x3ddf30,0x20,0x0,0xb853b20ad729285c
0x3d5004,0x1054b0,8219,0x3de090,0x20,0x0,0xd5b258d02b637a8d
0x3d5110,0x1054d0,8220,0x3de1f0,0x20,0x0,0x7033cb80531c028
0x3d51b0,0x1054f0,8221,0x3de350,0x20,0x0,0xe9f107621c6ff53c
0x3d5340,0x105510,8222,0x3de4b0,0x20,0x0,0x5b3277f14aecea72
0x3d5520,0x105530,8223,0x3de610,0x20,0x0,0x3149a8259bdcb01e
0x3d57c8,0x105550,8224,0x3de770,0x20,0x0,0x6d82d16159b24b5b
0x3d5c3c,0x105590,8226,0x3dea30,0x20,0x0,0x8b33996f9e41b872
0x3d5db0,0x1055b0,8227,0x3deb90,0x20,0x0,0x33664fc958311291
0x3d604c,0x1055d0,8228,0x3decf0,0x20,0x0,0xf2bef84bb305a543
0x3d6410,0x1055f0,8229,0x3dee50,0x20,0x0,0xb5aeadb4da005ae7
0x3d675c,0x105610,8230,0x3defb0,0x20,0x0,0x6d397b7fe7f756e7
0x3d6c0c,0x105030,8183,0x3daf10,0x20,0x0,0x35e6504730075f20
0x3d6d3c,0x105630,8231,0x3df110,0x20,0x0,0x60b0e21f9a9ad02c
0x3d6e34,0x105010,8182,0x3dadb0,0x20,0x0,0xf39575a160b9ec56
0x3d6e74,0x105650,8232,0x3df270,0x20,0x0,0x616af58fdda884eb
0x3d6fbc,0x105670,8233,0x3df3d0,0x20,0x0,0x6449772ca1829993
0x3d72bc,0x105690,8234,0x3df530,0x20,0x0,0xbcc407b6211841dd
0x3d75ec,0x1056b0,8235,0x3df690,0x20,0x0,0xeff8cba4ac668003
0x3d7760,0x1056d0,8236,0x3df7f0,0x20,0x0,0xa8d743439152fa8e
0x3d7870,0x1056f0,8237,0x3df950,0x20,0x0,0x2f6ace29df0fc48b
0x3d7a88,0x105710,8238,0x3dfab0,0x20,0x0,0xb47aaa033d7abfd7
0x3d7cb4,0x105730,8239,0x3dfc10,0x20,0x0,0xc473e2c06c50babc
0x3d7f7c,0x105750,8240,0x3dfd70,0x20,0x0,0x96e0eb87de649f3f
0x3d816c,0x1057b0,8243,0x3e0190,0x20,0x0,0xe4d1dd8ed2152ac8
0x3d8684,0x1057d0,8244,0x3e02f0,0x20,0x0,0xc27154a7288b5d71
0x3d8ba4,0x1057f0,8245,0x3e0450,0x20,0x0,0x190877dc0a471472
0x3d8cf0,0x105810,8246,0x3e05b0,0x20,0x0,0x2d4d68f4bf8e4ece
0x3d8fd8,0x105830,8247,0x3e0710,0x20,0x0,0x6c34fb5bd14c9a0e
0x3d9240,0x105850,8248,0x3e0870,0x20,0x0,0xa4f0a70000e7d5b2
0x3d931c,0x105870,8249,0x3e09d0,0x20,0x0,0xaef2f3f2009c8a53
0x3d93bc,0x105890,8250,0x3e0b30,0x20,0x0,0x77733dfcaa6bf3ed
0x3d9568,0x1058b0,8251,0x3e0c90,0x20,0x0,0x16deb0f349c7eeab
0x3d9758,0x1058d0,8252,0x3e0df0,0x20,0x0,0x97d321b60972932d
0x3d9d98,0x105950,8256,0x3e1370,0x20,0x0,0x4d52c749686f9ac7
0x3d9f7c,0x1059f0,8261,0x3e1a50,0x20,0x0,0xaaad0ec3ab34e587
0x3da0c4,0x105a90,8266,0x3e2130,0x20,0x0,0x42e3167f72fc247b
0x3da1dc,0x105b90,8274,0x3e2c30,0x20,0x0,0xd1ea5395e5d6130e
0x3da3a0,0x105df0,8293,0x3e4650,0x20,0x0,0x5445d81b5b964d34
0x3da508,0x105e10,8294,0x3e47b0,0x20,0x0,0x5445d81b5b964d34
0x3da694,0x105e30,8295,0x3e4910,0x20,0x0,0xfd7dcaec76601fce
0x3dab48,0x106210,8326,0x3e73d0,0x20,0x0,0x756a85f63bc064b2
0x3dac64,0x106270,8329,0x3e77f0,0x20,0x0,0x50cfcd756fc1daae
0x3dae04,0x1062d0,8332,0x3e7c10,0x20,0x0,0x3fa8c2dd889cd16f
0x3daf40,0x106390,8338,0x3e8450,0x20,0x0,0x27bda9017c87281e
0x3db088,0x1063b0,8339,0x3e85b0,0x20,0x0,0x3ad549f2aab0a2e6
0x3db1b8,0x106610,8358,0x3e9fd0,0x20,0x0,0x1e8f18a2f709951e
0x3db2e4,0x106650,8360,0x3ea290,0x20,0x0,0x42d46614d7643878
0x3db44c,0x106710,8366,0x3eaad0,0x20,0x0,0xb2e8ddf94cd2c63d
0x3db58c,0x106750,8368,0x3ead90,0x20,0x0,0xc780aeeb1d77424a
0x3db790,0x106790,8370,0x3eb050,0x20,0x0,0x655f3ce6c95fdd25
0x3dbae0,0x1067b0,8371,0x3eb1b0,0x20,0x0,0xf37c2e05b16d035a
0x3dbda4,0x1067d0,8372,0x3eb310,0x20,0x0,0x3b7422ec0bd73d69
0x3dc094,0x1067f0,8373,0x3eb470,0x20,0x0,0xb7f5091508d40c56
0x3dc2e4,0x106810,8374,0x3eb5d0,0x20,0x0,0x1b5ced8dcb686
0x3dc664,0x106830,8375,0x3eb730,0x20,0x0,0x5f3ea5836baf6a34
0x3dc764,0x106850,8376,0x3eb890,0x20,0x0,0xd7ee73a022c6ec8a
0x3dcc98,0x106870,8377,0x3eb9f0,0x20,0x0,0xc3685de347b27f25
0x3dcd70,0x106890,8378,0x3ebb50,0x20,0x0,0xc02690960b895b49
0x3dce58,0x1068b0,8379,0x3ebcb0,0x20,0x0,0x228788feeee252e
0x3dcf30,0x1068d0,8380,0x3ebe10,0x20,0x0,0x7ac0952edb505010
0x3dd020,0x1068f0,8381,0x3ebf70,0x20,0x0,0xb62fe3b7f73a5f06
0x3dd17c,0x106010,8310,0x3e5dd0,0x20,0x0,0x1ea41ef8818c059a
0x3dd22c,0x106010,8310,0x3e5dd0,0x20,0x0,0x1ea41ef8818c059a
0x3dd3e8,0x106910,8382,0x3ec0d0,0x20,0x0,0x3ce253d6545e695a
0x3dd4dc,0x106950,8384,0x3ec390,0x20,0x0,0x165d2ad1a19fd33b
0x3ddb7c,0x106970,8385,0x3ec4f0,0x20,0x0,0x52f2a9d4c4d21f6d
0x3de99c,0x106990,8386,0x3ec650,0x20,0x0,0xf12005336b4703a1
0x3dee10,0x1069b0,8387,0x3ec7b0,0x20,0x0,0x102c1ad504a2498
0x3def00,0x1069d0,8388,0x3ec910,0x20,0x0,0x2823a3bf7ed5c96f
0x3df1c0,0x1069f0,8389,0x3eca70,0x20,0x0,0xff1edd815a3aad78
0x3df57c,0x106a10,8390,0x3ecbd0,0x20,0x0,0x8ecfcb31c6b17888
0x3df890,0x106a30,8391,0x3ecd30,0x20,0x0,0xedfee9a236bcf9e4
0x3dfb80,0x106a50,8392,0x3ece90,0x20,0x0,0x1f2316219043f347
0x3dfdc4,0x106030,8311,0x3e5f30,0x20,0x0,0x8293042324f746d1
0x3dff50,0x106a70,8393,0x3ecff0,0x20,0x0,0x7dbb66f4696e5f27
0x3e01f8,0x106a90,8394,0x3ed150,0x20,0x0,0x98c17d7240ac4ed9
0x3e04ac,0x106ab0,8395,0x3ed2b0,0x20,0x0,0xbb82d961eb4ffc09
0x3e069c,0x106ad0,8396,0x3ed410,0x20,0x0,0x30e355c4b438e3c2
0x3e08e0,0x106af0,8397,0x3ed570,0x20,0x0,0x4ce9642cce413b55
0x3e0c28,0x106b10,8398,0x3ed6d0,0x20,0x0,0x422392c2fb54f35b
0x3e0e48,0x106b30,8399,0x3ed830,0x20,0x0,0x8ab4c20ba391a49d
0x3e1138,0x106b50,8400,0x3ed990,0x20,0x0,0x41eeffad772b5596
0x3e1360,0x106b70,8401,0x3edaf0,0x20,0x0,0xea4d2934f903732c
0x3e15c8,0x106b90,8402,0x3edc50,0x20,0x0,0x55fc53285b0104fa
0x3e1770,0x106bb0,8403,0x3eddb0,0x20,0x0,0x209fbeb468efe43
0x3e1944,0x106bd0,8404,0x3edf10,0x20,0x0,0x481ab165ee4e467d
0x3e1bf4,0x106bf0,8405,0x3ee070,0x20,0x0,0xefdc10c1a2e61158
0x3e1f1c,0x106c10,8406,0x3ee1d0,0x20,0x0,0x38dd929a99d7e3a2
0x3e21e4,0x106c30,8407,0x3ee330,0x20,0x0,0x589d2cab3e2f6cc0
0x3e235c,0x106c50,8408,0x3ee490,0x20,0x0,0x4691cbbfeb1d41e3
0x3e2754,0x106c70,8409,0x3ee5f0,0x20,0x0,0x8c7a04f8e1fff577
0x3e29f0,0x106c90,8410,0x3ee750,0x20,0x0,0xf5916d62cbd87e8c
0x3e2c0c,0x106cb0,8411,0x3ee8b0,0x20,0x0,0xd1721e7b61de3f8c
0x3e2d90,0x106010,8310,0x3e5dd0,0x20,0x0,0x1ea41ef8818c059a
0x3e2e54,0x106cd0,8412,0x3eea10,0x20,0x0,0x2abf687d25e8bee7
0x3e3280,0x106cf0,8413,0x3eeb70,0x20,0x0,0x226cce122b59b158
0x3e34a0,0x106d10,8414,0x3eecd0,0x20,0x0,0x11d04c94dd9df0b7
0x3e37bc,0x106d30,8415,0x3eee30,0x20,0x0,0xff1cf6814a072af
0x3e3990,0x106d50,8416,0x3eef90,0x20,0x0,0x6004070d66688fd3
0x3e3a8c,0x105010,8182,0x3dadb0,0x20,0x0,0xf39575a160b9ec56
0x3e3b00,0x106d70,8417,0x3ef0f0,0x20,0x0,0x3467aa58d36905c9
0x3e3efc,0x106d90,8418,0x3ef250,0x20,0x0,0x3a9b66209b3df65c
0x3e4028,0x104010,8054,0x3cfd90,0x20,0x0,0x2099e56691153e6d
0x3e40d8,0x106db0,8419,0x3ef3b0,0x20,0x0,0x1d26388fe2131340
0x3e4310,0x106dd0,8420,0x3ef510,0x20,0x0,0x3c6e83fd03cf2368
0x3e467c,0x106df0,8421,0x3ef670,0x20,0x0,0xb67d32d54d2788af
0x3e47ec,0x106e10,8422,0x3ef7d0,0x20,0x0,0x2ed1403880e99e77
0x3e4ae0,0x106e30,8423,0x3ef930,0x20,0x0,0x1663ed8ff64f4838
0x3e4c64,0x106e50,8424,0x3efa90,0x20,0x0,0x6f10e75413ffe1e7
0x3e52ac,0x106e70,8425,0x3efbf0,0x20,0x0,0x52b99df44e366045
0x3e556c,0x106e90,8426,0x3efd50,0x20,0x0,0xf88fb8a297e1d884
0x3e5930,0x106eb0,8427,0x3efeb0,0x20,0x0,0x2cb5cf62809c729f
0x3e5ba0,0x106ed0,8428,0x3f0010,0x20,0x0,0x6dcb101f8e37947d
0x3e5e60,0x106ef0,8429,0x3f0170,0x20,0x0,0xd322253b6222dbcc
0x3e6060,0x106f10,8430,0x3f02d0,0x20,0x0,0x9c6c6e77a099478e
0x3e638c,0x106f30,8431,0x3f0430,0x20,0x0,0xc49f6ca6feb84ba9
0x3e6644,0x106f50,8432,0x3f0590,0x20,0x0,0x2fc91458be9d490a
0x3e686c,0x106f70,8433,0x3f06f0,0x20,0x0,0xa57c99ea14b2a8c4
0x3e6a24,0x106f90,8434,0x3f0850,0x20,0x0,0x554f6e0ccdeacac2
0x3e6c34,0x106fb0,8435,0x3f09b0,0x20,0x0,0x28e11556889ff93d
0x3e71f0,0x106fd0,8436,0x3f0b10,0x20,0x0,0x70f585dd429cce3e
0x3e7498,0x106ff0,8437,0x3f0c70,0x20,0x0,0x5ae35d188cdf0cb5
0x3e77e4,0x107010,8438,0x3f0dd0,0x20,0x0,0x59f9a19bb0f1805d
0x3e7a0c,0x107030,8439,0x3f0f30,0x20,0x0,0x8c2857e22f635279
0x3e7c54,0x107050,8440,0x3f1090,0x20,0x0,0x810015bd97d18877
0x3e7e40,0x107070,8441,0x3f1210,0x20,0x0,0x6b84fbaef4cdf580
0x3e80e0,0x107010,8438,0x3f0dd0,0x20,0x0,0x59f9a19bb0f1805d
0x3e827c,0x107090,8442,0x3f1370,0x20,0x0,0x3e05a8083d99c26b
0x3e8834,0x1070b0,8443,0x3f14d0,0x20,0x0,0xcb6b1f032cd1c1fa
0x3e8c24,0x1070d0,8444,0x3f1630,0x20,0x0,0x447e71c3db954ba9
0x3e9054,0x1070f0,8445,0x3f1790,0x20,0x0,0x7f979738d8842924
0x3e92a0,0x107110,8446,0x3f18f0,0x20,0x0,0xa8c71956f371c64d
0x3e94c8,0x107030,8439,0x3f0f30,0x20,0x0,0x8c2857e22f635279
0x3e9530,0x107130,8447,0x3f1a50,0x20,0x0,0x2c2824d02705e838
0x3e96f8,0x107150,8448,0x3f1bb0,0x20,0x0,0x57ef12bdee97d7d5
0x3e9950,0x107170,8449,0x3f1d10,0x20,0x0,0x89edfb0c8e5ce766
0x3e9b40,0x107190,8450,0x3f1e70,0x20,0x0,0x1d26e1aafcb23034
0x3e9d20,0x1071b0,8451,0x3f1fd0,0x20,0x0,0x6dfb6a632c4f9873
0x3e9e10,0x1071d0,8452,0x3f2130,0x20,0x0,0xf35284caddefaac
0x3ea38c,0x1071f0,8453,0x3f2290,0x20,0x0,0xca3ecdfbf690ef5f
0x3ea8a0,0x107210,8454,0x3f23f0,0x20,0x0,0x6391b03aa8b02f23
0x3eaab8,0x107230,8455,0x3f2550,0x20,0x0,0x1a1058071a890785
0x3eb088,0x107250,8456,0x3f26b0,0x20,0x0,0x5c6351c20ac9ff60
0x3eb5bc,0x107030,8439,0x3f0f30,0x20,0x0,0x8c2857e22f635279
0x3eb65c,0x107270,8457,0x3f2810,0x20,0x0,0xbbb2878b80ffad1b
0x3eb890,0x107290,8458,0x3f2970,0x20,0x0,0x2030bc8fab5d5831
0x3ebbe8,0x1072b0,8459,0x3f2ad0,0x20,0x0,0x9e934ba59052d4f6
0x3ebd20,0x1072d0,8460,0x3f2c30,0x20,0x0,0xe2ed9d39436a99d
0x3ebec8,0x1072f0,8461,0x3f2d90,0x20,0x0,0xffe54a852f14b3ea
0x3ec0e0,0x107310,8462,0x3f2ef0,0x20,0x0,0x1adb22576dbd2bcf
0x3ec290,0x107330,8463,0x3f3050,0x20,0x0,0xb7cb8df423e00dde
0x3ec46c,0x107370,8465,0x3f3310,0x20,0x0,0xcfe0c8bb4b0aa33f
0x3ec5bc,0x107390,8466,0x3f3470,0x20,0x0,0x3121ed6fdc837af3
0x3ec774,0x1073b0,8467,0x3f35d0,0x20,0x0,0xce6d179aa4ebe75c
0x3ec9a0,0x1073d0,8468,0x3f3730,0x20,0x0,0x8a876d223ca05178
0x3ece28,0x1073f0,8469,0x3f3890,0x20,0x0,0xe6afddff5ffa54c7
0x3ecff4,0x107410,8470,0x3f39f0,0x20,0x0,0x40c3c59a9768f263
0x3ed214,0x107430,8471,0x3f3b50,0x20,0x0,0xb5ae28481df3f0c1
0x3ed364,0x1074b0,8475,0x3f40d0,0x20,0x0,0x6c5b2a65d7748137
0x3edda0,0x1074b0,8475,0x3f40d0,0x20,0x0,0x6c5b2a65d7748137
0x3ee6bc,0x107450,8472,0x3f3cb0,0x20,0x0,0x4bbe7b597520a0a8
0x3ee7cc,0x1074b0,8475,0x3f40d0,0x20,0x0,0x6c5b2a65d7748137
0x3eec04,0x107530,8479,0x3f4650,0x20,0x0,0xc9c180000dbf913c
0x3eef14,0x107470,8473,0x3f3e10,0x20,0x0,0xcc1367b308775cd7
0x3eef38,0x1074b0,8475,0x3f40d0,0x20,0x0,0x6c5b2a65d7748137
0x3ef6e0,0x107490,8474,0x3f3f70,0x20,0x0,0xbd9defc8de6d40c5
0x3ef704,0x1074b0,8475,0x3f40d0,0x20,0x0,0x6c5b2a65d7748137
0x3efe34,0x1074b0,8475,0x3f40d0,0x20,0x0,0x6c5b2a65d7748137
0x3eff84,0x1074b0,8475,0x3f40d0,0x20,0x0,0x6c5b2a65d7748137
0x3f0104,0x1074b0,8475,0x3f40d0,0x20,0x0,0x6c5b2a65d7748137
0x3f0210,0x1074b0,8475,0x3f40d0,0x20,0x0,0x6c5b2a65d7748137
0x3f07a4,0x1074d0,8476,0x3f4230,0x20,0x0,0x429266f1dce851dc
0x3f09a4,0x1074b0,8475,0x3f40d0,0x20,0x0,0x6c5b2a65d7748137
0x3f0c88,0x107010,8438,0x3f0dd0,0x20,0x0,0x59f9a19bb0f1805d
0x3f0f54,0x1074f0,8477,0x3f4390,0x20,0x0,0x7c9c432a88393728
0x3f1078,0x107510,8478,0x3f44f0,0x20,0x0,0x97be16ee3b31315a
0x3f11e0,0x107550,8480,0x3f47b0,0x20,0x0,0xc9b212b271d7bf47
0x3f1390,0x107570,8481,0x3f4910,0x20,0x0,0x64b4ed5b271b6054
0x3f1520,0x107590,8482,0x3f4a70,0x20,0x0,0x853eb938ed1e46be
0x3f1678,0x1075b0,8483,0x3f4bd0,0x20,0x0,0x540b72b05d638815
0x3f17ec,0x1075d0,8484,0x3f4d30,0x20,0x0,0x584f3092c9a8b1af
0x3f1a50,0x1075f0,8485,0x3f4e90,0x20,0x0,0x22b26f3a6abcaf41
0x3f1c98,0x107610,8486,0x3f4ff0,0x20,0x0,0x9ad7e9f34234dedf
0x3f1f10,0x107630,8487,0x3f5150,0x20,0x0,0x2044fa7001aadae2
0x3f20b0,0x107650,8488,0x3f52b0,0x20,0x0,0xa3c535eeff285b89
0x3f22b0,0x107670,8489,0x3f5410,0x20,0x0,0x239c93a2f913fedc
0x3f2708,0x107690,8490,0x3f5570,0x20,0x0,0x643f4fca72474bf
0x3f2810,0x1076b0,8491,0x3f56d0,0x20,0x0,0xe215415a85839734
0x3f3498,0x1076d0,8492,0x3f5830,0x20,0x0,0x227c9d030ef49ce4
0x3f356c,0x1076f0,8493,0x3f5990,0x20,0x0,0xbb9de1f0152149fc
0x3f363c,0x107710,8494,0x3f5af0,0x20,0x0,0x66399d71870b1dc6
0x3f372c,0x107730,8495,0x3f5c50,0x20,0x0,0x2bceed17c8941513
0x3f3a20,0x107750,8496,0x3f5db0,0x20,0x0,0xac232d285637fc0f
0x3f3cec,0x107770,8497,0x3f5f10,0x20,0x0,0xf0fb2697ffb486dd
0x3f4020,0x107790,8498,0x3f6070,0x20,0x0,0x770fb00a86f88cfd
0x3f4358,0x1077b0,8499,0x3f61d0,0x20,0x0,0x6b84d951bf2d7d9
0x3f460c,0x107010,8438,0x3f0dd0,0x20,0x0,0x59f9a19bb0f1805d
0x3f4840,0x1077d0,8500,0x3f6330,0x20,0x0,0xfa90b001e6caeb3
0x3f4c4c,0x1077f0,8501,0x3f6490,0x20,0x0,0xbd52d3e2aa8572a6
0x3f4fb0,0x107810,8502,0x3f65f0,0x20,0x0,0xd94d93b0c29e1b93
0x3f5090,0x107830,8503,0x3f6750,0x20,0x0,0xaf9e9cd14bec2d23
0x3f5200,0x107850,8504,0x3f68b0,0x20,0x0,0xc56e005a08375e9
0x3f5568,0x107870,8505,0x3f6a10,0x20,0x0,0xc053f804ab42bea4
0x3f5768,0x107890,8506,0x3f6b70,0x20,0x0,0x591e6fc7cfbab852
0x3f5938,0x1078b0,8507,0x3f6cd0,0x20,0x0,0x8822ca6d5d6c1084
0x3f5b74,0x1078d0,8508,0x3f6e30,0x20,0x0,0xf90ba42ee44bb5a7
0x3f5d6c,0x107910,8510,0x3f70f0,0x20,0x0,0x10956215bf4d53a
0x3f6518,0x107930,8511,0x3f7250,0x20,0x0,0x3799bcc679eb15b4
0x3f716c,0x107950,8512,0x3f73b0,0x20,0x0,0x1c802f7ab9ebfbc
0x3f75ac,0x107970,8513,0x3f7510,0x20,0x0,0x21f34a859da0341c
0x3f769c,0x107990,8514,0x3f7670,0x20,0x0,0xfc67ca503b5c4c2d
0x3f7a1c,0x1079b0,8515,0x3f77d0,0x20,0x0,0x6252d16549deea55
0x3f7c28,0x1079d0,8516,0x3f7930,0x20,0x0,0x52fe0110be9a8321
0x3f7f94,0x1079f0,8517,0x3f7a90,0x20,0x0,0xd9f8950ebd77df67
0x3f81e8,0x107a10,8518,0x3f7bf0,0x20,0x0,0x658b6ae6c9a2a525
0x3f84a0,0x107a30,8519,0x3f7d50,0x20,0x0,0xff15b64070848884
0x3f875c,0x107a50,8520,0x3f7eb0,0x20,0x0,0xd8516e81cd1d9501
0x3f8a30,0x107a70,8521,0x3f8010,0x20,0x0,0xb1042b7eb644bb39
0x3f8be0,0x107a90,8522,0x3f8170,0x20,0x0,0x1cc85bcdfb1bde0b
0x3f8ef4,0x107ab0,8523,0x3f82d0,0x20,0x0,0x80b17ed61cfe0bc2
0x3f91c8,0x107ad0,8524,0x3f8430,0x20,0x0,0x8866e195d8c9b94c
0x3f93a4,0x107af0,8525,0x3f8590,0x20,0x0,0x730f7cfb3a442310
0x3f96b4,0x107b10,8526,0x3f86f0,0x20,0x0,0xd25721f87b837803
0x3f98e4,0x107b30,8527,0x3f8850,0x20,0x0,0xf3363225e62f9307
0x3f9b68,0x107b50,8528,0x3f89b0,0x20,0x0,0x38865a410eb2a27a
0x3f9da4,0x107b70,8529,0x3f8b10,0x20,0x0,0xa9f5ab78103a70b6
0x3f9f5c,0x107b90,8530,0x3f8c70,0x20,0x0,0xc8094775bf7712ab
0x3fa12c,0x107bb0,8531,0x3f8dd0,0x20,0x0,0x4c3454d281a1ae60
0x3fa418,0x107bd0,8532,0x3f8f30,0x20,0x0,0xb2e69a18aa3c5426
0x3fa868,0x107bf0,8533,0x3f9090,0x20,0x0,0x8a22390daab1c0ef
0x3fab70,0x107c10,8534,0x3f91f0,0x20,0x0,0x323702b6f11f27b4
0x3fae40,0x107c30,8535,0x3f9350,0x20,0x0,0xb68470055c7b3306
0x3faf38,0x107c50,8536,0x3f94b0,0x20,0x0,0x8b3e7ba7efc87be5
0x3fb0dc,0x107010,8438,0x3f0dd0,0x20,0x0,0x59f9a19bb0f1805d
0x3fb338,0x107c70,8537,0x3f9610,0x20,0x0,0xad38faf10b27970c
0x3fb744,0x107c90,8538,0x3f9770,0x20,0x0,0x58ccf21b509807ac
0x3fba78,0x107cb0,8539,0x3f98d0,0x20,0x0,0xc099dbfc15607489
0x3fbd30,0x107cd0,8540,0x3f9a30,0x20,0x0,0xc0b80535f4c8dd38
0x3fbec0,0x107cf0,8541,0x3f9b90,0x20,0x0,0xa4f80661b000e529
0x3fc168,0x107d10,8542,0x3f9cf0,0x20,0x0,0x98fa059067dacdf1
0x3fc32c,0x107d30,8543,0x3f9e50,0x20,0x0,0x7070586667286187
0x3fc92c,0x107d50,8544,0x3f9fb0,0x20,0x0,0x19133c561800f7db
0x3fcc00,0x107d70,8545,0x3fa110,0x20,0x0,0xcb58065bbe1cdac
0x3fd064,0x107d90,8546,0x3fa270,0x20,0x0,0xb0c7bc373476fac8
0x3fd430,0x107db0,8547,0x3fa3d0,0x20,0x0,0x59d675daeb437f93
0x3fd5f4,0x107dd0,8548,0x3fa530,0x20,0x0,0x9d73c7043de98fba
0x3fd7c8,0x107df0,8549,0x3fa690,0x20,0x0,0xfc94a3397f8b88c1
0x3fdac4,0x107e10,8550,0x3fa7f0,0x20,0x0,0x8dc5aaabdd614f6c
0x3fdd54,0x107e30,8551,0x3fa950,0x20,0x0,0x7e210864dfc05952
0x3fdf60,0x107e50,8552,0x3faab0,0x20,0x0,0xe4901134d7c84bcb
0x3fe30c,0x107e70,8553,0x3fac10,0x20,0x0,0xf5497616d7ee65c2
0x3fe53c,0x107e90,8554,0x3fad70,0x20,0x0,0x241a153aac35b47d
0x3fecb0,0x107eb0,8555,0x3faed0,0x20,0x0,0x9e5978a0009ecf4c
0x3fef24,0x107ed0,8556,0x3fb030,0x20,0x0,0x5a5334d3d24b20a0
0x3ff288,0x107ef0,8557,0x3fb190,0x20,0x0,0x5a22e65e6ab3c5e3
0x3ff430,0x107f10,8558,0x3fb2f0,0x20,0x0,0x1765036ea77b1686
0x3ff7dc,0x107f30,8559,0x3fb450,0x20,0x0,0x697e9d286972e4d3
0x3ffa18,0x107f50,8560,0x3fb5b0,0x20,0x0,0x1408cda270983c8c
0x3ffd08,0x107010,8438,0x3f0dd0,0x20,0x0,0x59f9a19bb0f1805d
0x3fff10,0x107f70,8561,0x3fb710,0x20,0x0,0x4e250831d8712af3
0x40050c,0x107f90,8562,0x3fb870,0x20,0x0,0x5cc82b4c59dccf9f
0x4007c0,0x107fb0,8563,0x3fb9d0,0x20,0x0,0x7c875f0397b98408
0x400c80,0x107fd0,8564,0x3fbb30,0x20,0x0,0x852091fcfe8194f9
0x400f34,0x107ff0,8565,0x3fbc90,0x20,0x0,0x7ec15c5423972112
0x401220,0x108010,8566,0x3fbdf0,0x20,0x0,0xf643355c2e9a0490
0x4013ec,0x108030,8567,0x3fbf50,0x20,0x0,0xae56655f156f1934
0x4015a0,0x108050,8568,0x3fc0b0,0x20,0x0,0x2ff4e5dcdbdfa4f4
0x401814,0x108070,8569,0x3fc210,0x20,0x0,0xfa0c938444d6208a
0x4019b4,0x108090,8570,0x3fc370,0x20,0x0,0x2880529ab7ca56d7
0x401a90,0x1080b0,8571,0x3fc4d0,0x20,0x0,0x9b85ff30ee6422f3
0x401e40,0x1080d0,8572,0x3fc650,0x20,0x0,0x1f933b41fd8ecefe
0x4020fc,0x1080f0,8573,0x3fc7b0,0x20,0x0,0x9ca19c1ed8dd0139
0x4023ec,0x108110,8574,0x3fc910,0x20,0x0,0x265302bf1c2f2aa5
0x40281c,0x108130,8575,0x3fca70,0x20,0x0,0xb4696f2f92793ee4
0x402b94,0x103df0,8037,0x3ce610,0x20,0x0,0xfde9a2e63f2e9ea3
0x402bb0,0x1046f0,8109,0x3d4930,0x20,0x0,0xf51b4936882be362
0x402e1c,0x104710,8110,0x3d4a90,0x20,0x0,0xdac14c4ec05b4051
0x4031d0,0x1046f0,8109,0x3d4930,0x20,0x0,0xf51b4936882be362
0x4034bc,0x104710,8110,0x3d4a90,0x20,0x0,0xdac14c4ec05b4051
0x403820,0x108170,8577,0x3fcd30,0x20,0x0,0x39ce877021a8b3b1
0x403828,0x1046f0,8109,0x3d4930,0x20,0x0,0xf51b4936882be362
0x403c68,0x108190,8578,0x3fce90,0x20,0x0,0x61df142525f8f589
0x403ec0,0x1081b0,8579,0x3fcff0,0x20,0x0,0x18621f8f525facdd
0x404150,0x1081d0,8580,0x3fd150,0x20,0x0,0x4979d0e662a44b83
0x4047f8,0x1081f0,8581,0x3fd2b0,0x20,0x0,0x801dde1075fb5f42
0x404b68,0x108210,8582,0x3fd410,0x20,0x0,0x9c715e0f66adeb6a
0x404c60,0x108230,8583,0x3fd570,0x20,0x0,0xd77928c5a80e8ea
0x405200,0x108250,8584,0x3fd6d0,0x20,0x0,0x5fc2382116ed50f5
0x405248,0x108270,8585,0x3fd830,0x20,0x0,0x5542abd42e78687c
0x405328,0x108290,8586,0x3fd990,0x20,0x0,0x6c255cd4fb3283d
0x405400,0x1082b0,8587,0x3fdaf0,0x20,0x0,0x4572c430aac508d4
0x4054ec,0x1082d0,8588,0x3fdc50,0x20,0x0,0x927cc0ecfa4c83f3
0x4056ec,0x108010,8566,0x3fbdf0,0x20,0x0,0xf643355c2e9a0490
0x4058bc,0x1082f0,8589,0x3fddb0,0x20,0x0,0xfc3523c768d163a9
0x4059ac,0x108310,8590,0x3fdf10,0x20,0x0,0xb5613f862a881a8
0x405f40,0x108330,8591,0x3fe070,0x20,0x0,0x6082143c4440a92
0x406b84,0x108350,8592,0x3fe1d0,0x20,0x0,0x4e1eae5573a0494e
0x406fa4,0x108370,8593,0x3fe330,0x20,0x0,0xe75893f148d8311d
0x4070cc,0x108390,8594,0x3fe490,0x20,0x0,0x571149f67d7ab22f
0x407344,0x1083b0,8595,0x3fe5f0,0x20,0x0,0xad84e7e351705626
0x4075b4,0x1083d0,8596,0x3fe750,0x20,0x0,0xa9df6986cf549308
0x4079b8,0x1083f0,8597,0x3fe8b0,0x20,0x0,0xcbf11d9c5855058e
0x407d94,0x108410,8598,0x3fea10,0x20,0x0,0xf814ccb665ff154f
0x40811c,0x108430,8599,0x3feb70,0x20,0x0,0x28cc4540279aca85
0x408394,0x108450,8600,0x3fecd0,0x20,0x0,0x8c006af4e4a9a717
0x4085fc,0x108470,8601,0x3fee30,0x20,0x0,0xe31aaa686ff9edcf
0x408820,0x108490,8602,0x3fef90,0x20,0x0,0x4e4a07675a880698
0x408bb8,0x1084b0,8603,0x3ff0f0,0x20,0x0,0xcb3409065debe44c
0x408e50,0x1084d0,8604,0x3ff250,0x20,0x0,0x97450b63ab6b0313
0x409078,0x1084f0,8605,0x3ff3b0,0x20,0x0,0x94acb482d4c2c6d7
0x409408,0x108510,8606,0x3ff510,0x20,0x0,0x6540490e4a1ef549
0x4095bc,0x108530,8607,0x3ff670,0x20,0x0,0xc08d87234df9af8e
0x4098dc,0x108550,8608,0x3ff7d0,0x20,0x0,0xa780523740cb9b3b
0x409ac8,0x108570,8609,0x3ff930,0x20,0x0,0xb2b2de55c65b72f5
0x409cb8,0x108590,8610,0x3ffa90,0x20,0x0,0x7b211cf8cc231a6c
0x409e3c,0x1085b0,8611,0x3ffbf0,0x20,0x0,0x754bc7f1bce10477
0x409f4c,0x108030,8567,0x3fbf50,0x20,0x0,0xae56655f156f1934
0x40a0b0,0x1085d0,8612,0x3ffd50,0x20,0x0,0xc7014ada73ca8aef
0x40a574,0x1085f0,8613,0x3ffeb0,0x20,0x0,0x1b1f5cd387ddceca
0x40a87c,0x108610,8614,0x400010,0x20,0x0,0x3e7918bf506df16c
0x40ace8,0x108630,8615,0x400170,0x20,0x0,0x3df372c6f472ee01
0x40b01c,0x108650,8616,0x4002d0,0x20,0x0,0x8e4dabb95a1d6b9b
0x40b2dc,0x108670,8617,0x400430,0x20,0x0,0x71e40b1aa188822a
0x40b4e8,0x108010,8566,0x3fbdf0,0x20,0x0,0xf643355c2e9a0490
0x40b660,0x108690,8618,0x400590,0x20,0x0,0x6ca2a18cdafae43e
0x40baa4,0x1086b0,8619,0x4006f0,0x20,0x0,0x9d4f4cb80fdeace3
0x40bd64,0x1086d0,8620,0x400850,0x20,0x0,0xf054d7d4b1305f30
0x40c098,0x1086f0,8621,0x4009b0,0x20,0x0,0x45000c93b1fbe91d
0x40c2d4,0x108710,8622,0x400b10,0x20,0x0,0x37f6c1f7db34ebee
0x40c440,0x108730,8623,0x400c70,0x20,0x0,0x2df871c7b6b9a58c
0x40c7cc,0x108750,8624,0x400dd0,0x20,0x0,0xcd126925dac93679
0x40c9d0,0x108770,8625,0x400f30,0x20,0x0,0x1e08c4adfc579636
0x40cb6c,0x108790,8626,0x401090,0x20,0x0,0xc5e9da9f524455ec
0x40cdf4,0x1087b0,8627,0x4011f0,0x20,0x0,0xada23d821f5ebcb6
0x40cfd4,0x1087d0,8628,0x401350,0x20,0x0,0x913859b2e29c2665
0x40d214,0x1087f0,8629,0x4014b0,0x20,0x0,0x84e42956abb6711c
0x40d4a4,0x108810,8630,0x401610,0x20,0x0,0xf6b9cc3f06f914c9
0x40d9f4,0x108830,8631,0x401770,0x20,0x0,0xc714d678f0b3aa51
0x40dd08,0x108850,8632,0x4018d0,0x20,0x0,0xd449f5471eb77eb6
0x40e018,0x108870,8633,0x401a30,0x20,0x0,0x708a515fef369be6
0x40e34c,0x108890,8634,0x401b90,0x20,0x0,0x1b7096f0d50c777
0x40e5c4,0x1088b0,8635,0x401cf0,0x20,0x0,0x18c112c24703e307
0x40e7cc,0x1088d0,8636,0x401e50,0x20,0x0,0x8cd46443c7c43c8f
0x40eb74,0x1088f0,8637,0x401fb0,0x20,0x0,0x1d4efe917eeae6d2
0x40edd4,0x108910,8638,0x402110,0x20,0x0,0x4d3296823ca5f6b3
0x40efc4,0x108930,8639,0x402270,0x20,0x0,0x4ed71fdc420a8e0d
0x40f19c,0x108950,8640,0x4023d0,0x20,0x0,0xbc2a33a1b12b5087
0x40f378,0x108970,8641,0x402530,0x20,0x0,0x56320fc249909442
0x40f9f0,0x108990,8642,0x402690,0x20,0x0,0xe922bb1f06425bf1
0x40fca4,0x1089b0,8643,0x4027f0,0x20,0x0,0xb2806253b720b988
0x40ffe4,0x1089d0,8644,0x402950,0x20,0x0,0xb3dc88c3355d10eb
0x4101cc,0x1089f0,8645,0x402ab0,0x20,0x0,0x11561e9a84fffe23
0x410430,0x108a10,8646,0x402c10,0x20,0x0,0x7a70634e345ee812
0x4105dc,0x108a30,8647,0x402d70,0x20,0x0,0xa12356f8a2bfef6f
0x41083c,0x108010,8566,0x3fbdf0,0x20,0x0,0xf643355c2e9a0490
0x410a5c,0x108a50,8648,0x402ed0,0x20,0x0,0x1761c8f19de4a708
0x411168,0x108a70,8649,0x403030,0x20,0x0,0x3b2daf147f4141e9
0x4114f0,0x108a90,8650,0x403190,0x20,0x0,0xb62cf115fe61d589
0x4118c4,0x108ab0,8651,0x4032f0,0x20,0x0,0x237bd28479586f06
0x411b6c,0x108ad0,8652,0x403450,0x20,0x0,0x29aedcdb8a2cdcce
0x411d94,0x108af0,8653,0x4035b0,0x20,0x0,0x8635039d479df9b5
0x411f48,0x108b10,8654,0x403710,0x20,0x0,0xa7553e620dace837
0x412148,0x108b30,8655,0x403870,0x20,0x0,0x3c352dc50b9c09d3
0x4122c0,0x108b50,8656,0x4039d0,0x20,0x0,0x92536336c2768661
0x412444,0x108b70,8657,0x403b30,0x20,0x0,0xca17aa84706f53fa
0x412524,0x108b90,8658,0x403c90,0x20,0x0,0xc06a8859df167cd6
0x4127c8,0x108bb0,8659,0x403df0,0x20,0x0,0x551e42ceefbef2b5
0x412a54,0x108bd0,8660,0x403f50,0x20,0x0,0x18e196c289d0ac2e
0x412cb4,0x108bf0,8661,0x4040b0,0x20,0x0,0x41c07c3b5b6333a4
0x412ffc,0x108c10,8662,0x404210,0x20,0x0,0xd11a4952f2f8b003
0x413350,0x103df0,8037,0x3ce610,0x20,0x0,0xfde9a2e63f2e9ea3
0x413404,0x1046f0,8109,0x3d4930,0x20,0x0,0xf51b4936882be362
0x4136b4,0x104710,8110,0x3d4a90,0x20,0x0,0xdac14c4ec05b4051
0x413de8,0x108c30,8663,0x404370,0x20,0x0,0x9c0384027969edd3
0x4140a8,0x108c50,8664,0x4044d0,0x20,0x0,0xcacd201b21694551
0x4141e8,0x108010,8566,0x3fbdf0,0x20,0x0,0xf643355c2e9a0490
0x414288,0x108c70,8665,0x404630,0x20,0x0,0xb38e307dc9482290
0x4143e8,0x108c90,8666,0x404790,0x20,0x0,0x5941212b0d4e456c
0x4144c4,0x108c90,8666,0x404790,0x20,0x0,0x5941212b0d4e456c
0x414678,0x108cb0,8667,0x4048f0,0x20,0x0,0x42c5eca6380dda3c
0x4146dc,0x108cd0,8668,0x404a50,0x20,0x0,0x377f0e50fc282d34
0x414850,0x108cf0,8669,0x404bb0,0x20,0x0,0xfb97693b7ea05d0
0x414944,0x104450,8088,0x3d2c50,0x20,0x0,0xa46e4d7aa2ebe6d8
0x414b4c,0x104570,8097,0x3d38b0,0x20,0x0,0x13fd996dd8ca872a
0x414e24,0x108d10,8670,0x404d10,0x20,0x0,0xc8c1d454c1eafa89
0x414fcc,0x108d30,8671,0x404e70,0x20,0x0,0x474ae9c8a3dfb7a4
0x4151a0,0x108d50,8672,0x404fd0,0x20,0x0,0x500d7d07bb245e3b
0x415364,0x108d70,8673,0x405130,0x20,0x0,0xec1a84126a61e3c9
0x415464,0x108010,8566,0x3fbdf0,0x20,0x0,0xf643355c2e9a0490
0x4154d4,0x108eb0,8683,0x405ef0,0x20,0x0,0xdb9c3c6f933d8813
0x41567c,0x1090f0,8701,0x4077b0,0x20,0x0,0xe563657ba64e4b40
0x4157ec,0x109110,8702,0x407910,0x20,0x0,0xe8dac27064a5df1b
0x415988,0x1091b0,8707,0x408010,0x20,0x0,0xefdf9367f7f0a710
0x416d40,0x1091d0,8708,0x408170,0x20,0x0,0x9159d358abcd9741
0x416e94,0x1091f0,8709,0x4082d0,0x20,0x0,0x7084700174a363da
0x416fd4,0x109230,8711,0x202e34,0x28,0x100,0x727831ebae39888e
0x417090,0x109250,8712,0x4cee44,0x3e4,0x100,0xa1ef326ee5452dc4
0x41714c,0x109270,8713,0x67ea20,0x29c,0x100,0xd581dbf3d336d851
0x417208,0x109290,8714,0x431b38,0xc8,0x100,0xdf889a4f982818e2
0x417240,0x109010,8694,0x406e10,0x20,0x0,0x11fc1144997da98
0x4172f8,0x1092b0,8715,0x422a38,0x9c8,0x100,0xe111406d8c891753
0x4173b4,0x1092d0,8716,0x266a94,0x1e8,0x100,0x42881a0b5511e446
0x417470,0x1092f0,8717,0x616fe0,0x1f8,0x100,0xda55fcf3fa824da2
0x41752c,0x109310,8718,0x49a964,0x31c,0x100,0x2b0a37e59d6b95f1
0x4175fc,0x109330,8719,0x229b34,0xc4,0x100,0x20d6583624792209
0x417634,0x109010,8694,0x406e10,0x20,0x0,0x11fc1144997da98
0x4176ec,0x109350,8720,0x2944cc,0x850,0x100,0xa21c709e808d7158
0x4177a8,0x109370,8721,0x5bb4fc,0x1bc,0x100,0xfb12f4cafb945360
0x417890,0x109390,8722,0x373390,0x2e4,0x100,0xbeac619337a0c7e0
0x41794c,0x1093b0,8723,0x68932c,0xdc,0x100,0xace782f81c7e52f8
0x417a08,0x1093d0,8724,0x31703c,0x190,0x100,0x331676712ee61e1
0x417af8,0x1093f0,8725,0x28f2cc,0x1284,0x100,0x7f174ff1cbdaa458
0x417b30,0x109010,8694,0x406e10,0x20,0x0,0x11fc1144997da98
0x417bb4,0x109410,8726,0x615ae0,0x368,0x100,0x9eac70e9a4787ca1
0x417ca8,0x109430,8727,0x6d4548,0x2a4,0x100,0x8753c835ed1f573
0x417d64,0x109450,8728,0x25d994,0x180,0x100,0x3e02ac2f5f46c37e
0x417e4c,0x109490,8730,0x41fd38,0x70,0x100,0x5ca2330931cdb592
0x417f08,0x1094b0,8731,0x482e64,0xa4,0x100,0xa2b88a8d613d7bac
0x417ff0,0x1094f0,8733,0x52f020,0x20,0x100,0xc53dc48db1803b8e
0x4180d8,0x109510,8734,0x2803b4,0x58,0x100,0xfd4ac3cc13594779
0x418194,0x109530,8735,0x36d990,0x188,0x100,0xb6e9395df39f12da
0x418250,0x109550,8736,0x538220,0x584,0x100,0xd204d8c14daf106f
0x41830c,0x109570,8737,0x2e5c14,0x3a4,0x100,0x573515e3eae97878
0x418344,0x109010,8694,0x406e10,0x20,0x0,0x11fc1144997da98
0x41840c,0x109590,8738,0x52ae20,0x280,0x100,0x677bc5664a789663
0x418444,0x109010,8694,0x406e10,0x20,0x0,0x11fc1144997da98
0x4184c8,0x1095b0,8739,0x533520,0x258,0x100,0x308adf9eba162c51
0x4185b0,0x1095d0,8740,0x2932cc,0x1b0,0x100,0xa5a266f9e3cdeb5b
0x418698,0x1095f0,8741,0x428738,0x1a4,0x100,0x46c6cd9c4fd72239
0x418788,0x109630,8743,0x535a20,0x58,0x100,0x6aaa3dcc4f6b6f01
0x418870,0x109650,8744,0x425738,0x70,0x100,0xcd452c421582cf76
0x418958,0x109670,8745,0x2eac14,0xf8,0x100,0x7b9f4f9521f89fba
0x418990,0x109010,8694,0x406e10,0x20,0x0,0x11fc1144997da98
0x418a14,0x109690,8746,0x607fe0,0x1e0,0x100,0x64736f16164bdde7
0x418b04,0x1096b0,8747,0x391c54,0x2f0,0x100,0xe7ed55198b59cc8e
0x418c04,0x1096d0,8748,0x25d694,0x820,0x100,0xc0911e6489fb83f4
0x418cc0,0x1096f0,8749,0x366e90,0xac,0x100,0x355ae8a2f1557989
0x418cf8,0x109010,8694,0x406e10,0x20,0x0,0x11fc1144997da98
0x418dc0,0x109710,8750,0x2eea14,0x15a8,0x100,0xe2b99af0a77018bc
0x418eb0,0x109730,8751,0x499164,0x4c,0x100,0x51de15e4b067ebe4
0x418f98,0x109750,8752,0x3b7274,0x6c,0x100,0xda573246eb78e874
0x419098,0x109770,8753,0x28cccc,0xc4c,0x100,0x82e72fc497772fe0
0x419184,0x109790,8754,0x426b38,0x54,0x100,0x41bec1815d493670
0x41926c,0x1097b0,8755,0x47f564,0x3c,0x100,0x8f9fe94ec56d8110
0x41936c,0x1097d0,8756,0x2e7f14,0xac,0x100,0xc0a0ebebe80dadef
0x419454,0x1097f0,8757,0x223d34,0x24,0x100,0x5c5bc699b0bd5f16
0x41953c,0x109810,8758,0x398e54,0x28,0x100,0x89a8b664b8a41646
0x419630,0x109830,8759,0x5aabfc,0x38,0x100,0x18d8408caf00f73a
0x419718,0x109850,8760,0x4d9544,0x34,0x100,0x21b694012c3a8ccc
0x419804,0x109870,8761,0x2e4614,0x4b0,0x100,0x70da90f8e6735b30
0x41983c,0x109010,8694,0x406e10,0x20,0x0,0x11fc1144997da98
0x4198f4,0x109890,8762,0x539820,0xac,0x100,0x4c4a838faf74ee23
0x4199e4,0x1098b0,8763,0x3c9340,0x574,0x100,0x116570ba72978caa
0x419ad8,0x1098d0,8764,0x533620,0x260,0x100,0xbcce93a5df8262f8
0x419bc0,0x1098f0,8765,0x431d38,0x2c,0x100,0x3f85afea3cdfcf11
0x419ca4,0x109910,8766,0x31343c,0x8c0,0x100,0x74dbf972784faf66
0x419d98,0x109930,8767,0x25ad94,0xc28,0x100,0x8c38094077a88c23
0x419dd0,0x109010,8694,0x406e10,0x20,0x0,0x11fc1144997da98
0x419e98,0x109950,8768,0x6c8880,0xc0,0x100,0xff623d33dbad8f91
0x419f88,0x109970,8769,0x265994,0x4ec,0x100,0x4d945f177b986e49
0x41a078,0x109990,8770,0x262294,0x860,0x100,0xce19bebe866cce36
0x41a168,0x1099b0,8771,0x3cbf38,0x98,0x100,0xb17aecae0284ba10
0x41a1a0,0x109010,8694,0x406e10,0x20,0x0,0x11fc1144997da98
0x41a270,0x1099d0,8772,0x5b25fc,0xf0,0x100,0xc178c1b809df2bdd
0x41a370,0x1099f0,8773,0x376890,0x1164,0x100,0xb17f0ffa71f5fd32
0x41a42c,0x109a30,8775,0x28fccc,0x250,0x100,0x8ca6af76cefcba00
0x41a464,0x109010,8694,0x406e10,0x20,0x0,0x11fc1144997da98
0x41a51c,0x109a50,8776,0x28a8cc,0xa4,0x100,0x856cc546f25b69ad
0x41a5d8,0x109a70,8777,0x5a9bfc,0x118,0x100,0x255ef1be8d96f2f5
0x41a6c0,0x109a90,8778,0x41bc38,0x14c,0x100,0xb0cc6d6c84910b1d
0x41a77c,0x109ab0,8779,0x55ff4c,0xd8,0x100,0x53efabd1b8fde787
0x41a7b4,0x109010,8694,0x406e10,0x20,0x0,0x11fc1144997da98
0x41a838,0x109ad0,8780,0x417138,0xac,0x100,0xc5afb2d7230d7fca
0x41a928,0x109af0,8781,0x4cae44,0xe24,0x100,0xa3c186adb31e02fc
0x41aa18,0x109b10,8782,0x67d820,0xfb8,0x100,0x2a4abc425418d87
0x41aad4,0x109b30,8783,0x485a64,0x13c,0x100,0xf98bf23fe4797b0a
0x41abd4,0x109b50,8784,0x433638,0xcc,0x100,0xc56c6a211f251ee1
0x41ac0c,0x109010,8694,0x406e10,0x20,0x0,0x11fc1144997da98
0x41ac90,0x109b70,8785,0x4d6544,0x1d4,0x100,0x28242c8c2334b2d2
0x41ad80,0x109bb0,8787,0x314c3c,0x54,0x100,0xc4e6fb3bbe0bee4
0x41ae88,0x109bd0,8788,0x537020,0xbc,0x100,0x8e9f83f8c34b3831
0x41af78,0x109bf0,8789,0x5be2fc,0x80,0x100,0x1df52041a28e21f3
0x41b060,0x109c10,8790,0x2ed614,0xf6c,0x100,0x369ec232d67097d9
0x41b148,0x109c30,8791,0x52aa20,0x280,0x100,0x8fd7999e981d9636
0x41b234,0x109c50,8792,0x60bfe0,0x2bc,0x100,0xd94ac9c5c851e172
0x41b324,0x109c70,8793,0x4d5144,0x224,0x100,0x1941d259c0e11d34
0x41b414,0x109c90,8794,0x650b50,0x104,0x100,0x403d5013776fb4f8
0x41b504,0x109cb0,8795,0x25a894,0x88,0x100,0xcda96e69c57839ad
0x41b5d8,0x109cd0,8796,0x421538,0x1a0,0x100,0x65a9f3ae85bf13a2
0x41b6e0,0x109cf0,8797,0x6533f4,0x168,0x8,0x65140a7c8c12f210
0x41b7c8,0x109d10,8798,0x481a64,0x30,0x100,0xad5b95220169ff1e
0x41b800,0x109010,8694,0x406e10,0x20,0x0,0x11fc1144997da98
0x41b8d0,0x109d30,8799,0x6ae6c4,0xbc0,0x100,0x543c16823c758dc3
0x41b9b8,0x109d50,8800,0x3a4334,0x20,0x100,0xebaa13e35562a3a
0x41baa0,0x109d70,8801,0x48cd64,0x16c,0x100,0xaa6e84be06ae231
0x41bb5c,0x109d90,8802,0x61e298,0xd4,0x100,0xaa41923f428c1418
0x41bc18,0x109db0,8803,0x429338,0xf0,0x100,0xbbab9cb7f2ccbedc
0x41bcd4,0x109dd0,8804,0x48e564,0x40,0x100,0x7583543e5b508740
0x41bd90,0x109e10,8806,0x2ea814,0xc4,0x100,0xc3dbdc049f815848
0x41be4c,0x109e30,8807,0x4d7244,0x218,0x100,0x2bb31bbaf973fcd4
0x41bf08,0x109e50,8808,0x48f764,0x288,0x100,0x60ab158ba43de850
0x41bf40,0x109010,8694,0x406e10,0x20,0x0,0x11fc1144997da98
0x41bfc4,0x109e70,8809,0x4cfb44,0xc0,0x100,0x9e7a5ef08e651489
0x41c080,0x109e90,8810,0x267494,0xd8,0x100,0xa1d524d97302426c
0x41c0b8,0x109010,8694,0x406e10,0x20,0x0,0x11fc1144997da98
0x41c13c,0x109eb0,8811,0x423638,0xe8,0x100,0xf652e97400035c08
0x41c1f8,0x109ed0,8812,0x533820,0xdc,0x100,0x56ac9d375447f556
0x41c2b4,0x109ef0,8813,0x6c79fc,0x450,0x40,0xe976d4a4d7e64ede
0x41c370,0x109f50,8816,0x4cfd44,0x1d8,0x100,0x6371faabe483776e
0x41c42c,0x109f90,8818,0x263894,0x2cc,0x100,0xd9839a77b556ccd4
0x41c4e8,0x109fb0,8819,0x485264,0x15c,0x100,0x58e18047cfd0803
0x41c5a4,0x109ff0,8821,0x418738,0x200,0x100,0x31ba2e4b5db19c0d
0x41c660,0x10a010,8822,0x430538,0x1bc,0x100,0xf62ba363f69f415e
0x41c71c,0x10a050,8824,0x6087e0,0x190,0x100,0x7bc2bfb6dd00dd96
0x41c7d8,0x10a070,8825,0x488164,0xb4,0x100,0x94c15c0efbdfa52d
0x41c894,0x10a0b0,8827,0x4cb544,0x168,0x100,0x692bab0e1a77fbca
0x41c950,0x10a0f0,8829,0x28bfcc,0x190,0x100,0x39b735243f8382e4
0x41ca0c,0x10a150,8832,0x421038,0x88,0x100,0xe9f031497f98af5a
0x41cac8,0x10a170,8833,0x258b94,0x7c,0x100,0x1366046ed5ef4ba4
0x41cbb0,0x10a190,8834,0x258c94,0x4c,0x100,0x55640791123c1462
0x41cc6c,0x10a1f0,8837,0x52c820,0x38,0x100,0xea00a6b27dfd0067
0x41cd28,0x10a210,8838,0x42a938,0x150,0x100,0x1795ede85880f545
0x41cde4,0x10a2b0,8843,0x6491d4,0x1b0,0x100,0xbff2da10884c70b6
0x41cea0,0x10a2d0,8844,0x3bd398,0x370,0x100,0xdbaf2d93d1567e00
0x41cf5c,0x10a2f0,8845,0x3adcd0,0x70,0x100,0x49f3298c0b7340e4
0x41d018,0x10a350,8848,0x430738,0x284,0x100,0x183fdd95a199ba95
0x41d0d4,0x10a510,8862,0x6076e0,0x80,0x100,0xa46563d5d8d2f8e8
0x41d190,0x10a570,8865,0x493464,0x2c,0x100,0x4cdb32f3f7e1911d
0x41d24c,0x10a5b0,8867,0x699a00,0x158,0x100,0xf06b53cee9c5af23
0x41d308,0x10a5f0,8869,0x2f4814,0x98,0x100,0x1b3a22139c8473f
0x41d3c4,0x10a750,8880,0x418138,0x60,0x100,0x93c2e8be97458528
0x41d480,0x10a770,8881,0x2909cc,0x3a4,0x100,0x7501353a5296282a
0x41d53c,0x10a790,8882,0x632a4c,0x98,0x100,0xf7c5cc2609ddb44a
0x41d5f8,0x10a7b0,8883,0x695ee4,0x80,0x100,0xdf7f820caef4ccf
0x41d6b4,0x10a7f0,8885,0x2efd14,0xa0,0x100,0xe28fee8dd9e9675d
0x41d770,0x10a830,8887,0x31793c,0x54,0x100,0x3cc06d2124b77615
0x41d82c,0x10a850,8888,0x25c894,0xbc,0x100,0x39c357137310ddd2
0x41d8e8,0x10a970,8897,0x36bb90,0x138,0x100,0x7a207b074d87a7f
0x41d9a4,0x10a9f0,8901,0x263694,0x12c,0x100,0x2092aad55d0b258b
0x41da60,0x10aa10,8902,0x5ba1fc,0x160,0x100,0xc688dfea40a5fc81
0x41db1c,0x10aa30,8903,0x395954,0x80,0x100,0x559bce97be2ad6be
0x41dbd8,0x10aa50,8904,0x532420,0x138,0x100,0x1d0b0908b59b3532
0x41dc94,0x10aa70,8905,0x4a0864,0xc4,0x100,0xd8eeb05a7685db47
0x41dd50,0x10aa90,8906,0x4d7144,0x178,0x100,0xaee64c4dc3dfdd87
0x41de0c,0x10aad0,8908,0x25e394,0x21c,0x100,0x67e0532144a4295c
0x41dec8,0x10ab10,8910,0x558c4c,0x254,0x100,0x73cee253697d09c2
0x41df84,0x10ab30,8911,0x428538,0x98,0x100,0xb1df3aad0b2442b8
0x41e040,0x10abf0,8917,0x264794,0x184,0x100,0x437f6a580f3dc3e1
0x41e0fc,0x10ac10,8918,0x41ef38,0xe8,0x100,0x8ddee1c82d8f53bb
0x41e1b8,0x10ad10,8926,0x533520,0x90,0x100,0xe69fece5dbd1a763
0x41e274,0x10ad30,8927,0x421838,0x1c4,0x100,0xd2b62dd117d326c0
0x41e330,0x10ad90,8930,0x395b54,0xd8,0x100,0x7c8939067c2ed235
0x41e3ec,0x10ae10,8934,0x4c9b44,0x150,0x100,0x56c86b1b7dc7c881
0x41e424,0x10a010,8822,0x430538,0x1bc,0x100,0xf62ba363f69f415e
0x41e4a8,0x10ae30,8935,0x266e94,0x1bc,0x100,0x888a093900ec8d6d
0x41e564,0x10ae50,8936,0x49f964,0x80,0x100,0xfec362d9038de47d
0x41e620,0x10ae90,8938,0x480464,0x1e0,0x100,0xb32137359442df2a
0x41e6dc,0x10aef0,8941,0x2ec614,0x88,0x100,0xa531744d4263d404
0x41e798,0x10af50,8944,0x60b1e0,0xc8,0x100,0x55db68b62628b171
0x41e854,0x10af90,8946,0x49cb64,0x178,0x100,0x58af886644f9679e
0x41e93c,0x10afd0,8948,0x41e038,0x80,0x100,0x13071acfe968a8b6
0x41e9f8,0x10aff0,8949,0x422838,0xb4,0x100,0xc949c8b93459893f
0x41eaf8,0x10b010,8950,0x421538,0x218,0x100,0xf4dea50ab519ad8d
0x41ebb4,0x10b110,8958,0x494f64,0x208,0x100,0xb52204bdf7ec8864
0x41ec70,0x10b1f0,8965,0x2930cc,0x1a0,0x100,0x3c13ee8f596e249
0x41ed2c,0x10b250,8968,0x367190,0x60,0x100,0x1520804a672a5cf4
0x41ede8,0x10b270,8969,0x396454,0x7c,0x100,0xb8c9b62608b00636
0x41eea4,0x10b2b0,8971,0x4dad44,0xdc,0x100,0x32559b56c16d6565
0x41ef60,0x10b2d0,8972,0x377090,0x370,0x100,0x7f487ad4504b06a1
0x41f01c,0x10b2f0,8973,0x4d4c44,0x94,0x100,0xe9e603066ccb4832
0x41f0d8,0x10b350,8976,0x2ea914,0x3ac,0x100,0xbc9796fc91ad329a
0x41f194,0x10b370,8977,0x6c431c,0x9c,0x100,0x23b1375d60a77d6d
0x41f284,0x10b390,8978,0x536320,0x98,0x100,0x28cf8f22e2c5c68c
0x41f340,0x10b3b0,8979,0x558a4c,0x1d8,0x100,0x505c4a776e5062a6
0x41f3fc,0x10b3d0,8980,0x4d4344,0x70,0x100,0xe43b9c31e4c8de74
0x41f4b8,0x10b490,8986,0x22b734,0x1bc,0x100,0xe31f4177dde81fdf
0x41f574,0x10b4d0,8988,0x36cb90,0xb8,0x100,0x4e313987e71a7aad
0x41f630,0x10b530,8991,0x6ae5c4,0x94,0x100,0x7c36d2a97f6159b0
0x41f6ec,0x10b550,8992,0x5a90fc,0x1b8,0x100,0xf5ad49df80de9cf9
0x41f724,0x10b010,8950,0x421538,0x218,0x100,0xf4dea50ab519ad8d
0x41f7dc,0x10b570,8993,0x49db64,0x54,0x100,0x5b737157f9aed7b3
0x41f8dc,0x10b590,8994,0x3a4234,0x78,0x100,0xa6aafeb58115a00c
0x41f9dc,0x10b5b0,8995,0x4d0344,0xb8,0x100,0x55c1abf1ee44b956
0x41fa98,0x10b5d0,8996,0x48fa64,0x94,0x100,0xa6b795e53c7021
0x41fb54,0x10b690,9002,0x4c7f44,0xdc,0x100,0xc09c0dfe27d71716
0x41fc10,0x10b6b0,9003,0x25f594,0x380,0x100,0xed148a57420c783d
0x41fc48,0x10b010,8950,0x421538,0x218,0x100,0xf4dea50ab519ad8d
0x41fccc,0x10b6d0,9004,0x426e38,0x25c,0x100,0xd11499652f8f7c78
0x41fd04,0x10b010,8950,0x421538,0x218,0x100,0xf4dea50ab519ad8d
0x41fd88,0x10b6f0,9005,0x6023e0,0x7c,0x100,0xabcc56bc424e7e54
0x41fe44,0x10b710,9006,0x225834,0x360,0x100,0xbee3d2dda1f01f8a
0x41ff00,0x10b810,9014,0x48eb64,0x198,0x100,0x55c403a73d840117
0x41ffbc,0x10b830,9015,0x60fce0,0x27c,0x100,0xbcf48188b23fcf8e
0x420078,0x10b850,9016,0x533c20,0xa0,0x100,0x1e5a7d000d3d61f3
0x420134,0x10b870,9017,0x31783c,0x1b4,0x100,0x9253ddb2026d5fb5
0x4201f0,0x10b890,9018,0x268294,0x110,0x100,0xdf39dd5b88bbae20
0x420228,0x10b010,8950,0x421538,0x218,0x100,0xf4dea50ab519ad8d
0x4202ac,0x10b8b0,9019,0x47eb64,0x120,0x100,0x8b624e29eb2729db
0x420368,0x10b8d0,9020,0x52cd20,0x21c,0x100,0xf1514032df761c8f
0x4203a0,0x10b010,8950,0x421538,0x218,0x100,0xf4dea50ab519ad8d
0x420424,0x10b8f0,9021,0x371690,0x158,0x100,0xb6a900dcea1abba2
0x4204e0,0x10b910,9022,0x224b34,0x84,0x100,0xef4bfcae3d198f2
0x42059c,0x10b930,9023,0x432e38,0x1dc,0x100,0xf3c4335fa4a4730f
0x420658,0x10b950,9024,0x49fc64,0xb4,0x100,0x940558b0a4a60ae3
0x420714,0x10b970,9025,0x28dacc,0x264,0x100,0x4f1214ffa3451889
0x4207d0,0x10b990,9026,0x264094,0x98,0x100,0xf2312400d6abad3
0x42088c,0x10b9b0,9027,0x225134,0x98,0x100,0x2a1fbb56b402001d
0x420948,0x10b9d0,9028,0x224334,0x64,0x100,0x306d88322f06da92
0x420a04,0x10b9f0,9029,0x497d64,0x94,0x100,0x6358d829f595e6af
0x420ac0,0x10ba10,9030,0x36dc90,0x1a0,0x100,0x70ba9698cd612919
0x420af8,0x10b010,8950,0x421538,0x218,0x100,0xf4dea50ab519ad8d
0x420b7c,0x10ba50,9032,0x2e5914,0x3cc,0x100,0x1ac5094d7d79510
0x420c38,0x10ba70,9033,0x4d2144,0x2b4,0x100,0x538ce29a1f55b6ad
0x420cf4,0x10ba90,9034,0x5a8dfc,0x88,0x100,0xf30e6306688c9665
0x420db0,0x10bab0,9035,0x22aa34,0x2b4,0x100,0x856d441801f46ea4
0x420de8,0x10b010,8950,0x421538,0x218,0x100,0xf4dea50ab519ad8d
0x420e6c,0x10bad0,9036,0x55854c,0x144,0x100,0x799eff0d84f3db74
0x420f28,0x10baf0,9037,0x4cc244,0x174,0x100,0x418ead8fbbc00b2b
0x420f60,0x10b010,8950,0x421538,0x218,0x100,0xf4dea50ab519ad8d
0x420fe4,0x10bb10,9038,0x31733c,0xb0,0x100,0x63d92a809e80b468
0x4210a0,0x10bb30,9039,0x5a8afc,0x128,0x100,0x296f6a5319a67378
0x42115c,0x10bb50,9040,0x4ce644,0x140,0x100,0xfbf032caf721db92
0x421218,0x10bb70,9041,0x4a0664,0xc4,0x100,0x80c9f29ffec74b39
0x4212d4,0x10bbd0,9044,0x494f64,0x118,0x100,0x8037fc2616f6c55f
0x421390,0x10bbf0,9045,0x2ec214,0xa0,0x100,0x57002ad6e00018a5
0x42144c,0x10bc10,9046,0x65a6f8,0x1b8,0x10,0xbf11779393dceca3
0x421508,0x10bc30,9047,0x487864,0x100,0x100,0x916eef8e4505d59c
0x4215c4,0x10bc50,9048,0x52ab20,0x16c,0x100,0xe30613996f0fe468
0x421680,0x10bc70,9049,0x6078e0,0xb0,0x100,0xd68fd0d286f6f8ff
0x42173c,0x10bc90,9050,0x3ad6d0,0x180,0x100,0xa1d727eed58c3053
0x421774,0x10b010,8950,0x421538,0x218,0x100,0xf4dea50ab519ad8d
0x4217f8,0x10bcb0,9051,0x431e38,0x94,0x100,0x5e7478a51461ff28
0x4218b4,0x10bcd0,9052,0x3acad0,0x3d4,0x100,0x59ffcb29da53c9b1
0x421970,0x10bcf0,9053,0x372990,0xa4,0x100,0x1bbcaf785342efb1
0x421a2c,0x10bd10,9054,0x48a664,0x250,0x100,0xad2816cd316eacba
0x421b2c,0x10bd30,9055,0x62f4e0,0x70,0x70,0x16d41a9957324e55
0x421be8,0x10bd50,9056,0x3adfd0,0xe4,0x100,0x723e574948303869
0x421ca4,0x10bd70,9057,0x494c64,0x350,0x100,0x7f3a7a671e7a3c4d
0x421d60,0x10bd90,9058,0x532e20,0x130,0x100,0xa3f5c9d36a1a74f9
0x421d98,0x10b010,8950,0x421538,0x218,0x100,0xf4dea50ab519ad8d
0x421e1c,0x10bdb0,9059,0x6b3018,0x84,0x100,0xb0f9c670948b91ba
0x421ed8,0x10bdd0,9060,0x52ba20,0x2c0,0x100,0x88160d362d4b9348
0x421f94,0x10bdf0,9061,0x3ae1d0,0xc8,0x100,0x2d82210fdabd9a8c
0x421fcc,0x10b010,8950,0x421538,0x218,0x100,0xf4dea50ab519ad8d
0x422050,0x10be10,9062,0x2119a0,0x1b8,0x100,0xdd4c0d76beb3c8f2
0x42210c,0x10be30,9063,0x41e938,0x2c0,0x100,0x59b98d7f2ed14838
0x4221c8,0x10be50,9064,0x369e90,0x424,0x100,0xcedb5a279298c2cd
0x422284,0x10be70,9065,0x55744c,0x2f0,0x100,0xe73c6fc9a91415d5
0x422340,0x10be90,9066,0x28d6cc,0x54,0x100,0x78d07ac9a2d7a2
0x4223fc,0x10beb0,9067,0x48e364,0x1380,0x100,0xa16093c0eea2d2c8
0x4224b8,0x10bed0,9068,0x487764,0x158,0x100,0x6019d8f537691e5a
0x422574,0x10bef0,9069,0x25c394,0x80,0x100,0xb8ef439e4d3b0592
0x422630,0x10bf10,9070,0x6e2a98,0x14c,0x100,0x558a547fc6400133
0x4226ec,0x10bf30,9071,0x63ecc8,0x1a8,0x100,0xdf417eb87da3e2f9
0x4227a8,0x10bf50,9072,0x2ee114,0x170,0x100,0x46b3e590a6c752bb
0x422864,0x10bf70,9073,0x22a434,0x104,0x100,0x1de99fbec821094c
0x422920,0x10bf90,9074,0x312b3c,0x9c,0x100,0x581f1f7e16abecaa
0x4229dc,0x10bfb0,9075,0x42b138,0xdc,0x100,0xa2930534013d16dd
0x422a98,0x10bfd0,9076,0x234808,0x23c,0x100,0x2377f17b79df7eb5
0x422b54,0x10bff0,9077,0x530320,0x84,0x100,0x15950d98b8f00338
0x422c10,0x10c010,9078,0x2933cc,0x154,0x100,0xf13f2f096e62ec06
0x422ccc,0x10c030,9079,0x4db844,0x94,0x100,0x127f2c233cd1cbc8
0x422d88,0x10c050,9080,0x224534,0x1fc,0x100,0x93815caf7e1d1b99
0x422e44,0x10c070,9081,0x4d3e44,0x9c,0x100,0x5981b99461b4230
0x422e7c,0x10c010,9078,0x2933cc,0x154,0x100,0xf13f2f096e62ec06
0x422f2c,0x10c090,9082,0x483b64,0x4c,0x100,0xf79acab8c9cfb6f9
0x423014,0x10c0b0,9083,0x374890,0x34,0x100,0xbdaeb00064e46cee
0x4230d0,0x10c0d0,9084,0x4cd044,0xe4,0x100,0x5fc6e86c44e1fa9e
0x42318c,0x10c0f0,9085,0x52e020,0xd4,0x100,0x16084ef9a31f30bc
0x4231c4,0x10c010,9078,0x2933cc,0x154,0x100,0xf13f2f096e62ec06
0x423248,0x10c110,9086,0x367990,0xe4,0x100,0x77d3eaa30cc966b8
0x423304,0x10c130,9087,0x3c323c,0xdc,0x88,0xe600634ab3731d73
0x4233c0,0x10c150,9088,0x373590,0x1ec,0x100,0x6a752fc91e61b880
0x42347c,0x10c190,9090,0x6b3218,0x2c8,0x90,0x18f337afb7acb615
0x423538,0x10c1b0,9091,0x611ce0,0x228,0x100,0xc229af5b26b4e0f6
0x4235f4,0x10c670,9129,0x367c90,0x1cc,0x100,0xa17cd4dbb78c945c
0x4236b0,0x10c690,9130,0x31483c,0x44,0x100,0x1e2c7ddd9e8a29b
0x42376c,0x10c6b0,9131,0x4cf944,0x1c0,0x100,0xfe32c6aabb7119b4
0x423884,0x10c810,9142,0x41d438,0x170,0x100,0xe5ce0906059910da
0x423978,0x10c830,9143,0x60f0e0,0xa98,0x100,0x3331753bd5335a3f
0x423a68,0x10c850,9144,0x49ae64,0x8d4,0x100,0x3b336e6198bfe748
0x423b50,0x10c870,9145,0x48c264,0x34,0x100,0xd6bcf1620a75e5f1
0x423c54,0x10c890,9146,0x2f1d14,0x48,0x100,0x46da06fe87aa6eb7
0x423d54,0x10c8b0,9147,0x6049e0,0x7ac,0x100,0x409ae0f4a26380df
0x423e3c,0x10c8d0,9148,0x267794,0x70,0x100,0x3f9e1f590d9d9e9
0x423f0c,0x10c8f0,9149,0x4cf044,0x158,0x100,0x308fa6394cb59d11
0x423fc8,0x10c910,9150,0x419f38,0xac,0x100,0xff98dbf1997fa30c
0x424084,0x10c930,9151,0x55cd4c,0x9c,0x100,0xda37315dcf8031b
0x424140,0x10c950,9152,0x392654,0x14c,0x100,0x4e1b563a0799ec61
0x424228,0x10c970,9153,0x399c54,0x3f4,0x100,0xbb9e32d41fe13251
0x4242e4,0x10c990,9154,0x22a234,0x198,0x100,0xf11f785707571cbf
0x4243a0,0x10c9b0,9155,0x4c9844,0x5c,0x100,0xacb0044867726ee4
0x4243d8,0x10c010,9078,0x2933cc,0x154,0x100,0xf13f2f096e62ec06
0x42445c,0x10c9d0,9156,0x261a94,0x1ac,0x100,0x707628b8e234250b
0x424518,0x10c9f0,9157,0x3b7b74,0x6c,0x100,0xa97a02f70eec0451
0x4245d4,0x10ca10,9158,0x6064e0,0x70,0x100,0xe51072170eb48af1
0x424690,0x10ca30,9159,0x2f2114,0xb0,0x100,0x510c4de0fbfc5160
0x42474c,0x10ca50,9160,0x481564,0xa4,0x100,0xd5bcc5557242161d
0x424808,0x10ca70,9161,0x49eb64,0x390,0x100,0x7670f29610411da8
0x4248c4,0x10ca90,9162,0x41dc38,0xe8,0x100,0x11bcf1216cfbc699
0x4249b4,0x10cab0,9163,0x6c96c8,0x68,0x100,0x782c92e15e74f98e
0x424a70,0x10cad0,9164,0x530e20,0x404,0x100,0xb03bb03b539dae8f
0x424b2c,0x10caf0,9165,0x28f3cc,0xd8,0x100,0x333e1c85ccea721d
0x424b64,0x10c010,9078,0x2933cc,0x154,0x100,0xf13f2f096e62ec06
0x424be8,0x10cb10,9166,0x606be0,0x468,0x100,0xcc3762cf130c13d0
0x424ca4,0x10cb70,9169,0x499464,0x36c,0x100,0xd808e4f386120011
0x424d60,0x10cc70,9177,0x36f890,0xcc,0x100,0xb7a838e68febe9cb
0x424e1c,0x10cd70,9185,0x366a90,0xd8,0x100,0x35309bef31c1714f
0x424ed8,0x10ce50,9192,0x26da00,0xd4,0x100,0x4bacfc4408276dcf
0x424fc0,0x10d0f0,9213,0x31213c,0x44,0x100,0xc3d5eccad775deab
0x42507c,0x10d110,9214,0x4db644,0x94c,0x100,0x7b1d9c53776c3e2a
0x425138,0x10d210,9222,0x42ae38,0x118,0x100,0xd5c82b8bd7b2e64c
0x4251f4,0x10d550,9248,0x4a1a64,0x14c,0x100,0xbfa10c7ec4593733
0x42522c,0x10d010,9206,0x48e164,0x15c,0x100,0x8388c93b3f1050e0
0x4252b0,0x10d570,9249,0x67d620,0x150,0x100,0x5d7cb695e23c1c9
0x42536c,0x10d5b0,9251,0x4d6c44,0x1d0,0x100,0xde8a0499d037f21c
0x425428,0x10d610,9254,0x495064,0x120,0x100,0x6781e7d37ad22ab7
0x4254e4,0x10d650,9256,0x55bc4c,0x188,0x100,0x3ab2f8228b07a6c5
0x4255a0,0x10d690,9258,0x3a4934,0x1ec,0x100,0x252918d531e80da6
0x42565c,0x10d6b0,9259,0x2ecd14,0x1d4,0x100,0x6c7bdfdac44e00f6
0x425718,0x10d710,9262,0x49e264,0xac,0x100,0xca191b077a2485a5
0x4257d4,0x10d730,9263,0x31413c,0x324,0x100,0xfa2854c1ef1fca95
0x42580c,0x10d010,9206,0x48e164,0x15c,0x100,0x8388c93b3f1050e0
0x425890,0x10d750,9264,0x2901cc,0x2fc,0x100,0xc1c5d6f17e20efe9
0x42594c,0x10d770,9265,0x26a5b0,0x16c,0x100,0x41c436e2b11e8b44
0x425a08,0x10d790,9266,0x28bbcc,0x2e0,0x100,0x794f3a4959878b6b
0x425a40,0x10d010,9206,0x48e164,0x15c,0x100,0x8388c93b3f1050e0
0x425ac4,0x10d7b0,9267,0x399054,0x250,0x100,0x4674edbc7dc49196
0x425afc,0x10d010,9206,0x48e164,0x15c,0x100,0x8388c93b3f1050e0
0x425b80,0x10d7d0,9268,0x27fcb4,0x2fc,0x100,0xdbcd99dd06f8b559
0x425c3c,0x10d7f0,9269,0x421738,0x38c,0x100,0xa4ed160fabcd702c
0x425cf8,0x10d810,9270,0x559b4c,0xec,0x100,0xe619138986f4b677
0x425db4,0x10d830,9271,0x2e9114,0x550,0x100,0x83a1def09b532373
0x425e70,0x10d850,9272,0x41ad38,0x3e4,0x100,0x48529efcd316a696
0x425f58,0x10d870,9273,0x5be3fc,0x58,0x100,0x6036faff821baaf4
0x426040,0x10d890,9274,0x377190,0xe14,0x100,0x21578efc08143c7a
0x426078,0x10d010,9206,0x48e164,0x15c,0x100,0x8388c93b3f1050e0
0x426130,0x10d8b0,9275,0x3addd0,0x49c,0x100,0x24caccb64db4f9eb
0x426218,0x10d8d0,9276,0x31153c,0xd8,0x100,0x68718c46a7f2d596
0x426250,0x10d010,9206,0x48e164,0x15c,0x100,0x8388c93b3f1050e0
0x426300,0x10d8f0,9277,0x533020,0x2bc,0x100,0x6d6ed80ec833753c
0x426338,0x10d010,9206,0x48e164,0x15c,0x100,0x8388c93b3f1050e0
0x42641c,0x10d910,9278,0x42fd38,0x3bc,0x100,0xf90db413a4a41e37
0x426504,0x10d950,9280,0x36b990,0x20,0x100,0xf2c1b9eea8754fa7
0x4265c0,0x10d970,9281,0x398454,0x6a8,0x100,0xca909e0f8f7a1a48
0x42667c,0x10d990,9282,0x372390,0x31c,0x100,0x66afd4489bcb1455
0x426738,0x10d9b0,9283,0x289acc,0x2dc,0x100,0xa9c76095ec94e59d
0x426770,0x10d010,9206,0x48e164,0x15c,0x100,0x8388c93b3f1050e0
0x4267f4,0x10d9d0,9284,0x6a0b18,0x2b0,0x48,0x2b5adaea80d8c831
0x4268b0,0x10d9f0,9285,0x68733c,0x354,0x100,0x57d9e869085231c6
0x42696c,0x10da10,9286,0x498064,0x1e4,0x100,0x5386dc73051dd5c6
0x426a28,0x10da30,9287,0x31163c,0x244,0x100,0x712ca135320fb41f
0x426ae4,0x10da50,9288,0x4d2144,0x2f4,0x100,0xaa5b626e74e84343
0x426ba0,0x10da70,9289,0x496a64,0x1f8,0x100,0x669943aefba8e8e1
0x426c5c,0x10da90,9290,0x36f990,0x2c0,0x100,0xb67d4aa54431eaf5
0x426d18,0x10dab0,9291,0x486b64,0x23c,0x100,0x1ba860b807824849
0x426dd4,0x10dad0,9292,0x41f338,0x27c,0x100,0xd670b9043c4fd40b
0x426e90,0x10daf0,9293,0x290ecc,0x188,0x100,0x861312b377917dbf
0x426f4c,0x10db10,9294,0x4d3844,0x154,0x100,0x553cb442336064f
0x427008,0x10db30,9295,0x69b50c,0x2a8,0x100,0x8a471292b820749b
0x4270c4,0x10db50,9296,0x25bd94,0x31c,0x100,0xe486f8c7ab50737
0x4270fc,0x10d010,9206,0x48e164,0x15c,0x100,0x8388c93b3f1050e0
0x427180,0x10db70,9297,0x3ae2d0,0x324,0x100,0x8678d2d91774021e
0x42723c,0x10db90,9298,0x558d4c,0x2d4,0x100,0x8059fbfe54dacc84
0x4272f8,0x10dbb0,9299,0x376190,0x2ac,0x100,0x88c311c290bab8ba
0x4273b4,0x10dbd0,9300,0x49a164,0x200,0x100,0x87602edcb50b93f
0x4273ec,0x10d010,9206,0x48e164,0x15c,0x100,0x8388c93b3f1050e0
0x427470,0x10dbf0,9301,0x42d138,0x434,0x100,0x24655a055234dea6
0x4274a8,0x10d010,9206,0x48e164,0x15c,0x100,0x8388c93b3f1050e0
0x42752c,0x10dc10,9302,0x25e994,0x1e0,0x100,0xcec6a396b498cf92
0x4275e8,0x10dc30,9303,0x539720,0x3d0,0x100,0x3a7ef04d777f704
0x4276a4,0x10dc50,9304,0x2694a8,0x15c,0xb8,0x54ffa946a615bc0e
0x427760,0x10dc70,9305,0x31593c,0x404,0x100,0x738df19e4cf7af2
0x42781c,0x10dc90,9306,0x494364,0x418,0x100,0x921f93e530f53165
0x4278d8,0x10dcb0,9307,0x5adefc,0x1cc,0x100,0x4163d5022488d2d
0x427994,0x10dcd0,9308,0x397954,0x23c,0x100,0x60df3eec9e26dcf9
0x427a50,0x10dcf0,9309,0x2f0014,0x160,0x100,0xf786c02a201ce134
0x427b0c,0x10dd10,9310,0x36bc90,0x36c,0x100,0xe489406d9d2e5a8
0x427b44,0x10d010,9206,0x48e164,0x15c,0x100,0x8388c93b3f1050e0
0x427bc8,0x10dd30,9311,0x26a0b0,0x158,0x100,0xa5f75338f2c44a0e
0x427c00,0x10d010,9206,0x48e164,0x15c,0x100,0x8388c93b3f1050e0
0x427c84,0x10dd50,9312,0x224334,0x314,0x100,0x1131efb3def30733
0x427d40,0x10dd70,9313,0x260d94,0x260,0x100,0xfacbbf37c77520a7
0x427dfc,0x10dd90,9314,0x229f34,0x654,0x100,0x5cb845ad9e370a9a
0x427eb8,0x10ddb0,9315,0x234408,0x2bc,0x100,0xb7566aa826b0683b
0x427f74,0x10ddd0,9316,0x368b90,0x274,0x100,0x8377d2cc0c3e5fe7
0x428030,0x10ddf0,9317,0x53da20,0x330,0x100,0xb71842ce9d81c1fe
0x4280ec,0x10de10,9318,0x6b77a0,0x1e8,0x100,0xe3ce11be8865b399
0x4281a8,0x10de30,9319,0x228934,0x2cc,0x100,0x2f00dad0f8b11f4d
0x428264,0x10de50,9320,0x495264,0x1e4,0x100,0xc63a8bb0ad327611
0x428320,0x10de70,9321,0x3b7774,0x2bc,0x100,0x6309249723e058b7
0x4283dc,0x10de90,9322,0x22ca4c,0x230,0x100,0x61f289fb7c36259d
0x428498,0x10deb0,9323,0x4c6d44,0x1e0,0x100,0x643fe3b850967744
0x4284d0,0x10d010,9206,0x48e164,0x15c,0x100,0x8388c93b3f1050e0
0x428554,0x10ded0,9324,0x229334,0x1c8,0x100,0x65eeafd1b355d56
0x428610,0x10def0,9325,0x4d9c44,0x21c,0x100,0x92706607b3f12980
0x428648,0x10d010,9206,0x48e164,0x15c,0x100,0x8388c93b3f1050e0
0x4286cc,0x10df10,9326,0x4d2d44,0x5cc,0x100,0xe9b067576a8c30ca
0x428788,0x10df30,9327,0x68d1d0,0x2b0,0x100,0xbac9230af9898ebc
0x428844,0x10df50,9328,0x215cbc,0x34c,0x100,0x40c48b45160d6b06
0x428900,0x10df70,9329,0x6531f4,0x220,0x100,0x8d46050281977357
0x4289bc,0x10df90,9330,0x263b94,0x250,0x100,0x5701ba693dc134ed
0x428a78,0x10dfb0,9331,0x262594,0x434,0x100,0x8caf7654cd87aa8f
0x428ab0,0x10d010,9206,0x48e164,0x15c,0x100,0x8388c93b3f1050e0
0x428b34,0x10dfd0,9332,0x4c9944,0x5b4,0x100,0xf075ce07c0c86600
0x428bf0,0x10dff0,9333,0x3a3034,0x3ec,0x100,0xa9b0a891441439a7
0x428cac,0x10e010,9334,0x6080e0,0x238,0x100,0xf9965e70be59aa73
0x428ce4,0x10e010,9334,0x6080e0,0x238,0x100,0xf9965e70be59aa73
0x428d68,0x10e030,9335,0x226334,0x1bc,0x100,0x64acaef7cc6b24ae
0x428e24,0x10e050,9336,0x2899cc,0x2a8,0x100,0x36e6dcbb6bb23928
0x428ee0,0x10e070,9337,0x6db178,0xdc,0x100,0x175883c39b50f170
0x428f9c,0x10e090,9338,0x5bb7fc,0x1e4,0x100,0x1904485efc86a86e
0x429058,0x10e0b0,9339,0x533220,0x51c,0x100,0x72d94c608c5083c8
0x429114,0x10e0d0,9340,0x48ea64,0x5c8,0x100,0x34e15fe170cfb9f1
0x4291d0,0x10e0f0,9341,0x233f08,0x208,0x100,0xe4e0cc0205c2ef09
0x42928c,0x10e110,9342,0x36b490,0xd0,0x100,0xbaadce22adaaa1a4
0x429348,0x10e130,9343,0x496e64,0x45c,0x100,0x9c2ad4d81f2e565a
0x429404,0x10e150,9344,0x68743c,0x180,0x100,0x95198af5c10a845d
0x4294c0,0x10e170,9345,0x490a64,0x25c,0x100,0xbdf223ad02e76ca5
0x42957c,0x10e190,9346,0x5a95fc,0x154,0x100,0x1f9a841595357fd8
0x4295b4,0x10e010,9334,0x6080e0,0x238,0x100,0xf9965e70be59aa73
0x429638,0x10e1b0,9347,0x47eb64,0xc8,0x100,0xe7b75ee648b8d6c0
0x4296f4,0x10e1d0,9348,0x2e9014,0x140,0x100,0x43f8bea6b7f29388
0x4297b0,0x10e1f0,9349,0x61f0a0,0x7c,0x100,0xef71210d709a14b8
0x4297e8,0x10e010,9334,0x6080e0,0x238,0x100,0xf9965e70be59aa73
0x42986c,0x10e210,9350,0x4a1764,0x194,0x100,0xbd66b908f61a36e9
0x4298a4,0x10e010,9334,0x6080e0,0x238,0x100,0xf9965e70be59aa73
0x429928,0x10e230,9351,0x485064,0x228,0x100,0x5f0b475a91e20573
0x429960,0x10e010,9334,0x6080e0,0x238,0x100,0xf9965e70be59aa73
0x4299e4,0x10e250,9352,0x36d490,0xa8,0x100,0x85fffe2bd1b17128
0x429aa0,0x10e270,9353,0x232908,0x134,0x100,0xd33d1071db13b979
0x429b5c,0x10e290,9354,0x391354,0x8c,0x100,0x6d74901e1d8ca7cc
0x429c18,0x10e2b0,9355,0x55a64c,0x1d4,0x100,0xd5baa70af16a3aae
0x429cd4,0x10e2d0,9356,0x25e394,0x44,0x100,0x52c0d588a3300b49
0x429dbc,0x10e2f0,9357,0x55c94c,0x168,0x100,0x54506f25c85fa668
0x429e78,0x10e310,9358,0x5bf0fc,0x13c,0x100,0xa2e9ddb1b206f7d
0x429f60,0x10e330,9359,0x41ed38,0x70,0x100,0xc133c11419c3b18b
0x42a01c,0x10e350,9360,0x427938,0x1bc,0x100,0x30ac75139b316819
0x42a0d8,0x10e370,9361,0x60b0e0,0x18c,0x100,0x978b487862d7ef5
0x42a194,0x10e390,9362,0x48ce64,0x64,0x100,0x972916234a202968
0x42a250,0x10e3b0,9363,0x600ae0,0x404,0x100,0xd6a941eda4802b5a
0x42a30c,0x10e3d0,9364,0x52b720,0x190,0x100,0x95107717beb885ab
0x42a3c8,0x10e3f0,9365,0x2e6014,0x1f8,0x100,0x9410ea2de3dbf8e
0x42a484,0x10e410,9366,0x4d3844,0x34,0x100,0x9d3ef817710e6ad1
0x42a540,0x10e430,9367,0x6043e0,0x1494,0x100,0xb98092a41043d039
0x42a578,0x10e010,9334,0x6080e0,0x238,0x100,0xf9965e70be59aa73
0x42a5fc,0x10e450,9368,0x3d5dac,0x888,0x100,0x5092c43d5508697a
0x42a6b8,0x10e470,9369,0x53d020,0x7d0,0x100,0xd72a0b81666e0e3e
0x42a774,0x10e490,9370,0x398954,0x10ec,0x100,0x32ee08ac47c9c382
0x42a7ac,0x10e010,9334,0x6080e0,0x238,0x100,0xf9965e70be59aa73
0x42a830,0x10e4b0,9371,0x531e20,0x1cc,0x100,0x82f43d24dffcc4d1
0x42a868,0x10e010,9334,0x6080e0,0x238,0x100,0xf9965e70be59aa73
0x42a8ec,0x10e4d0,9372,0x223334,0x5dc,0x100,0x26ed17bf5a574ef7
0x42a9a8,0x10e4f0,9373,0x42f338,0x124,0x100,0x15595732d74c55a1
0x42aa64,0x10e510,9374,0x2881cc,0x158,0x100,0xff036a27d5ce2a9b
0x42ab20,0x10e530,9375,0x49b564,0x198,0x100,0x9f39937be9e3761f
0x42abdc,0x10e550,9376,0x41e338,0x1ac,0x100,0xc38215d79aac3687
0x42ac98,0x10e570,9377,0x42b938,0x164,0x100,0xbf820bcdfdf15bf6
0x42ad54,0x10e590,9378,0x264194,0x13c,0x100,0xe69f501c10ff61b8
0x42ae10,0x10e5b0,9379,0x483064,0x290,0x100,0x568060727ea9ea46
0x42aecc,0x10e5d0,9380,0x4d4f44,0x254,0x100,0xc91fdd2a47fffbcd
0x42af04,0x10e010,9334,0x6080e0,0x238,0x100,0xf9965e70be59aa73
0x42af88,0x10e5f0,9381,0x2ee714,0x198,0x100,0x4dd87b9e8f77f0dc
0x42b044,0x10e610,9382,0x42ad38,0x70,0x100,0xf1bb7a116e92c871
0x42b100,0x10e630,9383,0x55bd4c,0x6c,0x100,0x752ca4fd3b5dd944
0x42b1bc,0x10e650,9384,0x4d8e44,0x120,0x100,0xdb012fae3a2b9c99
0x42b278,0x10e670,9385,0x4d5844,0x5c,0x100,0x6ba2593e76085555
0x42b334,0x10e690,9386,0x2e4514,0x1f4,0x100,0xc7422f41983ddecb
0x42b3f0,0x10e6b0,9387,0x4c6b44,0x254,0x100,0x7affd9cccf1c4a67
0x42b4ac,0x10e6d0,9388,0x376d90,0x480,0x100,0xc553c3a8fc08b3fa
0x42b568,0x10e6f0,9389,0x5b09fc,0xe4,0x100,0x9edaf8f83dded28a
0x42b624,0x10e710,9390,0x55b74c,0xcb8,0x100,0x96011708a41e5322
0x42b6e0,0x10e730,9391,0x531120,0x314,0x100,0x1137aaa704298f32
0x42b79c,0x10e750,9392,0x22b734,0x330,0x100,0xebcc7d7ff32236b9
0x42b858,0x10e770,9393,0x2f4514,0x410,0x100,0xbcf921f052c9d6fb
0x42b890,0x10e010,9334,0x6080e0,0x238,0x100,0xf9965e70be59aa73
0x42b914,0x10e790,9394,0x4d7544,0x2b0,0x100,0xd16479cde52b34f4
0x42b94c,0x10e010,9334,0x6080e0,0x238,0x100,0xf9965e70be59aa73
0x42b9d0,0x10e7b0,9395,0x2919cc,0x33c,0x100,0x72f5538cf1c1a13b
0x42ba8c,0x10e7d0,9396,0x42cb38,0x388,0x100,0xc7014536ca5a361c
0x42bb48,0x10e7f0,9397,0x2897cc,0x200,0x100,0x533bbbe3d427757b
0x42bc04,0x10e810,9398,0x235108,0x1cc,0x100,0x7c6dfcfc4b0e5fc2
0x42bcc0,0x10e830,9399,0x2f1f14,0x1e4,0x100,0x243c9d7fb61efc4
0x42bd7c,0x10e850,9400,0x4da344,0x240,0x100,0x6e89c1c76f87ae34
0x42be38,0x10e870,9401,0x491364,0x4ec,0x100,0x505648ad1fbedb91
0x42bef4,0x10e890,9402,0x498264,0xb4,0x100,0x71d09e2c24ec0cd8
0x42bfdc,0x10e8b0,9403,0x55734c,0x64,0x100,0xdc202d734b61b067
0x42c0c4,0x10e8d0,9404,0x538520,0xc50,0x100,0x5b8d72fb94d3d924
0x42c0fc,0x10e010,9334,0x6080e0,0x238,0x100,0xf9965e70be59aa73
0x42c1b4,0x10e8f0,9405,0x265b94,0x458,0x100,0x346274ff8b56dd50
0x42c29c,0x10e910,9406,0x235008,0xe0,0x100,0xb91cb349985e3556
0x42c384,0x10e930,9407,0x6e3180,0x38c,0x100,0x8a6436bfc48f97b
0x42c3bc,0x10e010,9334,0x6080e0,0x238,0x100,0xf9965e70be59aa73
0x42c478,0x10e950,9408,0x67e320,0x1f0,0x100,0x7aa015e1948a1080
0x42c560,0x10e990,9410,0x534f20,0x1c,0x100,0x57afa77bb2d7f7ba
0x42c61c,0x10e9b0,9411,0x2e5514,0x744,0x100,0x3ce1fa382f14e980
0x42c6d8,0x10e9d0,9412,0x27fbb4,0x37c,0x100,0xc9c4e71633a52a36
0x42c794,0x10e9f0,9413,0x6155e0,0x254,0x100,0xa22ea4ecbb2f5d31
0x42c850,0x10ea10,9414,0x420138,0x2a8,0x100,0xa325b7dbd3b0d45f
0x42c888,0x10e010,9334,0x6080e0,0x238,0x100,0xf9965e70be59aa73
0x42c90c,0x10ea30,9415,0x55814c,0x2d8,0x100,0x3b3722ec8f36d18
0x42c9c8,0x10ea50,9416,0x2e4114,0x198,0x100,0x3fb6414ddd7b82ce
0x42ca84,0x10ea70,9417,0x2ec414,0x324,0x100,0xe5e92fecaa8e2f00
0x42cb40,0x10ea90,9418,0x55b14c,0x30c,0x100,0xf77ffc665d403674
0x42cbfc,0x10eab0,9419,0x533420,0x1c8,0x100,0xdc9d43e5da3adde4
0x42ccb8,0x10ead0,9420,0x370f90,0x2ec,0x100,0x46eee6aec7f28a31
0x42cd74,0x10eaf0,9421,0x491464,0x244,0x100,0x7b469b83c179484d
0x42ce30,0x10eb10,9422,0x53e220,0x28c,0x100,0x7c4eb2399f35f0c3
0x42ceec,0x10eb30,9423,0x417738,0x228,0x100,0x544df4c499568a9
0x42cfa8,0x10eb50,9424,0x4d1a44,0xf0,0x100,0x5c337ce329575e71
0x42d064,0x10eb70,9425,0x52d220,0x1d0,0x100,0xb0067d40a707272e
0x42d120,0x10eb90,9426,0x55874c,0x2cc,0x100,0xeb9d645e2341dca7
0x42d1dc,0x10ebb0,9427,0x2928cc,0x2d0,0x100,0x13ede448ace014c4
0x42d298,0x10ebd0,9428,0x6ca7c8,0x304,0x100,0x721dc52c717a1523
0x42d354,0x10ebf0,9429,0x264194,0x2d8,0x100,0x2ee85c13900694dd
0x42d410,0x10ec10,9430,0x4c7144,0x414,0x100,0x467d1422d9fce494
0x42d4cc,0x10ec30,9431,0x499064,0x17c,0x100,0x4d6d31de37866f42
0x42d588,0x10ec50,9432,0x6094e0,0x460,0x100,0x7ea9e40a7c8286f6
0x42d644,0x10ec70,9433,0x369d90,0x2b0,0x100,0xa29f3d9a5adda033
0x42d700,0x10ec90,9434,0x420f38,0x1a4,0x100,0xb725299d27c4cc0f
0x42d7bc,0x10ecb0,9435,0x5bcdfc,0x40c,0x100,0x4fddc1f26293d5f1
0x42d878,0x10ecd0,9436,0x499064,0x61c,0x100,0x98ec2a9105a33f0a
0x42d934,0x10ecf0,9437,0x2ebe14,0x2c8,0x100,0x5b4ced35faf15584
0x42d96c,0x10e010,9334,0x6080e0,0x238,0x100,0xf9965e70be59aa73
0x42d9f0,0x10ed10,9438,0x392554,0x3cc,0x100,0x33b4039f54121000
0x42daac,0x10ed30,9439,0x539420,0x300,0x100,0xfda3696eba9e2579
0x42dae4,0x10e010,9334,0x6080e0,0x238,0x100,0xf9965e70be59aa73
0x42db68,0x10ed50,9440,0x28eccc,0x1b4,0x100,0xb8372718534432f8
0x42dba0,0x10e010,9334,0x6080e0,0x238,0x100,0xf9965e70be59aa73
0x42dc24,0x10ed70,9441,0x36f290,0x1e8,0x100,0x201a78510daba56f
0x42dce0,0x10ed90,9442,0x25de94,0x24c,0x100,0x1981a015ece97015
0x42dd9c,0x10edb0,9443,0x2eb114,0x2ac,0x100,0xd005c363cfaae377
0x42de58,0x10edd0,9444,0x375e90,0x1e8,0x100,0xdb77c40007d08434
0x42de90,0x10e010,9334,0x6080e0,0x238,0x100,0xf9965e70be59aa73
0x42df14,0x10edf0,9445,0x4d3c44,0x214,0x100,0x99393489386b4cb1
0x42dfd0,0x10ee10,9446,0x22c234,0x3c4,0x100,0x953cec33d850c6a7
0x42e08c,0x10ee30,9447,0x49c564,0x328,0x100,0x625c14a29fb278d8
0x42e148,0x10ee50,9448,0x28eacc,0x780,0x100,0xac35f30c7f1c97aa
0x42e204,0x10ee70,9449,0x2e3f14,0x27c,0x100,0xfb0c427e7b5ec498
0x42e2c0,0x10ee90,9450,0x28c8cc,0x368,0x100,0x2a498c9fe97d867d
0x42e2f8,0x10e010,9334,0x6080e0,0x238,0x100,0xf9965e70be59aa73
0x42e37c,0x10eeb0,9451,0x5aa5fc,0x188,0x100,0x121ae259a91b0568
0x42e438,0x10eed0,9452,0x499e64,0x3b0,0x100,0xa625b300d44b279a
0x42e4f4,0x10eef0,9453,0x6cb0c8,0x4e0,0x100,0xdd5d81904dec8d0b
0x42e52c,0x10e010,9334,0x6080e0,0x238,0x100,0xf9965e70be59aa73
0x42e5b0,0x10ef10,9454,0x495164,0x60c,0x100,0x8e102dd2ec9577b4
0x42e66c,0x10ef30,9455,0x3aebd0,0x2bc,0x100,0x940811ef497ae12f
0x42e728,0x10ef50,9456,0x423738,0x2a8,0x100,0x30dafce3caf76ccc
0x42e7e4,0x10ef70,9457,0x265294,0x1b0,0x100,0x7f75b48423043fa2
0x42e8a0,0x10ef90,9458,0x497864,0x1b0,0x100,0x607e1fdefda1e262
0x42e8d8,0x10e010,9334,0x6080e0,0x238,0x100,0xf9965e70be59aa73
0x42e95c,0x10efb0,9459,0x4d1444,0x310,0x100,0xce565f977d82d6d0
0x42ea18,0x10efd0,9460,0x2883cc,0xd4,0x100,0x250735b1fd07eba3
0x42ead4,0x10eff0,9461,0x55a34c,0x270,0x100,0x6e36edef1db63814
0x42eb90,0x10f010,9462,0x42b438,0x280,0x100,0xd50138c0717a6bfb
0x42ec4c,0x10f030,9463,0x491f64,0x378,0x100,0x5ab5d3880c8fc7d3
0x42ed08,0x10f050,9464,0x263694,0x688,0x100,0xbb1795f89af34bef
0x42ed40,0x10f010,9462,0x42b438,0x280,0x100,0xd50138c0717a6bfb
0x42edf0,0x10f070,9465,0x2eab14,0x3c,0x100,0x1a896d0f52b189
0x42ee28,0x10f010,9462,0x42b438,0x280,0x100,0xd50138c0717a6bfb
0x42eeac,0x10f090,9466,0x48f964,0x54,0x100,0xa3b979ad2d75510b
0x42efac,0x10f0b0,9467,0x371f90,0x274,0x100,0xb5a5b870405c3d39
0x42f068,0x10f0d0,9468,0x41d738,0x5b0,0x100,0xa27e078404004485
0x42f124,0x10f0f0,9469,0x2f4414,0xd8,0x100,0xababa562fee216bf
0x42f1e0,0x10f110,9470,0x608be0,0x398,0x100,0xb1b7ce1d2fe45d22
0x42f29c,0x10f130,9471,0x267794,0x3dc,0x100,0xe7aaf32cfbfae996
0x42f384,0x10f150,9472,0x61eea0,0x60,0x100,0xf41781f60db65a48
0x42f46c,0x10f170,9473,0x316d3c,0xc4c,0x100,0x3245e9f43f24a8d8
0x42f55c,0x10f190,9474,0x370690,0x440,0x100,0x15c8d3b3bbd44419
0x42f644,0x10f1b0,9475,0x53dc20,0xe0,0x100,0x2cc6982ef553c7
0x42f72c,0x10f1d0,9476,0x6059e0,0x2b4,0x100,0xc6b3cbe0f7dbf9aa
0x42f820,0x10f1f0,9477,0x48d764,0x260,0x100,0x1602c5e4c03012bc
0x42f8dc,0x10f210,9478,0x26e400,0x584,0x100,0xd30ecd71c99db5d1
0x42f998,0x10f230,9479,0x5b1dfc,0x40c,0x100,0xef1167cb71144d1b
0x42fa54,0x10f250,9480,0x41d838,0x3d4,0x100,0x39780a9ccb3b6b6f
0x42fb10,0x10f270,9481,0x41af38,0x274,0x100,0xb9810dcf419ce0ce
0x42fbcc,0x10f290,9482,0x5b85fc,0x2a4,0x100,0x914432799fc65c97
0x42fc88,0x10f2b0,9483,0x31263c,0x208,0x100,0xd00d41bbfe4a20dd
0x42fd44,0x10f2d0,9484,0x420438,0x3ac,0x100,0x6936fd189b718a63
0x42fe00,0x10f2f0,9485,0x6ae1c4,0x3b0,0x100,0x88b01554000fa8bc
0x42febc,0x10f310,9486,0x497664,0x1f8,0x100,0xd173b0be99765583
0x42ff78,0x10f330,9487,0x4da044,0x280,0x100,0xd0d0f66640ef1629
0x430034,0x10f350,9488,0x3ae5d0,0x1a8,0x100,0x39d6876643e88502
0x43006c,0x10f010,9462,0x42b438,0x280,0x100,0xd50138c0717a6bfb
0x4300f0,0x10f370,9489,0x2ffc6c,0x204,0x100,0x2a6078514ff2e61b
0x4301ac,0x10f390,9490,0x315f3c,0x340,0x100,0x42ffdef2a3003c39
0x430268,0x10f3b0,9491,0x4a1364,0x1d0,0x100,0x1294337fa86d2ef1
0x4302a0,0x10f010,9462,0x42b438,0x280,0x100,0xd50138c0717a6bfb
0x430324,0x10f3d0,9492,0x531e20,0x164,0x100,0x7e2b43d5a382e87a
0x4303e0,0x10f3f0,9493,0x52e220,0x16c,0x100,0xbec6a17c1a2b1610
0x43049c,0x10f410,9494,0x5a88fc,0x350,0x100,0xe72bee2efe7d9ce
0x430558,0x10f430,9495,0x5bd5fc,0x27c,0x100,0x8117ceccec5f0205
0x430614,0x10f450,9496,0x49bc64,0x4d0,0x100,0x7c142465091d0a36
0x4306d0,0x10f470,9497,0x4c8c44,0x338,0x100,0x90ed8f8b46bcf8dd
0x43078c,0x10f490,9498,0x3b8074,0x2b8,0x100,0x731f8772cea0e91d
0x430848,0x10f4b0,9499,0x536220,0x45c,0x100,0xbd69697fb354ba42
0x430904,0x10f4d0,9500,0x494764,0x230,0x100,0x3719929dc929eca5
0x4309c0,0x10f4f0,9501,0x3ad0d0,0x2f8,0x100,0xa633ddaf2da32e6
0x430a7c,0x10f510,9502,0x53ca20,0x464,0x100,0xe25d3f33be95d6b0
0x430ab4,0x10f010,9462,0x42b438,0x280,0x100,0xd50138c0717a6bfb
0x430b38,0x10f530,9503,0x4a2864,0x394,0x100,0x89eaac2678f770ba
0x430bf4,0x10f550,9504,0x203334,0x204,0x100,0xcd1d5f4aeaa8cafa
0x430cb0,0x10f570,9505,0x6057e0,0x19c,0x100,0x7c373a36c50c77ee
0x430d6c,0x10f590,9506,0x28ebcc,0x1d4,0x100,0x2ae03a055dd415e2
0x430e28,0x10f5b0,9507,0x491164,0x290,0x100,0x2ba6fb57960f394c
0x430ee4,0x10f5d0,9508,0x426538,0x268,0x100,0xacec87dec792644
0x430f1c,0x10f010,9462,0x42b438,0x280,0x100,0xd50138c0717a6bfb
0x430fa0,0x10f5f0,9509,0x424838,0x25c,0x100,0x6c2e688555a9c549
0x43105c,0x10f610,9510,0x498464,0x380,0x100,0x83ec796f141624a7
0x431118,0x10f630,9511,0x2e4214,0x55c,0x100,0xe8bbccc864fb13b
0x4311d4,0x10f650,9512,0x535c20,0x304,0x100,0xc3af18f3024f77f0
0x43120c,0x10f010,9462,0x42b438,0x280,0x100,0xd50138c0717a6bfb
0x431290,0x10f670,9513,0x42a038,0x334,0x100,0x1b2e7a55a9b01056
0x43134c,0x10f690,9514,0x535f20,0x3a0,0x100,0xe494b4588b91627a
0x431408,0x10f6b0,9515,0x5ae1fc,0x1fc,0x100,0x3d03b0181fb79a6b
0x4314c4,0x10f6d0,9516,0x538920,0x284,0x100,0x5f0d3e70052438b0
0x431580,0x10f6f0,9517,0x4d2844,0x19c,0x100,0x72f339ae1ed8393a
0x43163c,0x10f710,9518,0x367d90,0x288,0x100,0xf91ab0f7e2d83f56
0x4316f8,0x10f730,9519,0x42bc38,0x1cc,0x100,0x589438f03ac8252
0x431730,0x10f010,9462,0x42b438,0x280,0x100,0xd50138c0717a6bfb
0x4317b4,0x10f750,9520,0x48d864,0x1c8,0x100,0xa83c386eea6a0800
0x431870,0x10f770,9521,0x4d4744,0x1e8,0x100,0x1f8e553a5a946513
0x43192c,0x10f790,9522,0x2ebc14,0x2ac,0x100,0x45eb44e79b08cb20
0x4319e8,0x10f7b0,9523,0x313b3c,0x694,0x100,0xb2e260cc21a51a97
0x431aa4,0x10f7d0,9524,0x430838,0x2a8,0x100,0x3991549cdfcab5b9
0x431adc,0x10f010,9462,0x42b438,0x280,0x100,0xd50138c0717a6bfb
0x431b60,0x10f7f0,9525,0x372690,0x344,0x100,0x133998f71753b663
0x431c1c,0x10f810,9526,0x4d8944,0x1e0,0x100,0x7da38385262ed997
0x431cd8,0x10f830,9527,0x395d54,0x268,0x100,0xe3f209284c6090fa
0x431d94,0x10f850,9528,0x31193c,0x478,0x100,0xa8c7a823d2f88244
0x431e50,0x10f870,9529,0x426f38,0x71c,0x100,0x29d0957a3728240d
0x431f0c,0x10f890,9530,0x53ee20,0x37c,0x100,0x89094528fa875748
0x431f44,0x10f010,9462,0x42b438,0x280,0x100,0xd50138c0717a6bfb
0x431fc8,0x10f8b0,9531,0x372190,0x2a8,0x100,0x14b297a32900da31
0x432084,0x10f8d0,9532,0x3a3834,0x1fc,0x100,0xa5d6af1f3dbfb0be
0x432140,0x10f8f0,9533,0x41a538,0x1a0,0x100,0xf5c345605af897ca
0x4321fc,0x10f910,9534,0x229c34,0x240,0x100,0x4665a0b1b108c78e
0x4322b8,0x10f930,9535,0x429138,0xcc,0x100,0xb6ab883cf5005bf3
0x432374,0x10f950,9536,0x53d820,0x194,0x100,0xd352dd47a5729461
0x432430,0x10f970,9537,0x25b594,0x28c,0x100,0x4b28c7fb08d752bd
0x4324ec,0x10f990,9538,0x482b64,0x334,0x100,0x8a7d5e37b5781cba
0x4325a8,0x10f9b0,9539,0x391e54,0x26c,0x100,0x7f2383d1dfe6be8e
0x432664,0x10f9d0,9540,0x5bdafc,0xe10,0x100,0xe5696a6efe37c580
0x43269c,0x10f010,9462,0x42b438,0x280,0x100,0xd50138c0717a6bfb
0x432720,0x10f9f0,9541,0x3a3634,0x1d0,0x100,0x2c9eed16ae8c4eed
0x4327dc,0x10fa10,9542,0x289ecc,0xd0,0x100,0x2a14ab7eea66efe4
0x432898,0x10fa30,9543,0x55ae4c,0x34,0x100,0xa6b450be033385c3
0x432954,0x10fa50,9544,0x539620,0x178,0x100,0xfe9e0a738987e62a
0x432a10,0x10fa70,9545,0x313e3c,0x1a8,0x100,0x6f7fe09a67972aae
0x432af8,0x10fa90,9546,0x315a3c,0xfc,0x100,0xe3eb0f3b657c95f0
0x432be0,0x10fab0,9547,0x67ec20,0x38,0x100,0xf5488972f503d37d
0x432cc8,0x10fad0,9548,0x535920,0x78,0x100,0xdee97623b3c73111
0x432d84,0x10faf0,9549,0x2efa14,0x4c4,0x100,0x28cf886039e1fa19
0x432dbc,0x10f010,9462,0x42b438,0x280,0x100,0xd50138c0717a6bfb
0x432e40,0x10fb10,9550,0x534020,0x1b0,0x100,0x548b646694062e95
0x432f28,0x10fb30,9551,0x4d2844,0xd8,0x100,0xc30e3a5f0ac1a8a2
0x432fe4,0x10fb50,9552,0x496f64,0x2ec,0x100,0xd0a5496d6fe9ba8c
0x43301c,0x10f010,9462,0x42b438,0x280,0x100,0xd50138c0717a6bfb
0x4330a0,0x10fb70,9553,0x6cc2c8,0x204,0x100,0xd155c9f1654d2b51
0x43315c,0x10fb90,9554,0x25ec94,0xe8,0x100,0x31bfbc062914a441
0x433218,0x10fbb0,9555,0x533b20,0x1d0,0x100,0xeaa3f1b5cf752649
0x433250,0x10f010,9462,0x42b438,0x280,0x100,0xd50138c0717a6bfb
0x4332d4,0x10fbd0,9556,0x417238,0x148,0x100,0xdb1c78153d00d3ad
0x433390,0x10fbf0,9557,0x2801b4,0x6c,0x100,0xea577f8808bf028d
0x43344c,0x10fc10,9558,0x531720,0x5c,0x100,0x4689edcbdfe79baa
0x433508,0x10fc30,9559,0x28e9cc,0x1dc,0x100,0x9558588dfd1329b
0x433540,0x10f010,9462,0x42b438,0x280,0x100,0xd50138c0717a6bfb
0x4335c4,0x10fc50,9560,0x423f38,0x160,0x100,0x16ed78ea394c19de
0x433680,0x10fc70,9561,0x48a364,0x14c,0x100,0x136c0ad34ffde2b
0x43373c,0x10fd10,9566,0x48bd64,0x150,0x100,0xe1119e27707e9259
0x4337f8,0x10fd90,9570,0x41d038,0x194,0x100,0xd3cb5a83d692e887
0x4338b4,0x10fdb0,9571,0x532920,0xb8,0x100,0x4c698c183d62dd73
0x433970,0x10fdf0,9573,0x368790,0x420,0x100,0xa60d64e3699130a7
0x433a2c,0x10fe30,9575,0x55944c,0xf0,0x100,0x64793e0da77cc200
0x433ae8,0x110030,9591,0x48e864,0xd8,0x100,0x17edd90b868caed2
0x433ba4,0x1100d0,9596,0x202d34,0x64,0x100,0x14eaca3340819599
0x433c74,0x1100f0,9597,0x60ede0,0x5bc,0x100,0x57796bf71e162880
0x433d30,0x110110,9598,0x371590,0x27c,0x100,0xb0924ec304edf66c
0x433db8,0x115830,10295,0x4441d0,0x20,0x0,0x2b918266632b8060
0x433df4,0x115850,10296,0x444330,0x20,0x0,0x42f0401eae93dbf2
0x433f40,0x110010,9590,0x368990,0x1b0,0x100,0x3dc4a56bd0889ec9
0x433fd8,0x115010,10230,0x43e850,0x20,0x0,0x7c92add1ff5e1c27
0x434038,0x115150,10240,0x43f610,0x20,0x0,0xf91fac63ca6be312
0x4340bc,0x115870,10297,0x444490,0x20,0x0,0xa313ffc8997d88bc
0x4342a0,0x119470,10777,0x46d910,0x20,0x0,0x2bb727c449b2a6fa
0x4343f0,0x1194b0,10779,0x46dbd0,0x20,0x0,0x7229e7095de20bc9
0x43454c,0x115890,10298,0x4445f0,0x20,0x0,0x5d1f07f4a9c037e0
0x4346dc,0x1158b0,10299,0x444750,0x20,0x0,0xbf1074caea2ca300
0x4348e0,0x1158d0,10300,0x4448b0,0x20,0x0,0xfb4f5056f92ec4a5
0x434a7c,0x1158f0,10301,0x444a10,0x20,0x0,0x2d5db61687a6a3d
0x434c6c,0x115910,10302,0x444b70,0x20,0x0,0x86df72165e93b251
0x434dfc,0x115930,10303,0x444cd0,0x20,0x0,0xff8f0956618baa81
0x435364,0x115950,10304,0x444e30,0x20,0x0,0x16edfc4163b9d0bc
0x4354d8,0x115970,10305,0x444f90,0x20,0x0,0x475181eec9722a34
0x435674,0x115990,10306,0x4450f0,0x20,0x0,0xdf9a8b2a899da89c
0x435864,0x1159b0,10307,0x445250,0x20,0x0,0x2f6b2476bfb382cc
0x43586c,0x116590,10402,0x44d510,0x20,0x0,0x1968920adb27d34c
0x435e0c,0x116590,10402,0x44d510,0x20,0x0,0x1968920adb27d34c
0x435fb8,0x116590,10402,0x44d510,0x20,0x0,0x1968920adb27d34c
0x436744,0x116590,10402,0x44d510,0x20,0x0,0x1968920adb27d34c
0x436c50,0x116590,10402,0x44d510,0x20,0x0,0x1968920adb27d34c
0x436db8,0x116590,10402,0x44d510,0x20,0x0,0x1968920adb27d34c
0x436f1c,0x116590,10402,0x44d510,0x20,0x0,0x1968920adb27d34c
0x43749c,0x116590,10402,0x44d510,0x20,0x0,0x1968920adb27d34c
0x4376ec,0x1159f0,10309,0x445510,0x20,0x0,0x6e9c500e98e070c2
0x4378a8,0x115a10,10310,0x445670,0x20,0x0,0xb12839459d3b988e
0x437c38,0x115030,10231,0x43e9b0,0x20,0x0,0xa260508f1ed0f6ec
0x437d00,0x115a30,10311,0x4457d0,0x20,0x0,0xb3d00a6b07ebe4fe
0x437fec,0x115a70,10313,0x445a90,0x20,0x0,0x38839c62b9adedcc
0x4381f0,0x115010,10230,0x43e850,0x20,0x0,0x7c92add1ff5e1c27
0x438200,0x116cd0,10460,0x4524d0,0x20,0x0,0x3812646f4034ae5d
0x438358,0x116010,10358,0x449870,0x20,0x0,0xb195d0d9fda88368
0x438478,0x115a90,10314,0x445bf0,0x20,0x0,0x18780e871fe8b9f1
0x4386b4,0x115ab0,10315,0x445d50,0x20,0x0,0xf67ccb3c9107ef80
0x4388c8,0x115ad0,10316,0x445eb0,0x20,0x0,0x662fd3fafcb7bd7a
0x438ba0,0x115b10,10318,0x446170,0x20,0x0,0x3b03f987a72938b6
0x438dd8,0x115b30,10319,0x4462d0,0x20,0x0,0x85ce42660741d83e
0x4390d8,0x115b50,10320,0x446430,0x20,0x0,0xa601a9b3c4c595b4
0x43925c,0x115b70,10321,0x446590,0x20,0x0,0xe082d0a5f41db86
0x439e24,0x115b90,10322,0x4466f0,0x20,0x0,0x1e813d3249f89d47
0x43a184,0x1159b0,10307,0x445250,0x20,0x0,0x2f6b2476bfb382cc
0x43a1a4,0x116590,10402,0x44d510,0x20,0x0,0x1968920adb27d34c
0x43b068,0x1159b0,10307,0x445250,0x20,0x0,0x2f6b2476bfb382cc
0x43b088,0x116590,10402,0x44d510,0x20,0x0,0x1968920adb27d34c
0x43b33c,0x118710,10670,0x4645d0,0x20,0x0,0x3f2bd6a6bc8bc212
0x43b4f0,0x1186d0,10668,0x464310,0x20,0x0,0xcef7e6936cefe190
0x43b58c,0x1186f0,10669,0x464470,0x20,0x0,0xe9a03db4eee73204
0x43bc5c,0x116590,10402,0x44d510,0x20,0x0,0x1968920adb27d34c
0x43c108,0x115bb0,10323,0x446850,0x20,0x0,0xc5ad13368a067f0e
0x43d4f4,0x115bd0,10324,0x4469b0,0x20,0x0,0x8c4a91248594988b
0x43eb04,0x115bf0,10325,0x446b10,0x20,0x0,0xf54e649b87066e0b
0x440120,0x115c10,10326,0x446c70,0x20,0x0,0x16353650d765ed17
0x4411f4,0x115c90,10330,0x4471f0,0x20,0x0,0xa2a33e514461f5bf
0x441484,0x115cb0,10331,0x447350,0x20,0x0,0xf2636da8f08eaad8
0x4417e4,0x115cd0,10332,0x4474b0,0x20,0x0,0x61e2e492d337f3d9
0x441ce4,0x116590,10402,0x44d510,0x20,0x0,0x1968920adb27d34c
0x4420c8,0x115cf0,10333,0x447610,0x20,0x0,0xc00c7bd573c8f543
0x4422a8,0x118710,10670,0x4645d0,0x20,0x0,0x3f2bd6a6bc8bc212
0x442478,0x1186d0,10668,0x464310,0x20,0x0,0xcef7e6936cefe190
0x442514,0x1186f0,10669,0x464470,0x20,0x0,0xe9a03db4eee73204
0x44264c,0x115d10,10334,0x447770,0x20,0x0,0x62b6c44b6915831c
0x442954,0x115d30,10335,0x4478d0,0x20,0x0,0x29be9aa516838625
0x442b38,0x115d50,10336,0x447a30,0x20,0x0,0xcb29ecae019a8f52
0x442b7c,0x1187b0,10675,0x464cb0,0x20,0x0,0x186214d3d9cf2554
0x4430f4,0x118710,10670,0x4645d0,0x20,0x0,0x3f2bd6a6bc8bc212
0x4432a0,0x1186d0,10668,0x464310,0x20,0x0,0xcef7e6936cefe190
0x4432b4,0x1186f0,10669,0x464470,0x20,0x0,0xe9a03db4eee73204
0x443434,0x116590,10402,0x44d510,0x20,0x0,0x1968920adb27d34c
0x443aa4,0x115d70,10337,0x447b90,0x20,0x0,0x91a6cf1d46160600
0x444050,0x115d90,10338,0x447cf0,0x20,0x0,0x788e29b7ebc70ebf
0x444064,0x1187b0,10675,0x464cb0,0x20,0x0,0x186214d3d9cf2554
0x4446a4,0x115030,10231,0x43e9b0,0x20,0x0,0xa260508f1ed0f6ec
0x4447f8,0x115db0,10339,0x447e50,0x20,0x0,0x6c6ac15fb5ae2170
0x445078,0x115dd0,10340,0x447fb0,0x20,0x0,0x21378f7b8b8f3fed
0x44572c,0x115df0,10341,0x448110,0x20,0x0,0x136c8ef846f02ff4
0x445b28,0x115e10,10342,0x448270,0x20,0x0,0x6c64cbfa6d51b6c7
0x445d8c,0x115e30,10343,0x4483d0,0x20,0x0,0xaa08e6ba601fd170
0x446194,0x118030,10615,0x45fa10,0x20,0x0,0x8c223361088171c8
0x44721c,0x115030,10231,0x43e9b0,0x20,0x0,0xa260508f1ed0f6ec
0x447e8c,0x115030,10231,0x43e9b0,0x20,0x0,0xa260508f1ed0f6ec
0x447f08,0x115eb0,10347,0x448950,0x20,0x0,0xe4c44ebbf233fd3b
0x448668,0x115ef0,10349,0x448c10,0x20,0x0,0x8c006af4e4a9a717
0x4488e8,0x115f70,10353,0x449190,0x20,0x0,0x121667146efc489f
0x448a7c,0x116030,10359,0x4499d0,0x20,0x0,0xe3f021e95b707820
0x448bec,0x116170,10369,0x44a790,0x20,0x0,0x98c13242379471f0
0x448d4c,0x115fd0,10356,0x4495b0,0x20,0x0,0x1452d0977eae3aea
0x448e80,0x116190,10370,0x44a8f0,0x20,0x0,0x8c39321b51a0c1af
0x449040,0x1161b0,10371,0x44aa50,0x20,0x0,0x799b14c1fd3b9ab0
0x449334,0x1161d0,10372,0x44abb0,0x20,0x0,0x636463a5b8efd6b9
0x44974c,0x116470,10393,0x44c8b0,0x20,0x0,0xf5869a29b03f3ee7
0x4498b0,0x1161f0,10373,0x44ad10,0x20,0x0,0xf8fa8f2d8c4841a8
0x449a0c,0x116210,10374,0x44ae70,0x20,0x0,0x6828fee1d9d653d7
0x449e0c,0x116230,10375,0x44afd0,0x20,0x0,0x1d95fe5bdab2dfb7
0x449f74,0x116250,10376,0x44b130,0x20,0x0,0xe828d61d20bb0a8b
0x44a298,0x116270,10377,0x44b290,0x20,0x0,0xf5f700210efcffd7
0x44a3c4,0x116290,10378,0x44b410,0x20,0x0,0xdb7d82e242488808
0x44a51c,0x1162b0,10379,0x44b570,0x20,0x0,0x27902fe1d44103a6
0x44a660,0x1162f0,10381,0x44b830,0x20,0x0,0x48c5d8f4de9fb631
0x44a804,0x116350,10384,0x44bc50,0x20,0x0,0x772eb41531a879f7
0x44aa90,0x116370,10385,0x44bdb0,0x20,0x0,0xa68f915c631fbc1f
0x44ac10,0x116390,10386,0x44bf10,0x20,0x0,0x1bd6679fcb6dca03
0x44ad30,0x1163f0,10389,0x44c330,0x20,0x0,0xfdbdd8c95169db2f
0x44add0,0x116410,10390,0x44c490,0x20,0x0,0x2be755a02285cde2
0x44af4c,0x116430,10391,0x44c5f0,0x20,0x0,0x7fdac2ad39cc5744
0x44b198,0x116450,10392,0x44c750,0x20,0x0,0x8c006af4e4a9a717
0x44b380,0x116490,10394,0x44ca10,0x20,0x0,0x679693e72a4be408
0x44b514,0x1164b0,10395,0x44cb70,0x20,0x0,0x19cb84b010e25af2
0x44b664,0x1164d0,10396,0x44ccd0,0x20,0x0,0x88537f3a9a077c7a
0x44b864,0x1164f0,10397,0x44ce30,0x20,0x0,0x539c62e3a107120c
0x44b9e8,0x116510,10398,0x44cf90,0x20,0x0,0x39c679c570af2fd
0x44bc34,0x116530,10399,0x44d0f0,0x20,0x0,0x657d225561d27ec
0x44bd60,0x116550,10400,0x44d250,0x20,0x0,0x754c40a4a77d5173
0x44c00c,0x1165b0,10403,0x44d670,0x20,0x0,0xcccb82fd10ebe8d3
0x44c248,0x1165d0,10404,0x44d7d0,0x20,0x0,0x283261d21c924b83
0x44c354,0x1165f0,10405,0x44d930,0x20,0x0,0xbbdbdf5d00c6443
0x44c490,0x116610,10406,0x44da90,0x20,0x0,0x89e7a762dee278cd
0x44c5c8,0x116630,10407,0x44dbf0,0x20,0x0,0x1960642fcade6329
0x44c730,0x116650,10408,0x44dd50,0x20,0x0,0x5ea26dc244ebc1fb
0x44c85c,0x116670,10409,0x44deb0,0x20,0x0,0x9e1415c1ece95370
0x44c954,0x116690,10410,0x44e010,0x20,0x0,0xda05351d006ccd10
0x44cb34,0x1166b0,10411,0x44e170,0x20,0x0,0x89e16514e6e36d85
0x44cc4c,0x1166d0,10412,0x44e2d0,0x20,0x0,0xfca8888a63fda218
0x44cd88,0x116710,10414,0x44e590,0x20,0x0,0x9c7c3df2c73bc9ca
0x44ce94,0x116730,10415,0x44e6f0,0x20,0x0,0x575dfa921b2d325b
0x44d030,0x116750,10416,0x44e850,0x20,0x0,0x810015bd97d18877
0x44d1e8,0x116770,10417,0x44e9b0,0x20,0x0,0xe246bd8dae47798c
0x44d4f4,0x116790,10418,0x44eb10,0x20,0x0,0x23c894f91ea9e978
0x44d634,0x1167b0,10419,0x44ec70,0x20,0x0,0x40d924392bf00468
0x44d790,0x1167d0,10420,0x44edd0,0x20,0x0,0x529a157b85963b98
0x44d880,0x116030,10359,0x4499d0,0x20,0x0,0xe3f021e95b707820
0x44d8c4,0x1167f0,10421,0x44ef30,0x20,0x0,0x36d168a91dbbb819
0x44da74,0x116810,10422,0x44f090,0x20,0x0,0x1143ec3258fc4457
0x44dbfc,0x116010,10358,0x449870,0x20,0x0,0xb195d0d9fda88368
0x44dca4,0x116830,10423,0x44f1f0,0x20,0x0,0x8c006af4e4a9a717
0x44de00,0x116850,10424,0x44f350,0x20,0x0,0x34c88271c772d38e
0x44df1c,0x116870,10425,0x44f4b0,0x20,0x0,0x4816ffb823457cd9
0x44dfbc,0x116890,10426,0x44f610,0x20,0x0,0x515594bf2cd4f57a
0x44e208,0x1168b0,10427,0x44f770,0x20,0x0,0x7ea4384c65ad5086
0x44e3d0,0x1169b0,10435,0x450270,0x20,0x0,0x22fc1ea42a6c05b2
0x44e5e8,0x1169d0,10436,0x4503d0,0x20,0x0,0xa062f5536b7a7340
0x44e708,0x1169f0,10437,0x450530,0x20,0x0,0xc692aeb48c06a5c2
0x44e838,0x116a10,10438,0x450690,0x20,0x0,0x6c7a463ce9e697a0
0x44e974,0x116a30,10439,0x4507f0,0x20,0x0,0x61ae50403cb1f5ae
0x44eaec,0x116af0,10445,0x451030,0x20,0x0,0x75a7f0091c7d4788
0x44ec9c,0x116b10,10446,0x451190,0x20,0x0,0xd270ed58e80f4616
0x44ef64,0x116b30,10447,0x4512f0,0x20,0x0,0x5119ef8aa91c8bdc
0x44f08c,0x116b50,10448,0x451450,0x20,0x0,0x990f65e98baa8a6e
0x44f1d0,0x116b70,10449,0x4515b0,0x20,0x0,0x2eabbc9129a46a19
0x44f34c,0x116b90,10450,0x451710,0x20,0x0,0x8b3dab98c38c474a
0x44f610,0x116bb0,10451,0x451870,0x20,0x0,0x4ef07a251d24b967
0x44f748,0x116bd0,10452,0x4519d0,0x20,0x0,0xb3421c33c87665d
0x44f858,0x116bf0,10453,0x451b30,0x20,0x0,0xfd9f1462f433b932
0x44f968,0x116c10,10454,0x451c90,0x20,0x0,0x4872d3ae048c7f1e
0x44fa94,0x116c30,10455,0x451df0,0x20,0x0,0xe72867d8fe77a6d
0x44fd94,0x116c90,10458,0x452210,0x20,0x0,0x1f4870eb95f8aa48
0x44ff6c,0x116cb0,10459,0x452370,0x20,0x0,0xbe414bdc0a976c38
0x4500fc,0x116cf0,10461,0x452630,0x20,0x0,0x57f48e003dfe595c
0x4502e8,0x116d10,10462,0x452790,0x20,0x0,0xa2da648778c30daf
0x450628,0x116d30,10463,0x4528f0,0x20,0x0,0xf032756bddf2c4c6
0x450808,0x116d50,10464,0x452a50,0x20,0x0,0x9be0229cc78d42c7
0x4508f4,0x116010,10358,0x449870,0x20,0x0,0xb195d0d9fda88368
0x4509b8,0x116d70,10465,0x452bb0,0x20,0x0,0x6748729f73ebbd5a
0x450abc,0x116d90,10466,0x452d10,0x20,0x0,0x64d00fe8cd78d11
0x450bdc,0x116db0,10467,0x452e70,0x20,0x0,0x5950e1ad85bd0143
0x450df0,0x116dd0,10468,0x452fd0,0x20,0x0,0xb0fa8f2d8db52c6d
0x450f18,0x116df0,10469,0x453130,0x20,0x0,0x6ff998bee4421c0e
0x451110,0x116e10,10470,0x453290,0x20,0x0,0xfc9d2bd0074ab8af
0x4515b8,0x116e30,10471,0x4533f0,0x20,0x0,0xae715e59c1122cf
0x4517d0,0x116e50,10472,0x453550,0x20,0x0,0xdf7dd58e942537c6
0x451ce4,0x116e70,10473,0x4536b0,0x20,0x0,0x3079f65c4664712e
0x452050,0x116e90,10474,0x453810,0x20,0x0,0x38721ef25be3a695
0x452184,0x116eb0,10475,0x453970,0x20,0x0,0x4e13e3466d73f3ae
0x4522f8,0x116ed0,10476,0x453ad0,0x20,0x0,0x7b38be072da0fae7
0x4524c0,0x116ef0,10477,0x453c30,0x20,0x0,0x51acda8cd5d58720
0x45265c,0x116010,10358,0x449870,0x20,0x0,0xb195d0d9fda88368
0x452704,0x116f10,10478,0x453d90,0x20,0x0,0x74b7fce73e99e5a
0x452870,0x116f30,10479,0x453ef0,0x20,0x0,0x305421b64c6b5e37
0x45297c,0x116f50,10480,0x454050,0x20,0x0,0xb1f41e2327978d4f
0x452ac8,0x116f70,10481,0x4541b0,0x20,0x0,0x772eb41531a879f7
0x452cb0,0x116f90,10482,0x454310,0x20,0x0,0x688555a6db0e0d22
0x453098,0x1170f0,10493,0x455230,0x20,0x0,0x9707b84075515a27
0x453204,0x117170,10497,0x4557b0,0x20,0x0,0x84c407b621184206
0x4535a8,0x1171b0,10499,0x455a70,0x20,0x0,0x34cfe59a05bda2bd
0x453b60,0x117050,10488,0x454b50,0x20,0x0,0x3b7a5f4f1562e186
0x453d0c,0x1172b0,10507,0x456570,0x20,0x0,0xd7afb423fc3fd0c2
0x453e74,0x1172d0,10508,0x4566d0,0x20,0x0,0xa74b58545f651938
0x454194,0x1172f0,10509,0x456850,0x20,0x0,0x3d2a37c3553d7a51
0x454468,0x117310,10510,0x4569b0,0x20,0x0,0xe937ac6beb2e92a2
0x4545a8,0x117330,10511,0x456b10,0x20,0x0,0xddd9d97198490753
0x4546ac,0x117350,10512,0x456c70,0x20,0x0,0x7fbcdab6025f6b6e
0x4547d8,0x117370,10513,0x456dd0,0x20,0x0,0x2774fd7ee38017d0
0x454954,0x117390,10514,0x456f30,0x20,0x0,0x70dfafce55daab1b
0x4549f4,0x1173b0,10515,0x457090,0x20,0x0,0x808700235318d23e
0x454c44,0x1173d0,10516,0x4571f0,0x20,0x0,0x4a3a6d54deb91dab
0x454eb8,0x117410,10518,0x4574b0,0x20,0x0,0xc0e6e4e5bf225657
0x45503c,0x117430,10519,0x457610,0x20,0x0,0x2cf641c798964a76
0x4555cc,0x1174b0,10523,0x457b90,0x20,0x0,0x774c3e20ed3ac07c
0x4557e8,0x1174d0,10524,0x457cf0,0x20,0x0,0xfde2ffc8e02e03a
0x455b20,0x1174f0,10525,0x457e50,0x20,0x0,0x4a8a06b36117c38b
0x455cc4,0x117510,10526,0x457fb0,0x20,0x0,0xc75650da7fdc5925
0x455e30,0x117530,10527,0x458110,0x20,0x0,0x92bbef429da6f2e2
0x455fc0,0x117550,10528,0x458270,0x20,0x0,0xfe76c20583a79d10
0x456114,0x117570,10529,0x4583d0,0x20,0x0,0x6dd68ad47513d6e9
0x456348,0x117590,10530,0x458530,0x20,0x0,0x9f999ab6816d7738
0x456538,0x117610,10534,0x458ab0,0x20,0x0,0x2a2b2ea20787a4d0
0x456674,0x117630,10535,0x458c10,0x20,0x0,0xb8f11613ed04f593
0x456890,0x117650,10536,0x458d70,0x20,0x0,0x1ff7e81b54ead66f
0x456a5c,0x117670,10537,0x458ed0,0x20,0x0,0xab4b50b39ccc2693
0x456d3c,0x117690,10538,0x459030,0x20,0x0,0x58ebc8a15d8472d7
0x456eb0,0x117730,10543,0x459710,0x20,0x0,0x9f46215c57382e04
0x4572b4,0x117750,10544,0x459870,0x20,0x0,0x8532d61a4b7e9cbe
0x457654,0x117770,10545,0x4599d0,0x20,0x0,0x775638421c9645ad
0x457748,0x117050,10488,0x454b50,0x20,0x0,0x3b7a5f4f1562e186
0x457a90,0x117790,10546,0x459b30,0x20,0x0,0x640e8211d58ebcc
0x457dcc,0x1177b0,10547,0x459c90,0x20,0x0,0x8c006af4e4a9a717
0x457eb4,0x117050,10488,0x454b50,0x20,0x0,0x3b7a5f4f1562e186
0x457f14,0x1177d0,10548,0x459df0,0x20,0x0,0x7577480addc59ad3
0x4580e0,0x1177f0,10549,0x459f50,0x20,0x0,0x15f538331859d6ff
0x458318,0x117810,10550,0x45a0b0,0x20,0x0,0x15522b13bbd6224f
0x458490,0x117830,10551,0x45a210,0x20,0x0,0x622b428b93210478
0x458630,0x117850,10552,0x45a370,0x20,0x0,0x43515ea4a410cac8
0x4587ec,0x117870,10553,0x45a4d0,0x20,0x0,0x2b1e3b636111a040
0x45897c,0x117050,10488,0x454b50,0x20,0x0,0x3b7a5f4f1562e186
0x458a30,0x117890,10554,0x45a630,0x20,0x0,0x40a4cef6a49de57c
0x458c70,0x1178b0,10555,0x45a790,0x20,0x0,0x9e4c5bd2d7e70a8d
0x459028,0x1178d0,10556,0x45a8f0,0x20,0x0,0xf7989a01403f974
0x4593d8,0x1178f0,10557,0x45aa50,0x20,0x0,0xfb5337298e030e31
0x459870,0x117910,10558,0x45abb0,0x20,0x0,0x7d1a039c5004c0a1
0x4599b8,0x117930,10559,0x45ad10,0x20,0x0,0xb4008edbcb8abfd4
0x459c70,0x117950,10560,0x45ae70,0x20,0x0,0x14d31de705b976fb
0x459e28,0x117970,10561,0x45afd0,0x20,0x0,0xb9bded58b51a21f5
0x45a068,0x117990,10562,0x45b130,0x20,0x0,0x8510000a2db4ad3e
0x45a200,0x1179b0,10563,0x45b290,0x20,0x0,0xb859d3100fb88c48
0x45a318,0x1179d0,10564,0x45b3f0,0x20,0x0,0xd6966069ddafa830
0x45a428,0x1179f0,10565,0x45b550,0x20,0x0,0xcdb655bc2acb2bb0
0x45a4c8,0x117a10,10566,0x45b6b0,0x20,0x0,0x62939839450fbbce
0x45a68c,0x117a30,10567,0x45b810,0x20,0x0,0xfc9b3b458853c95f
0x45a860,0x117a50,10568,0x45b970,0x20,0x0,0x5d31234e32da3736
0x45ac04,0x117a70,10569,0x45bad0,0x20,0x0,0x318ec4e106fedebd
0x45b1d4,0x117030,10487,0x4549f0,0x20,0x0,0xcef69eefc5fd0cc3
0x45b30c,0x117a90,10570,0x45bc30,0x20,0x0,0x2b1e3b636111a040
0x45b450,0x117ab0,10571,0x45bd90,0x20,0x0,0xd985d5fb9b964ab7
0x45b738,0x117ad0,10572,0x45bef0,0x20,0x0,0x321760f72e791c26
0x45b880,0x117af0,10573,0x45c050,0x20,0x0,0x2699ada4e205b45f
0x45b98c,0x117030,10487,0x4549f0,0x20,0x0,0xcef69eefc5fd0cc3
0x45ba04,0x117b10,10574,0x45c1b0,0x20,0x0,0xd5468c3ead2f7303
0x45bb88,0x117b30,10575,0x45c310,0x20,0x0,0xda2e5e4881d11384
0x45bc28,0x117b50,10576,0x45c470,0x20,0x0,0x8f6312b5b2ba1589
0x45be80,0x117b90,10578,0x45c730,0x20,0x0,0x38c301804b829c88
0x45c10c,0x117bb0,10579,0x45c890,0x20,0x0,0x8e6acbdbd7986179
0x45c500,0x117bd0,10580,0x45c9f0,0x20,0x0,0xdb37c4350775477d
0x45c910,0x117bf0,10581,0x45cb50,0x20,0x0,0x24c1a2e3947572fe
0x45cdc8,0x117c10,10582,0x45ccb0,0x20,0x0,0xf39cee5217ded37c
0x45cefc,0x117c30,10583,0x45ce10,0x20,0x0,0xe8a9e402c5d22ec4
0x45d2ac,0x117c50,10584,0x45cf70,0x20,0x0,0x3f2acf81bad0a0c2
0x45d4d8,0x117c70,10585,0x45d0d0,0x20,0x0,0x3fc0dc036cef69b8
0x45d6dc,0x117c90,10586,0x45d230,0x20,0x0,0x6930ce79b025232e
0x45dd30,0x117cb0,10587,0x45d390,0x20,0x0,0x77da95f4b58841f8
0x45dddc,0x117cf0,10589,0x45d650,0x20,0x0,0x3105a36da14d5e2e
0x45e078,0x117cd0,10588,0x45d4f0,0x20,0x0,0x810015bd97d18877
0x45e350,0x117f30,10607,0x45ef10,0x20,0x0,0x8c8b898432e0e224
0x45e5c4,0x117f70,10609,0x45f1d0,0x20,0x0,0xe0b878dc51c27896
0x45e758,0x117cf0,10589,0x45d650,0x20,0x0,0x3105a36da14d5e2e
0x45e958,0x117fb0,10611,0x45f490,0x20,0x0,0x506f3c7d2706c351
0x45eb68,0x117fd0,10612,0x45f5f0,0x20,0x0,0x18592e4e0cffd8db
0x45ec14,0x117cf0,10589,0x45d650,0x20,0x0,0x3105a36da14d5e2e
0x45f014,0x117cf0,10589,0x45d650,0x20,0x0,0x3105a36da14d5e2e
0x45f2e8,0x117ff0,10613,0x45f750,0x20,0x0,0x8dff62819e81da9d
0x45f394,0x117cf0,10589,0x45d650,0x20,0x0,0x3105a36da14d5e2e
0x45f6c4,0x1182f0,10637,0x461850,0x20,0x0,0xd74d6ed0cb4e45d1
0x45f95c,0x1185b0,10659,0x4636b0,0x20,0x0,0x1cbcd45fa14c44b0
0x45fb1c,0x1185d0,10660,0x463810,0x20,0x0,0x64fda4c44e503578
0x45fde8,0x1185f0,10661,0x463970,0x20,0x0,0xef8ccc32860f7177
0x45fef8,0x118610,10662,0x463ad0,0x20,0x0,0x102c1ad514ad037
0x46001c,0x118670,10665,0x463ef0,0x20,0x0,0x92c1472de3e79a4e
0x460134,0x118690,10666,0x464050,0x20,0x0,0xd3a311e14b323ab
0x460268,0x118730,10671,0x464730,0x20,0x0,0x97b61b80fffb6984
0x4603b8,0x118010,10614,0x45f8b0,0x20,0x0,0x7cab4f8bdf568004
0x46041c,0x118750,10672,0x464890,0x20,0x0,0x66cb0026111cac70
0x46062c,0x118770,10673,0x4649f0,0x20,0x0,0xf22ada599a73fb04
0x460814,0x118790,10674,0x464b50,0x20,0x0,0xf5c3479b296e3b8d
0x460a3c,0x1187d0,10676,0x464e10,0x20,0x0,0xe92e2baa7d97b5e8
0x460bac,0x1187f0,10677,0x464f70,0x20,0x0,0x35fb6327de11ad13
0x460de8,0x118810,10678,0x4650d0,0x20,0x0,0xe96f3c8a3862f1ef
0x4613f8,0x118830,10679,0x465230,0x20,0x0,0x9db657f826cd9225
0x461b3c,0x118890,10682,0x465650,0x20,0x0,0x17fe9389c2ddea7c
0x461f8c,0x118990,10690,0x466150,0x20,0x0,0x97da6dcce755063b
0x4620e4,0x118af0,10701,0x467070,0x20,0x0,0x4a89d8709e58a646
0x46224c,0x118bb0,10707,0x4678b0,0x20,0x0,0x4077e97908ccf5ac
0x4623c8,0x118010,10614,0x45f8b0,0x20,0x0,0x7cab4f8bdf568004
0x462748,0x118dd0,10724,0x469010,0x20,0x0,0xf207e5900f5df9b
0x462838,0x1190b0,10747,0x46afb0,0x20,0x0,0xa67fbf478c624693
0x4629b4,0x1191f0,10757,0x46bd70,0x20,0x0,0x83cb1f6c2dd040ab
0x462b0c,0x119390,10770,0x46cf50,0x20,0x0,0xfbd5177b87800c1
0x462d04,0x1193f0,10773,0x46d390,0x20,0x0,0xd51c87d7327c66aa
0x463040,0x119410,10774,0x46d4f0,0x20,0x0,0x2a5a0c29c7980d94
0x4631f0,0x116150,10368,0x44a630,0x20,0x0,0xb81a0cb30a69661
0x4633b4,0x119430,10775,0x46d650,0x20,0x0,0xdee7327c413be77c
0x4634e0,0x119450,10776,0x46d7b0,0x20,0x0,0x5b447113f46ba24a
0x463604,0x119490,10778,0x46da70,0x20,0x0,0x74af4006a481126b
0x463734,0x1194d0,10780,0x46dd30,0x20,0x0,0xf2aa652cb5419989
0x46385c,0x1194f0,10781,0x46de90,0x20,0x0,0x29b7796bf69d760e
0x463a94,0x119510,10782,0x46dff0,0x20,0x0,0xd940d52ab9ef619a
0x463e4c,0x119530,10783,0x46e150,0x20,0x0,0xde2737490761f667
0x464010,0x119550,10784,0x46e2b0,0x20,0x0,0xd31980c7987b6b0c
0x46432c,0x119570,10785,0x46e410,0x20,0x0,0x4da4b4aa353d7fe2
0x464498,0x116150,10368,0x44a630,0x20,0x0,0xb81a0cb30a69661
0x464630,0x119590,10786,0x46e570,0x20,0x0,0xf8b532e1fd1091de
0x464864,0x1196d0,10796,0x46f330,0x20,0x0,0x76f459a00b2a04c1
0x4649d8,0x1196f0,10797,0x46f490,0x20,0x0,0x766cc3470e5c8c9d
0x465048,0x119730,10799,0x46f750,0x20,0x0,0xda8a55fb5fe966f0
0x465340,0x119750,10800,0x46f8b0,0x20,0x0,0x3d4ae41c2e5fb76c
0x46578c,0x119790,10802,0x46fb70,0x20,0x0,0x89167ddcbf448efe
0x465b60,0x1197b0,10803,0x46fcd0,0x20,0x0,0xa05d272b1644da15
0x465c50,0x1197d0,10804,0x46fe30,0x20,0x0,0xb86778069d6825de
0x466164,0x1197f0,10805,0x46ff90,0x20,0x0,0x8878b595269a7bce
0x46623c,0x119810,10806,0x4700f0,0x20,0x0,0x96b453fa27cd4789
0x466314,0x119830,10807,0x470250,0x20,0x0,0xb47d9ba3a756ef95
0x4663f4,0x119850,10808,0x4703b0,0x20,0x0,0xe5ec1d7252791db5
0x4664f4,0x119870,10809,0x470510,0x20,0x0,0xd1c71f6007899423
0x466768,0x119010,10742,0x46a8d0,0x20,0x0,0xced81c3512c8df66
0x4668c4,0x119890,10810,0x470670,0x20,0x0,0x708b2f05848fb0f5
0x4669bc,0x1198d0,10812,0x470930,0x20,0x0,0xd96f4955c8990d41
0x466f28,0x1198f0,10813,0x470a90,0x20,0x0,0xd792331050b3cb46
0x467c08,0x119910,10814,0x470bf0,0x20,0x0,0x3b725cca95c4c78a
0x467fe8,0x119930,10815,0x470d50,0x20,0x0,0x91991166ac38d1f5
0x468108,0x119950,10816,0x470eb0,0x20,0x0,0x7844ca15488ee376
0x4683d4,0x119970,10817,0x471010,0x20,0x0,0x9cf271cb950c7fd1
0x4687b0,0x119990,10818,0x471170,0x20,0x0,0xbf5dcd6a83ea594e
0x468a30,0x1199b0,10819,0x4712d0,0x20,0x0,0x3b3f12551f9d60e0
0x468d94,0x1199d0,10820,0x471430,0x20,0x0,0x4a735afc85d5551b
0x469164,0x1199f0,10821,0x471590,0x20,0x0,0x8b7c96277d3957f3
0x4693a0,0x119a10,10822,0x4716f0,0x20,0x0,0x694b6b7e4cdd627b
0x469750,0x119a30,10823,0x471850,0x20,0x0,0xdfb221e2dadc190b
0x469930,0x119a50,10824,0x4719b0,0x20,0x0,0xde825ce818c4eee5
0x469c24,0x119a70,10825,0x471b10,0x20,0x0,0x7b9997907c461e3f
0x469e3c,0x119a90,10826,0x471c70,0x20,0x0,0xfc018e1192cb8156
0x469fdc,0x119ab0,10827,0x471dd0,0x20,0x0,0xcdd36e3bf23bd2b8
0x46a328,0x119ad0,10828,0x471f30,0x20,0x0,0xeee24ec5c81d50c3
0x46a518,0x119af0,10829,0x472090,0x20,0x0,0x59caaebab6c87fcf
0x46a6ec,0x119b10,10830,0x4721f0,0x20,0x0,0x1ab67c95875a0e3a
0x46a8d8,0x119b30,10831,0x472350,0x20,0x0,0xb2e9ab4307a5ebc9
0x46ab40,0x119b50,10832,0x4724b0,0x20,0x0,0xe0b447b8002e855a
0x46ad7c,0x119b70,10833,0x472610,0x20,0x0,0xf18c459380ca01ff
0x46b0a8,0x119b90,10834,0x472770,0x20,0x0,0xe4d4b3660cd8720c
0x46b450,0x119bb0,10835,0x4728d0,0x20,0x0,0x67cb4673ef6b0ab2
0x46b684,0x119bd0,10836,0x472a30,0x20,0x0,0x9cddf9f068452ea6
0x46ba80,0x119bf0,10837,0x472b90,0x20,0x0,0x7cc5e1f360bc41a1
0x46bcf4,0x119c10,10838,0x472cf0,0x20,0x0,0xd97eb79c7760327e
0x46bfdc,0x119c30,10839,0x472e50,0x20,0x0,0xe453e3df1df13f89
0x46c24c,0x119010,10742,0x46a8d0,0x20,0x0,0xced81c3512c8df66
0x46c3b0,0x119c50,10840,0x472fb0,0x20,0x0,0xcb9e5019a384a5d
0x46c63c,0x119c70,10841,0x473110,0x20,0x0,0xbe40ec80712aa3ed
0x46c824,0x119c90,10842,0x473270,0x20,0x0,0xf138abbbc7c9bed6
0x46cacc,0x119cb0,10843,0x4733d0,0x20,0x0,0xd5d1ee148a7a224d
0x46ccd4,0x119cd0,10844,0x473530,0x20,0x0,0x5e70d07a9baeddc6
0x46ce64,0x119cf0,10845,0x473690,0x20,0x0,0xfc7deec83348a8f0
0x46d074,0x118010,10614,0x45f8b0,0x20,0x0,0x7cab4f8bdf568004
0x46d3a4,0x119d10,10846,0x4737f0,0x20,0x0,0x2f823ba3b687c263
0x46d5f8,0x119d30,10847,0x473950,0x20,0x0,0x4afc0f1a885d7b2a
0x46d7f4,0x119d50,10848,0x473ab0,0x20,0x0,0x926dc69fe7966ac
0x46da2c,0x119d70,10849,0x473c10,0x20,0x0,0x810015bd97d18877
0x46dba0,0x119d90,10850,0x473d70,0x20,0x0,0x354d31d5235ebaf4
0x46dde8,0x119db0,10851,0x473ed0,0x20,0x0,0x19c4995ca809cea6
0x46df74,0x119dd0,10852,0x474030,0x20,0x0,0x80d779dc24332e44
0x46e430,0x119df0,10853,0x474190,0x20,0x0,0x644fa81dd5629b3b
0x46e678,0x119e10,10854,0x4742f0,0x20,0x0,0x9d42d3bbf21a1d98
0x46eb0c,0x119e30,10855,0x474450,0x20,0x0,0xffe2355049337723
0x46ee00,0x119e50,10856,0x4745b0,0x20,0x0,0xc0224aca4ae9362c
0x46efcc,0x119e70,10857,0x474710,0x20,0x0,0x619d083ff47b89d6
0x46f22c,0x119e90,10858,0x474870,0x20,0x0,0xa465fe8749b2c9e1
0x46f534,0x119eb0,10859,0x4749d0,0x20,0x0,0x2cb8bd37d43dffc5
0x46f644,0x119030,10743,0x46aa30,0x20,0x0,0xa095b6069f8358f2
0x46f7b8,0x119ed0,10860,0x474b30,0x20,0x0,0x51e4d0abc6d6984a
0x46f938,0x119ef0,10861,0x474c90,0x20,0x0,0xb96c0fdae0a571ad
0x46fbf4,0x119f10,10862,0x474df0,0x20,0x0,0x85d16cfa80f95d36
0x46fe0c,0x119f30,10863,0x474f50,0x20,0x0,0xa6292813a88f01db
0x470424,0x119f50,10864,0x4750b0,0x20,0x0,0xc3e24e4011685fe6
0x470784,0x119f70,10865,0x475210,0x20,0x0,0xacb27fdb42502a2
0x470a74,0x119f90,10866,0x475370,0x20,0x0,0xaf1f58964f0c32e1
0x470c8c,0x119fb0,10867,0x4754d0,0x20,0x0,0x2064ef5c37fdb1b2
0x470f0c,0x119fd0,10868,0x475630,0x20,0x0,0x19cb06f210e2ea72
0x4710f8,0x119ff0,10869,0x475790,0x20,0x0,0x898efa1fda34e51f
0x47138c,0x119010,10742,0x46a8d0,0x20,0x0,0xced81c3512c8df66
0x471580,0x11a010,10870,0x4758f0,0x20,0x0,0xb517d0c34b7be92a
0x471c88,0x11a030,10871,0x475a50,0x20,0x0,0x49344ca7219a9bb1
0x471f94,0x11a050,10872,0x475bb0,0x20,0x0,0x7e0b2b22521bc422
0x4722dc,0x11a070,10873,0x475d10,0x20,0x0,0x7341ce9b4245e368
0x47253c,0x11a090,10874,0x475e70,0x20,0x0,0xb7db73e3bd810c54
0x4727dc,0x11a0b0,10875,0x475fd0,0x20,0x0,0x5a7c59b8be0ea5e8
0x472a30,0x11a0d0,10876,0x476130,0x20,0x0,0x62f4f9d1bf8d12e4
0x472cc0,0x11a0f0,10877,0x476290,0x20,0x0,0x8df4329018abbaf8
0x472ed4,0x11a110,10878,0x4763f0,0x20,0x0,0x6ff998bee4421c0e
0x473068,0x11a130,10879,0x476550,0x20,0x0,0xced3e3d5dbb644a4
0x47316c,0x11a150,10880,0x4766b0,0x20,0x0,0x452f502de99a6fa4
0x4736a4,0x11a170,10881,0x476810,0x20,0x0,0xbe17f207a426b416
0x473bf8,0x11a190,10882,0x476970,0x20,0x0,0xa7cfdb05bde9226
0x473e90,0x11a1b0,10883,0x476ad0,0x20,0x0,0x66856fdd839e6572
0x4743b8,0x11a1d0,10884,0x476c30,0x20,0x0,0xcccb053f10ecaeb3
0x474924,0x11a030,10871,0x475a50,0x20,0x0,0x49344ca7219a9bb1
0x4749b8,0x11a1f0,10885,0x476d90,0x20,0x0,0x13e55a41757760da
0x474acc,0x11a210,10886,0x476ef0,0x20,0x0,0x8ce6956ac7f2bb60
0x474c70,0x11a230,10887,0x477050,0x20,0x0,0x5aa33ea12fd1c99d
0x475004,0x11a250,10888,0x4771b0,0x20,0x0,0xb1b584e73db3c56c
0x475150,0x11a270,10889,0x477310,0x20,0x0,0x92c1472de3e79a4e
0x47530c,0x11a290,10890,0x477470,0x20,0x0,0xa348d157b24f6d6b
0x475524,0x11a2b0,10891,0x4775d0,0x20,0x0,0x439b3446c6f10577
0x4755f4,0x11a2d0,10892,0x477730,0x20,0x0,0xbf78adfae8233139
0x4756ec,0x11a030,10871,0x475a50,0x20,0x0,0x49344ca7219a9bb1
0x475720,0x11a2f0,10893,0x477890,0x20,0x0,0x615640174f98b013
0x4758f8,0x11a310,10894,0x4779f0,0x20,0x0,0xb966fb88e85ce366
0x475d10,0x11a330,10895,0x477b50,0x20,0x0,0x43c0deff855d3d96
0x475f08,0x11a350,10896,0x477cb0,0x20,0x0,0x884c0816b398c42a
0x47609c,0x11a370,10897,0x477e10,0x20,0x0,0x939772b7f1a4e656
0x47622c,0x11a390,10898,0x477f70,0x20,0x0,0x6ff998bee4421c0e
0x47635c,0x11a3b0,10899,0x4780d0,0x20,0x0,0xaac03cf4b35ec3df
0x4764ac,0x11a3d0,10900,0x478230,0x20,0x0,0xffcef5af55827aa9
0x476658,0x11a3f0,10901,0x4783b0,0x20,0x0,0x5ea336729a25ebe3
0x476798,0x11a410,10902,0x478510,0x20,0x0,0xb69ba95cbc3d7ce0
0x476908,0x11a430,10903,0x478670,0x20,0x0,0x57c5c0b346601e85
0x476bec,0x11a450,10904,0x4787d0,0x20,0x0,0xaeec254ec8b8a369
0x476f4c,0x11a470,10905,0x478930,0x20,0x0,0x9cd661713da7b5b6
0x4770d4,0x11a490,10906,0x478a90,0x20,0x0,0x6404f4de60b70622
0x477278,0x11a4b0,10907,0x478bf0,0x20,0x0,0x22ed9fde25a06290
0x4774c0,0x11a4d0,10908,0x478d50,0x20,0x0,0xe76886bb52ec11e0
0x477658,0x11a4f0,10909,0x478eb0,0x20,0x0,0x49223f5d79d82b7c
0x477a88,0x11a510,10910,0x479010,0x20,0x0,0x631f7a70bb0e2e3e
0x477c2c,0x11a530,10911,0x479170,0x20,0x0,0xdedb7799ef24e7eb
0x477d8c,0x11a550,10912,0x4792d0,0x20,0x0,0xb095fca397a60d47
0x477edc,0x11a570,10913,0x479430,0x20,0x0,0xd922c2066ef7c78e
0x477ffc,0x11a590,10914,0x479590,0x20,0x0,0xd17e84a97e1ef408
0x478198,0x11a5b0,10915,0x4796f0,0x20,0x0,0x7ff7b44391ef7364
0x4784a4,0x11a5d0,10916,0x479850,0x20,0x0,0x318fa512588b17f0
0x478794,0x11a5f0,10917,0x4799b0,0x20,0x0,0x91f8c4141cc75731
0x478b64,0x11a610,10918,0x479b10,0x20,0x0,0xedd25507af296d56
0x478eb8,0x11a630,10919,0x479c70,0x20,0x0,0x27341927a2da9b04
0x479098,0x11a650,10920,0x479dd0,0x20,0x0,0x621eadd81d3ec351
0x4791f8,0x11a670,10921,0x479f30,0x20,0x0,0xdee7c5e6e04e1e32
0x47943c,0x11a690,10922,0x47a090,0x20,0x0,0xac2b491705893d46
0x4795b8,0x11a010,10870,0x4758f0,0x20,0x0,0xb517d0c34b7be92a
0x47960c,0x11a6f0,10925,0x47a4b0,0x20,0x0,0xe475606c60f9e54e
0x4799e4,0x11a710,10926,0x47a610,0x20,0x0,0x68205dc06f22ba63
0x479f84,0x11a030,10871,0x475a50,0x20,0x0,0x49344ca7219a9bb1
0x47a210,0x11a770,10929,0x47aa30,0x20,0x0,0x51c855cde60d8284
0x47a4c0,0x11a790,10930,0x47ab90,0x20,0x0,0xd168eedbe9495f65
0x47a664,0x11a7b0,10931,0x47acf0,0x20,0x0,0xa17a46e117725f9b
0x47a764,0x11a7d0,10932,0x47ae50,0x20,0x0,0x4d37dff3b2b94de7
0x47a8b4,0x11a7f0,10933,0x47afb0,0x20,0x0,0x36aa2c5e0e5884fe
0x47ab08,0x11a810,10934,0x47b110,0x20,0x0,0x8e65077fd15c7601
0x47aca4,0x11a830,10935,0x47b270,0x20,0x0,0xad02bcf000975aec
0x47ade4,0x11a010,10870,0x4758f0,0x20,0x0,0xb517d0c34b7be92a
0x47ae34,0x11a850,10936,0x47b3d0,0x20,0x0,0xbb8c9d5f31feaa9b
0x47afa0,0x11a870,10937,0x47b530,0x20,0x0,0x410ba406f8a74eda
0x47b088,0x11a870,10937,0x47b530,0x20,0x0,0x410ba406f8a74eda
0x47b1bc,0x11a890,10938,0x47b690,0x20,0x0,0xd435b8a98dc82dbf
0x47b350,0x11a8b0,10939,0x47b7f0,0x20,0x0,0xccf520275afa281e
0x47b3b4,0x11a8d0,10940,0x47b950,0x20,0x0,0x879a87e5f37f42c0
0x47b4e8,0x11a8f0,10941,0x47bab0,0x20,0x0,0x2723dfe2d16863aa
0x47b604,0x116030,10359,0x4499d0,0x20,0x0,0xe3f021e95b707820
0x47b7d0,0x11a910,10942,0x47bc10,0x20,0x0,0x6ff998bee4421c0e
0x47b9c0,0x116170,10369,0x44a790,0x20,0x0,0x98c13242379471f0
0x47bb90,0x11a930,10943,0x47bd70,0x20,0x0,0xa1a2e4c375df0fad
0x47bd78,0x11a950,10944,0x47bed0,0x20,0x0,0x1e8ee5a1de836165
0x47be70,0x116190,10370,0x44a8f0,0x20,0x0,0x8c39321b51a0c1af
0x47c0b4,0x11a970,10945,0x47c030,0x20,0x0,0xac2acc21aec3a26b
0x47c284,0x11a990,10946,0x47c190,0x20,0x0,0x527cf96b9d32ebd9
0x47c3ac,0x11a010,10870,0x4758f0,0x20,0x0,0xb517d0c34b7be92a
0x47c3fc,0x11aa30,10951,0x47c870,0x20,0x0,0xd1338b56b6b52f92
0x47c5c0,0x11aa50,10952,0x47c9d0,0x20,0x0,0x26325c1d89895de1
0x47c770,0x11aa70,10953,0x47cb30,0x20,0x0,0x766bc6af77ce4ebe
0x47c91c,0x11aa90,10954,0x47cc90,0x20,0x0,0x4e3667c603274f7d
0x47caec,0x11aab0,10955,0x47cdf0,0x20,0x0,0x4e88652db9f3a6d9
0x47ccac,0x11aad0,10956,0x47cf50,0x20,0x0,0xad9c3b2128dbb7b
0x47ce0c,0x11aaf0,10957,0x47d0b0,0x20,0x0,0xe70c7a5d0d96c069
0x47d0c0,0x11ab30,10959,0x47d370,0x20,0x0,0x8a71efad4cb7164c
0x47d21c,0x11ab70,10961,0x47d630,0x20,0x0,0x285e024115c3d82f
0x47d35c,0x11abb0,10963,0x47d8f0,0x20,0x0,0x63d9549b27201ecf
0x47d4bc,0x11abd0,10964,0x47da50,0x20,0x0,0x3ac1a10fb5ed8780
0x47d728,0x11abf0,10965,0x47dbb0,0x20,0x0,0x8bdecd11c465e9ae
0x47d8b8,0x11ac10,10966,0x47dd10,0x20,0x0,0xd1f1b4cd9b568aad
0x47e71c,0x11ac30,10967,0x47de70,0x20,0x0,0x2b725beb5707dfe1
0x47e858,0x11ac50,10968,0x47dfd0,0x20,0x0,0x7ed9d48c90b86f8
0x47ea08,0x11ac70,10969,0x4c7044,0x1404,0x100,0x81c0f82cde9d6d72
0x47eac4,0x11ac90,10970,0x494e64,0x4b4,0x100,0x8c81a72f50234f13
0x47eb80,0x11acb0,10971,0x539820,0x17c,0x100,0x11e98c1116c77b11
0x47ec80,0x11acf0,10973,0x2e5714,0x5a0,0x100,0x17932113282aeb92
0x47ed3c,0x11ad10,10974,0x53aa20,0xe0,0x100,0x5971ae02ba7aac59
0x47edf8,0x11ad30,10975,0x52be20,0xc8,0x100,0xe3fa415fffa2d12
0x47ee30,0x11a010,10870,0x4758f0,0x20,0x0,0xb517d0c34b7be92a
0x47eee8,0x11ad50,10976,0x290fcc,0x218c,0x100,0x384e7a8682851d30
0x47efa4,0x11ad70,10977,0x36dd90,0x3dc,0x100,0xcf6785a6da0ee868
0x47f060,0x11ad90,10978,0x2f2b14,0x2cc,0x100,0xaa6e228179ea8e38
0x47f098,0x11a010,10870,0x4758f0,0x20,0x0,0xb517d0c34b7be92a
0x47f148,0x11adb0,10979,0x235308,0x1c,0x100,0x52be4015b7d2b5e0
0x47f180,0x11a010,10870,0x4758f0,0x20,0x0,0xb517d0c34b7be92a
0x47f230,0x11add0,10980,0x5abbfc,0x20,0x100,0xb7100813a9762f19
0x47f324,0x11adf0,10981,0x228034,0x34,0x100,0x9715f029c193f4e6
0x47f40c,0x11ae10,10982,0x6147e0,0x34,0x100,0xe9b7bb4a2c883282
0x47f4c8,0x11ae30,10983,0x5b39fc,0x910,0x100,0xaabe6859f5124d8d
0x47f584,0x11ae50,10984,0x4d1344,0x178,0x100,0xefe5736c87a6e4dc
0x47f640,0x11ae70,10985,0x5bd0fc,0x280,0x100,0xdd1f6224c884af52
0x47f6fc,0x11ae90,10986,0x537720,0x1c0,0x100,0x8e960205dcb14728
0x47f7b8,0x11aeb0,10987,0x3a4d34,0x1b0,0x100,0xc1be54a3c4b75e3a
0x47f874,0x11aed0,10988,0x393254,0xe4,0x100,0x2fee6d221241f5a9
0x47f930,0x11aef0,10989,0x5a92fc,0x70,0x100,0x1b760a1fcbd4b9c6
0x47f9ec,0x11af10,10990,0x5bd2fc,0x124,0x100,0x36eedd3ca69a922c
0x47faa8,0x11af30,10991,0x422238,0x110,0x100,0x6fb9c82ac3e93202
0x47fae0,0x11a010,10870,0x4758f0,0x20,0x0,0xb517d0c34b7be92a
0x47fb64,0x11af50,10992,0x5ba3fc,0x148,0x100,0x4624aa66422f9556
0x47fc4c,0x11af70,10993,0x53a220,0x308,0x100,0xdee9c3af132b2369
0x47fd34,0x11afd0,10996,0x2ec614,0x200,0x100,0x2daa95d3318536ab
0x47fe24,0x11aff0,10997,0x2ed914,0x16c,0x100,0x84ae56f317e0fecd
0x47fe5c,0x11a010,10870,0x4758f0,0x20,0x0,0xb517d0c34b7be92a
0x47ff0c,0x11b010,10998,0x2ebc14,0x1a8,0x100,0x8a5f7aaa9fde6915
0x47ff44,0x11b010,10998,0x2ebc14,0x1a8,0x100,0x8a5f7aaa9fde6915
0x47fff4,0x11b030,10999,0x367990,0x74,0x100,0x2c869e4a6753132e
0x4800b0,0x11b050,11000,0x393a54,0xf8,0x100,0xda12ec3bbd1209bc
0x4800e8,0x11b010,10998,0x2ebc14,0x1a8,0x100,0x8a5f7aaa9fde6915
0x48016c,0x11b070,11001,0x2ebd14,0x558,0x100,0x1f9b051ab2efb8ac
0x480228,0x11b090,11002,0x49e764,0x2ac,0x100,0x76e63cf686187d56
0x4802e4,0x11b0b0,11003,0x428138,0xb8,0x100,0xcb86c4a12ecaad26
0x4803cc,0x11b0d0,11004,0x55b54c,0x3c,0x100,0x3f66a7c827ad6ed5
0x4804bc,0x11b0f0,11005,0x419f38,0x1da8,0x100,0x442824ff09996d36
0x4805ac,0x11b110,11006,0x442268,0x2d0,0x100,0x9bc25f2cb869377
0x480698,0x11b130,11007,0x492664,0x30,0x100,0x3ca2bd7749093748
0x480784,0x11b150,11008,0x41ea38,0x38,0x100,0x1a892da729686aa1
0x480840,0x11b170,11009,0x4ca344,0x164,0x100,0x1bb82f1f36da1c60
0x480928,0x11b190,11010,0x5addfc,0x34,0x100,0xc9404790a999b126
0x480a10,0x11b1b0,11011,0x3ac6d0,0x24,0x100,0x201e7b8667343680
0x480b04,0x11b1d0,11012,0x63e9b0,0x30,0x80,0x3fb9b61c8e04320d
0x480bec,0x11b1f0,11013,0x49d664,0x54,0x100,0x13d9b941226b978e
0x480ce0,0x11b210,11014,0x497164,0x34,0x100,0xc858a2cbcd554d62
0x480d9c,0x11b230,11015,0x417b38,0x218,0x100,0x485fc098addbcd01
0x480e58,0x11b250,11016,0x36f990,0x1a8,0x100,0x5ebfdfb2a5470914
0x480e90,0x11b010,10998,0x2ebc14,0x1a8,0x100,0x8a5f7aaa9fde6915
0x480f40,0x11b270,11017,0x48a964,0x34,0x100,0x28687a10f497323f
0x480ffc,0x11b290,11018,0x489464,0xb0,0x100,0x5ecc21dc5aeafd6d
0x4810b8,0x11b2b0,11019,0x4d8744,0x14c,0x100,0x67151d169cf9bbed
0x481174,0x11b2d0,11020,0x2112a0,0x258,0x100,0x91735034e7e9a4c7
0x48125c,0x11b2f0,11021,0x539c20,0x30,0x100,0xd1803035b242e392
0x481364,0x11b310,11022,0x52ed20,0x138,0x100,0x9df7736c6bb192e
0x481454,0x11b330,11023,0x366890,0x260,0x100,0x4a6e3741836ff087
0x48153c,0x11b370,11025,0x60dbe0,0x198,0x100,0x5207d630a3bfb01c
0x481624,0x11b3b0,11027,0x2f4714,0x5c,0x100,0x9611bab560f1baa4
0x48165c,0x11b010,10998,0x2ebc14,0x1a8,0x100,0x8a5f7aaa9fde6915
0x4816e0,0x11b3d0,11028,0x421138,0xa4,0x100,0xee67cc89615f8c7d
0x4817b0,0x11b3f0,11029,0x25a694,0x5f0,0x100,0x7495808d6978189
0x481898,0x11b410,11030,0x26e600,0x2c,0x100,0xee5e2e0740c68a7b
0x481980,0x11b430,11031,0x419c38,0x134,0x100,0xe98c69eb7fd24b97
0x4819b8,0x11b010,10998,0x2ebc14,0x1a8,0x100,0x8a5f7aaa9fde6915
0x481a3c,0x11b450,11032,0x5ffde0,0xa8,0x100,0xe6a547f139f5193b
0x481af8,0x11b470,11033,0x31493c,0x90,0x100,0x8f41798ab364f593
0x481bb4,0x11b490,11034,0x372290,0x1d8,0x100,0x578b5eea915f60ee
0x481cb4,0x11b4b0,11035,0x60e2e0,0x31c,0x100,0xdad5ef22e2567a35
0x481d70,0x11b4d0,11036,0x3d3550,0x164,0x100,0xd9ca823822679567
0x481e58,0x11b4f0,11037,0x431538,0xbbc,0x100,0x18beb8a9fcb4b67
0x481f40,0x11b510,11038,0x28d7cc,0x280,0x100,0x4fb35b66593c35b0
0x482040,0x11b530,11039,0x49c664,0x22e4,0x100,0xe5d0fd861ca41038
0x482148,0x11b550,11040,0x481c64,0x15fc,0x100,0x797b043a06f40607
0x482180,0x11b010,10998,0x2ebc14,0x1a8,0x100,0x8a5f7aaa9fde6915
0x482250,0x11b570,11041,0x2f3d14,0x1618,0x100,0xf5f5d29099e62833
0x482350,0x11b590,11042,0x418438,0xe98,0x100,0xca6986896fe75a6e
0x48243c,0x11b5b0,11043,0x28b8cc,0x1b0,0x100,0xd81f56e550377382
0x48252c,0x11b5d0,11044,0x372190,0xb0,0x100,0xdb2a00cdd6f1ecb4
0x48261c,0x11b5f0,11045,0x2eaf14,0x88,0x100,0x6e3a7d8ba6a24db1
0x4826f0,0x11b610,11046,0x31203c,0x1a0,0x100,0x4151f6102cc80608
0x4827f8,0x11b630,11047,0x6ba610,0x168,0xd0,0x1a1b1c0d9a3bafa3
0x4828e0,0x11b650,11048,0x42ff38,0x30,0x100,0xe7c2a2df9f43acbb
0x482918,0x11b010,10998,0x2ebc14,0x1a8,0x100,0x8a5f7aaa9fde6915
0x4829e8,0x11b670,11049,0x52fa20,0xbc0,0x100,0x4a82b106cb56708f
0x482ad8,0x11b690,11050,0x480b64,0x50,0x100,0xa2f43cbb692bfbb5
0x482b94,0x11b6b0,11051,0x394854,0x33c,0x100,0x16036d98dde5b284
0x482c50,0x11b6d0,11052,0x399754,0x130,0x100,0xdc8628eee76159ca
0x482d0c,0x11b6f0,11053,0x486a64,0xbdc,0x100,0x3b994ef57bc49734
0x482dc8,0x11b710,11054,0x53a520,0x150,0x100,0xcc35ee5c08921923
0x482eb0,0x11b730,11055,0x5b5cfc,0x38,0x100,0x1adb3e8b124a3e24
0x482fa0,0x11b750,11056,0x31133c,0x98,0x100,0x274dc75418edb83e
0x483088,0x11b790,11058,0x2150dc,0x50,0x28,0x30d3f0d9b76cb7de
0x483170,0x11b7b0,11059,0x2e9c14,0x2c,0x100,0x9d9fba3a1ee9c817
0x483258,0x11b7d0,11060,0x429838,0x20,0x100,0x73e79b3cacf758a5
0x483340,0x11b7f0,11061,0x6102e0,0x20,0x100,0x130784e8a51dedbd
0x483430,0x11b810,11062,0x418e38,0x5ac,0x100,0x5e65193c35300a9a
0x483548,0x11b830,11063,0x22cb4c,0x510,0x60,0x9c02543d37286d27
0x483668,0x11b850,11064,0x423138,0x15c,0x100,0x3b21919a825212c4
0x483750,0x11b870,11065,0x4d5e44,0x38,0x100,0x6dfb03f0cd85bc7b
0x483838,0x11b890,11066,0x4cbf44,0x1c,0x100,0x1a408f89e7866f7d
0x48392c,0x11b8b0,11067,0x499964,0x40,0x100,0x55dae6bf40fa653
0x483a14,0x11b8d0,11068,0x226434,0x2c,0x100,0x3a54c04911a94140
0x483b04,0x11b8f0,11069,0x2f1614,0x5c,0x100,0x6f95a891e11f0eac
0x483bec,0x11b910,11070,0x53a120,0x24,0x100,0x61e38df11f08e80
0x483c24,0x11b010,10998,0x2ebc14,0x1a8,0x100,0x8a5f7aaa9fde6915
0x483cdc,0x11b930,11071,0x260a94,0x98,0x100,0xe69b71deb50b2837
0x483dcc,0x11b950,11072,0x53f420,0x21c,0x100,0x12831ffb72f5dda5
0x483eb8,0x11b970,11073,0x6e2598,0x664,0x100,0x35e10123c0167389
0x483ef0,0x11b010,10998,0x2ebc14,0x1a8,0x100,0x8a5f7aaa9fde6915
0x483f74,0x11b990,11074,0x52d420,0x16c,0x100,0xf782a17c86d0a4ff
0x48405c,0x11b9b0,11075,0x497564,0x34,0x100,0xd35246320783bc71
0x484144,0x11b9d0,11076,0x233208,0x28,0x100,0xf91e572fb496258e
0x484238,0x11b9f0,11077,0x261994,0x30,0x100,0x14e2282474bc93a4
0x484338,0x11ba10,11078,0x67f120,0xac,0x100,0x5499de31c48b4988
0x484428,0x11ba30,11079,0x2e6814,0x508,0x100,0x1313d7f4777a5f03
0x484510,0x11ba50,11080,0x417c38,0x28,0x100,0x23b5a29957dbe16a
0x4845cc,0x11ba70,11081,0x491e64,0x84,0x100,0x29e9f87249b9ace5
0x484604,0x11b010,10998,0x2ebc14,0x1a8,0x100,0x8a5f7aaa9fde6915
0x4846b4,0x11ba90,11082,0x25ce94,0x1c,0x100,0xad6f0b4c37737d90
0x4846ec,0x11b010,10998,0x2ebc14,0x1a8,0x100,0x8a5f7aaa9fde6915
0x4847b4,0x11bab0,11083,0x63620c,0x80,0x100,0x162abafdb9f17308
0x484870,0x11bad0,11084,0x36c990,0xc0,0x100,0x58e7f2999d1bbdf2
0x4848a8,0x11b010,10998,0x2ebc14,0x1a8,0x100,0x8a5f7aaa9fde6915
0x484978,0x11baf0,11085,0x22bf34,0x148,0x100,0x322980363f2bc6e0
0x484a60,0x11bb10,11086,0x52e120,0x38,0x100,0xb153f5764c5087f2
0x484b48,0x11bb30,11087,0x3a3934,0x34,0x100,0xf4f94627303e0b2d
0x484c30,0x11bb50,11088,0x667b48,0x2b8,0x100,0xfb8fcb3c1b17320b
0x484d30,0x11bb70,11089,0x395254,0x10c,0x100,0xc52c743d3cef32eb
0x484e24,0x11bb90,11090,0x2edb14,0x2a0,0x100,0xb4f638cb48d3c3ee
0x484ee0,0x11bbb0,11091,0x36d190,0x368,0x100,0xc402ed8527e1c6c3
0x484f9c,0x11bbd0,11092,0x495764,0x75c,0x100,0x94c0c39dfeabda6f
0x484fd4,0x11b010,10998,0x2ebc14,0x1a8,0x100,0x8a5f7aaa9fde6915
0x48506c,0x11bbf0,11093,0x425438,0x12c,0x100,0x26eef63198a3dd5
0x4850a4,0x11b010,10998,0x2ebc14,0x1a8,0x100,0x8a5f7aaa9fde6915
0x485128,0x11bc10,11094,0x420038,0x1a8,0x100,0x40f2042c269378d0
0x485160,0x11b010,10998,0x2ebc14,0x1a8,0x100,0x8a5f7aaa9fde6915
0x4851e4,0x11bc30,11095,0x394654,0x11c,0x100,0x598f0097f8f7864b
0x4852a0,0x11bc50,11096,0x539020,0x218,0x100,0xb0bee6d3cdb9f8ee
0x48535c,0x11bc70,11097,0x229134,0x288,0x100,0xf09595c9e92a02b
0x485394,0x11b010,10998,0x2ebc14,0x1a8,0x100,0x8a5f7aaa9fde6915
0x485418,0x11bc90,11098,0x6cb8c8,0xc0,0x100,0xc0bc68e81188b656
0x4854d4,0x11be10,11110,0x41c438,0x178,0x100,0xa18b49812bf6d3f1
0x485590,0x11be30,11111,0x375490,0x200,0x100,0x171b8adab2b8748b
0x48564c,0x11be50,11112,0x52b320,0x1bc,0x100,0x969869e404eaf2ad
0x485708,0x11be70,11113,0x53e420,0x190,0x100,0xd187b464af70d5c3
0x4857c4,0x11be90,11114,0x497264,0xb4,0x100,0xa195985e1e35f069
0x485880,0x11bf10,11118,0x42dc38,0x168,0x100,0xcde745d030da58ef
0x48593c,0x11bf50,11120,0x498264,0x1c4,0x100,0xec54267d9d9c2af7
0x4859f8,0x11bf70,11121,0x4cc944,0xcc,0x100,0xc24e43f37a4a74fc
0x485a30,0x11b010,10998,0x2ebc14,0x1a8,0x100,0x8a5f7aaa9fde6915
0x485ae0,0x11bf90,11122,0x418f38,0x4c,0x100,0x3fb99260f7f720eb
0x485b9c,0x11bfb0,11123,0x260594,0x50,0x100,0xd4e7b1bfe4033c9
0x485c58,0x11bfd0,11124,0x480364,0x2c,0x100,0x8ee5165d0350d0c3
0x485d40,0x11bff0,11125,0x368b90,0x38,0x100,0xe2dbb8f1ea7f5179
0x485dfc,0x11c010,11126,0x393554,0x2a0,0x100,0x27647b8c07950852
0x485eb8,0x11c030,11127,0x55874c,0x13c,0x100,0x83a679cb2324685d
0x485fb8,0x11c050,11128,0x695be4,0x2dc,0x100,0xf60602ba7121dac8
0x486074,0x11c070,11129,0x48e764,0x380,0x100,0xdae0acf6dc5eaa84
0x486130,0x11c090,11130,0x286580,0xa8,0x100,0xa30c5ccf86b7f6b7
0x4861ec,0x11c0b0,11131,0x375f90,0x12c,0x100,0xb9ae2d300e946e3c
0x4862a8,0x11c0d0,11132,0x6060e0,0x268,0x100,0x868a03ec04628dee
0x486364,0x11c0f0,11133,0x233008,0x98,0x100,0x4d8d9b38c3e67b1b
0x486420,0x11c110,11134,0x600be0,0x60,0x100,0xb46e73b058468f61
0x4864dc,0x11c130,11135,0x31623c,0x10c,0x100,0x8b3815f9660a129a
0x486598,0x11c150,11136,0x223a34,0x16c,0x100,0x5e759debf40e218c
0x486654,0x11c170,11137,0x228334,0xd0,0x100,0xae6374ba9dd93daa
0x486710,0x11c190,11138,0x5b86fc,0x174,0x100,0x3f8db817735e05b1
0x4867cc,0x11c1b0,11139,0x4d6444,0x14c,0x100,0x5fb84ebe188b1468
0x486888,0x11c1d0,11140,0x42c838,0x15c,0x100,0x81456639d9181e41
0x486944,0x11c1f0,11141,0x485264,0x118,0x100,0xa7d524a0a527482
0x48697c,0x11c010,11126,0x393554,0x2a0,0x100,0x27647b8c07950852
0x486a00,0x11c210,11142,0x226734,0x150,0x100,0xa1ec0668c63445c8
0x486abc,0x11c230,11143,0x229134,0x1b0,0x100,0x4e625e37d5091dc2
0x486b78,0x11c250,11144,0x533620,0x1a4,0x100,0xe0bac4d67129ad84
0x486c34,0x11c270,11145,0x42ca38,0x158,0x100,0x2ee0a0c269a78740
0x486cf0,0x11c290,11146,0x56034c,0x98,0x100,0x5025d6555b6e7f76
0x486dac,0x11c2b0,11147,0x3cc238,0x280,0x100,0xa42aa107314d076
0x486e68,0x11c2d0,11148,0x2e9814,0x94,0x100,0x980361ed541f2d6
0x486ea0,0x11c010,11126,0x393554,0x2a0,0x100,0x27647b8c07950852
0x486f24,0x11c3b0,11155,0x3bd82c,0x258,0x100,0xa84d2a56e1dd9534
0x486fe0,0x11c410,11158,0x392854,0x230,0x100,0x7ff1ac90626955fc
0x48709c,0x11c430,11159,0x4cbf44,0x158,0x100,0x51f9f627d931b350
0x4870d4,0x11c010,11126,0x393554,0x2a0,0x100,0x27647b8c07950852
0x487158,0x11c450,11160,0x53f020,0xd4,0x100,0xfe1c2b76ae1a137f
0x487214,0x11c470,11161,0x6d1e74,0x150,0x90,0xdf35d5010c72df50
0x4872d0,0x11c490,11162,0x31443c,0x110,0x100,0x77038f2bd4d283ff
0x48738c,0x11c4b0,11163,0x539c20,0x98,0x100,0x1d51d26a2ee53e7e
0x487448,0x11c4d0,11164,0x610de0,0x19c,0x100,0xd49fcb1bdf3b6020
0x487504,0x11c4f0,11165,0x266d94,0x140,0x100,0x3637ed957e902fa7
0x4875c0,0x11c510,11166,0x5b2ffc,0x178,0x100,0x6ae1aa0c0e74ce11
0x48767c,0x11c530,11167,0x483964,0x98,0x100,0xdf4ea89c07adc4c4
0x487738,0x11c550,11168,0x41a938,0x190,0x100,0x2715e1d751e68741
0x4877f4,0x11c570,11169,0x530120,0x248,0x100,0x6aa09054e596ca3
0x48782c,0x11c010,11126,0x393554,0x2a0,0x100,0x27647b8c07950852
0x4878b0,0x11c590,11170,0x2ef314,0x12c,0x100,0x694c290841582a50
0x48796c,0x11c5b0,11171,0x53ca20,0x140,0x100,0x1a4bafb71803116e
0x4879a4,0x11c010,11126,0x393554,0x2a0,0x100,0x27647b8c07950852
0x487a28,0x11c5d0,11172,0x42a838,0x54,0x100,0xecf1ce412547e79e
0x487ae4,0x11c5f0,11173,0x5b8bfc,0xa4,0x100,0xce8e9ae367e5df0e
0x487ba0,0x11c610,11174,0x4ce844,0xd8,0x100,0x85651dbf2a3e8523
0x487c5c,0x11c630,11175,0x6bd3a8,0x11c,0x100,0xf7f9587629ce765e
0x487c94,0x11c010,11126,0x393554,0x2a0,0x100,0x27647b8c07950852
0x487d18,0x11c650,11176,0x2ff66c,0xc4,0x100,0x2c0e9509ba56ad6
0x487dd4,0x11c670,11177,0x53ac20,0x1f0,0x100,0xae7da68d5d6e1c
0x487e90,0x11c690,11178,0x2689a8,0xbc,0x100,0x42a58d21972134a8
0x487ec8,0x11c010,11126,0x393554,0x2a0,0x100,0x27647b8c07950852
0x487f4c,0x11c6b0,11179,0x373b90,0xdc,0x100,0xd12030fc57125134
0x488008,0x11c6d0,11180,0x429038,0xec,0x100,0x2ed284b241d89e38
0x4880c4,0x11c6f0,11181,0x67a084,0x70,0x100,0xaa16c6e121175737
0x488180,0x11c710,11182,0x48ec64,0x110,0x100,0x131d738ab56d7bbd
0x48823c,0x11c730,11183,0x393854,0x138,0x100,0xc62538c07a5fc1f8
0x4882f8,0x11c750,11184,0x5b47fc,0x128,0x100,0x1d4331b89b1f7b35
0x4883b4,0x11c770,11185,0x6e2b98,0x180,0xe8,0x4e84e87384ae6a38
0x488470,0x11c790,11186,0x4d3944,0xc4,0x100,0x3cd1ff593eedc37b
0x48852c,0x11c7b0,11187,0x480664,0x120,0x100,0x64f53067ca1dc1d3
0x4885e8,0x11c7d0,11188,0x68d4d0,0x208,0x100,0x9c238189d253b069
0x4886a4,0x11c7f0,11189,0x422538,0xe4,0x100,0xb54f1be6bd3d3392
0x488760,0x11c810,11190,0x2900cc,0x194,0x100,0xeaa46eb1e0868130
0x48881c,0x11c830,11191,0x492b64,0x64,0x100,0x7686223f7c10dac0
0x4888d8,0x11c850,11192,0x396354,0x120,0x100,0x1b77ce49cce6b5bb
0x488994,0x11c870,11193,0x2eb514,0x134,0x100,0xf73613e5b99c1f03
0x4889cc,0x11c010,11126,0x393554,0x2a0,0x100,0x27647b8c07950852
0x488a50,0x11c890,11194,0x265494,0x188,0x100,0x88b527c5d17eaf31
0x488b38,0x11c8b0,11195,0x314b3c,0x78,0x100,0x5dd56cea3686ac1
0x488bf4,0x11c8d0,11196,0x530d20,0xa8,0x100,0x11f233ea7da37541
0x488cb0,0x11c8f0,11197,0x4d8644,0x90,0x100,0x79a4aee03f7bd979
0x488d6c,0x11c910,11198,0x2691a8,0xac,0x100,0x4d6d458e06a43a33
0x488e28,0x11c930,11199,0x259d94,0x28,0x100,0x1a076c996cadd6df
0x488ee4,0x11c950,11200,0x289dcc,0x11c,0x100,0x1bd59e32c3455799
0x488f1c,0x11c010,11126,0x393554,0x2a0,0x100,0x27647b8c07950852
0x488fa0,0x11c970,11201,0x537420,0x140,0x100,0xb06abae154686910
0x488fd8,0x11c010,11126,0x393554,0x2a0,0x100,0x27647b8c07950852
0x48905c,0x11c990,11202,0x288fcc,0x1b0,0x100,0xe25a1f315c75de40
0x489118,0x11c9b0,11203,0x2e7214,0x17c,0x100,0xac6f284275e81e9c
0x489150,0x11c010,11126,0x393554,0x2a0,0x100,0x27647b8c07950852
0x4891d4,0x11c9d0,11204,0x4cd344,0xb8,0x100,0xc3706d3b2bd1029f
0x48920c,0x11c010,11126,0x393554,0x2a0,0x100,0x27647b8c07950852
0x489290,0x11c9f0,11205,0x482864,0x138,0x100,0x399c84ae01386b8b
0x48934c,0x11ca10,11206,0x418d38,0xc4,0x100,0xc3d5ba8917455be1
0x489408,0x11ca30,11207,0x41a738,0x238,0x100,0x563fcc9d3459e700
0x489440,0x11c010,11126,0x393554,0x2a0,0x100,0x27647b8c07950852
0x4894f8,0x11ca50,11208,0x3be8c4,0x98,0xd0,0x7eb9a80293a9091f
0x4895b4,0x11ca70,11209,0x557d4c,0x144,0x100,0x4c0f2f2c89f25869
0x489670,0x11ca90,11210,0x488864,0x170,0x100,0x30039fb08f0276dc
0x48972c,0x11cab0,11211,0x259a94,0x11c,0x100,0xf9e3095f6cf09dbb
0x4897e8,0x11cad0,11212,0x224034,0x1c0,0x100,0xa7d3143e88ef8e5c
0x4898a4,0x11caf0,11213,0x2c7d6c,0x1a4,0x68,0x858f06d8968b070a
0x4898dc,0x11c010,11126,0x393554,0x2a0,0x100,0x27647b8c07950852
0x489960,0x11cb10,11214,0x539d20,0x20c,0x100,0xfa115e58d4b77af0
0x489a1c,0x11cb30,11215,0x2e8d14,0xa4,0x100,0x6fcd84d2128c803a
0x489ad8,0x11cb50,11216,0x6494d4,0x1a8,0x100,0x3275f0bbfee331eb
0x489b94,0x11cb70,11217,0x498164,0x108,0x100,0xf71ba9befa54fd91
0x489bcc,0x11c010,11126,0x393554,0x2a0,0x100,0x27647b8c07950852
0x489c50,0x11cb90,11218,0x55954c,0x25c,0x100,0xc7fc0ae005153b5b
0x489d0c,0x11cbb0,11219,0x2e9414,0x90,0x100,0xa1f42b2751bb4ba8
0x489dc8,0x11cbd0,11220,0x41b138,0x1c4,0x100,0x6aa1cc91ca5ca920
0x489e84,0x11cc50,11224,0x5afbfc,0x80,0x100,0x42b1ffafb84d62fb
0x489f40,0x11cc70,11225,0x48c864,0x130,0x100,0x8c20d9b2bf348538
0x489f78,0x11c010,11126,0x393554,0x2a0,0x100,0x27647b8c07950852
0x489ffc,0x11cc90,11226,0x391754,0x164,0x100,0xccdc80ca58989406
0x48a0b8,0x11ccd0,11228,0x42f538,0x88,0x100,0x84f11669cec572d
0x48a174,0x11ccf0,11229,0x394054,0x80,0x100,0x16ad9dd8277a5ad2
0x48a230,0x11cd10,11230,0x534720,0xb4,0x100,0x8cbdadbbc1aa338b
0x48a2ec,0x11cd30,11231,0x52e720,0x158,0x100,0xc0e369d86198bec0
0x48a324,0x11c010,11126,0x393554,0x2a0,0x100,0x27647b8c07950852
0x48a3a8,0x11cd50,11232,0x53d920,0x138,0x100,0x4396920724e04e50
0x48a464,0x11cd70,11233,0x486d64,0xc4,0x100,0xaf01f2de6d135b46
0x48a520,0x11cd90,11234,0x55814c,0x12c,0x100,0x39377d3026a89653
0x48a5dc,0x11cdb0,11235,0x60c6e0,0x88,0x100,0x37160cfb9d0688ed
0x48a698,0x11cdd0,11236,0x314a3c,0x7c,0x100,0xce1a0f3af8c8cec8
0x48a754,0x11cdf0,11237,0x41d438,0xf0,0x100,0xb5f0889989212aaa
0x48a78c,0x11c010,11126,0x393554,0x2a0,0x100,0x27647b8c07950852
0x48a810,0x11ce10,11238,0x5b30fc,0x98,0x100,0xfffb77201796caf6
0x48a8cc,0x11ce50,11240,0x286880,0x1e0,0x38,0x9b76f1caa04138e9
0x48a988,0x11ce70,11241,0x537520,0x194,0x100,0x48ea3e04875d66c6
0x48a9c0,0x11c010,11126,0x393554,0x2a0,0x100,0x27647b8c07950852
0x48aa44,0x11ce90,11242,0x4a1b64,0x88,0x100,0x67d13fb234c44ce2
0x48ab00,0x11ceb0,11243,0x53dd20,0x11c,0x100,0x80c5b59100f1f941
0x48abbc,0x11ced0,11244,0x4daa44,0x140,0x100,0xbedca6ac593747e
0x48ac78,0x11cef0,11245,0x42a538,0x120,0x100,0xb06e638f898ce0f5
0x48ad34,0x11cf10,11246,0x48e164,0x184,0x100,0x391fac6f0ae972b1
0x48adf0,0x11cf30,11247,0x4d7a44,0x1b4,0x100,0x981511d0cb0e5875
0x48aeac,0x11d010,11254,0x55754c,0x1ac,0x100,0x8f93cb3ca5b807dd
0x48aee4,0x11d010,11254,0x55754c,0x1ac,0x100,0x8f93cb3ca5b807dd
0x48af68,0x11d030,11255,0x49fb64,0xac,0x100,0xc6e5ca27dd10bd2e
0x48afa0,0x11d010,11254,0x55754c,0x1ac,0x100,0x8f93cb3ca5b807dd
0x48b024,0x11d050,11256,0x2e5814,0x14c,0x100,0x3c9a70c8e7aeccee
0x48b0e0,0x11d070,11257,0x6108e0,0x144,0x100,0xdd6f7ccb8c819982
0x48b118,0x11d010,11254,0x55754c,0x1ac,0x100,0x8f93cb3ca5b807dd
0x48b19c,0x11d090,11258,0x53d720,0x150,0x100,0x1b1acafe26e8132
0x48b1d4,0x11d010,11254,0x55754c,0x1ac,0x100,0x8f93cb3ca5b807dd
0x48b258,0x11d0b0,11259,0x234108,0x174,0x100,0xf783724db54026e3
0x48b314,0x11d0d0,11260,0x2ec014,0x1b4,0x100,0x96552145c7b6952a
0x48b3d0,0x11d0f0,11261,0x2935cc,0x100,0x100,0x12ead820aed0b754
0x48b48c,0x11d110,11262,0x5bbafc,0xa0,0x100,0xde176069365e01f2
0x48b548,0x11d130,11263,0x499d64,0x174,0x100,0x72691e508b27516a
0x48b604,0x11d150,11264,0x37c8f8,0x100,0x40,0x421aa5b8666cb4d2
0x48b63c,0x11d010,11254,0x55754c,0x1ac,0x100,0x8f93cb3ca5b807dd
0x48b6c0,0x11d170,11265,0x5b65fc,0x11c,0x100,0x7d2d3031c8f4e87d
0x48b77c,0x11d190,11266,0x31143c,0x118,0x100,0xbc9c9d860dc8205a
0x48b838,0x11d1b0,11267,0x378b90,0x9c,0x100,0xb2099e1cab911df5
0x48b8f4,0x11d1d0,11268,0x41fa38,0x1a4,0x100,0x7022dba21082e34d
0x48b9b0,0x11d1f0,11269,0x5b9afc,0x98,0x100,0x28429d8424f0998d
0x48ba6c,0x11d210,11270,0x537620,0x28,0x100,0x7a79fc2904ad42fe
0x48bb28,0x11d230,11271,0x531720,0x164,0x100,0x88e46757ee9edbd5
0x48bc10,0x11d250,11272,0x5b07fc,0x74,0x100,0x257eaee51bcd9333
0x48bccc,0x11d270,11273,0x492364,0xa0,0x100,0x66f4c018f1d54256
0x48bd88,0x11d290,11274,0x4a2664,0x24,0x100,0x20e01750ba6e0d39
0x48be44,0x11d2d0,11276,0x499d64,0xac,0x100,0xcbf54dca66487386
0x48bf00,0x11d2f0,11277,0x56ac24,0x1c,0x40,0xb46fc9ea6a35d09d
0x48bf38,0x11d010,11254,0x55754c,0x1ac,0x100,0x8f93cb3ca5b807dd
0x48bfbc,0x11d310,11278,0x227534,0x16c,0x100,0x6b69701e28ff3e67
0x48c078,0x11d330,11279,0x3aeed0,0x1ac,0x100,0x42e6b2edc05784a6
0x48c134,0x11d350,11280,0x484064,0x78,0x100,0x22a5cf6aed8b2156
0x48c1f0,0x11d370,11281,0x480d64,0x160,0x100,0xfd9c65ce7d656449
0x48c2ac,0x11d390,11282,0x661c64,0x7c,0x100,0xc2c1aa3f720a3964
0x48c2e4,0x11d010,11254,0x55754c,0x1ac,0x100,0x8f93cb3ca5b807dd
0x48c368,0x11d3b0,11283,0x537e20,0x7c,0x100,0x3f9810f309e59faa
0x48c424,0x11d3d0,11284,0x5b71fc,0x210,0x100,0xcbaae8adf34bf4b2
0x48c4e0,0x11d3f0,11285,0x667d48,0x168,0x100,0x556c25e09fe2363a
0x48c59c,0x11d410,11286,0x41fe38,0xbc,0x100,0x8da111f9f4cb22bf
0x48c658,0x11d430,11287,0x481f64,0x148,0x100,0xfba3913d70fc17ac
0x48c714,0x11d450,11288,0x5b31fc,0x8c,0x100,0x188b5581e92144d5
0x48c7d0,0x11d490,11290,0x482464,0x208,0x100,0xaf69ab6d5434b29
0x48c88c,0x11d4b0,11291,0x559c4c,0x118,0x100,0x64259603d44bf8d6
0x48c948,0x11d4d0,11292,0x42f038,0x10c,0x100,0x9393345393d44d02
0x48ca04,0x11d4f0,11293,0x36ee90,0x218,0x100,0x54c385e0f1cf3e8b
0x48ca3c,0x11d010,11254,0x55754c,0x1ac,0x100,0x8f93cb3ca5b807dd
0x48cac0,0x11d510,11294,0x261294,0x134,0x100,0x79ffa8203c09824
0x48cb7c,0x11d530,11295,0x41d038,0x4c,0x100,0x6a6205cd149e5ff7
0x48cc38,0x11d550,11296,0x5b95fc,0x1d8,0x100,0xa167eb842aad31fa
0x48ccf4,0x11d570,11297,0x395054,0x70,0x100,0xd8ba434e5eb0b3c7
0x48cdb0,0x11d5f0,11301,0x419938,0x2a0,0x100,0x53353065825f97c7
0x48ce6c,0x11d630,11303,0x261494,0xa0,0x100,0xc3ee91938c0b086b
0x48cf28,0x11d650,11304,0x419538,0x28,0x100,0x473b22200e67184c
0x48cfe4,0x11d690,11306,0x31753c,0x98,0x100,0x422e9810174e1452
0x48d0a0,0x11d6b0,11307,0x53eb20,0x2c,0x100,0xef201bc725afb72d
0x48d15c,0x11d6d0,11308,0x430238,0x9c,0x100,0xeaf5e5dea9fb03e5
0x48d194,0x11d010,11254,0x55754c,0x1ac,0x100,0x8f93cb3ca5b807dd
0x48d218,0x11d6f0,11309,0x3a3834,0x8c,0x100,0xb28ff5d32f758eda
0x48d318,0x11d710,11310,0x4d3444,0x204,0x100,0xe34bdba554ca20d1
0x48d3d4,0x11d730,11311,0x487264,0x3e0,0x100,0xba3ed5f24a966e3e
0x48d490,0x11d750,11312,0x529b20,0x150,0x100,0x91b0ed55b327bbdd
0x48d54c,0x11d770,11313,0x266994,0x1a4,0x100,0x72ce1acda0348902
0x48d608,0x11d790,11314,0x289dcc,0xb4,0x100,0xe0e9fc98d4a77522
0x48d6c4,0x11d7b0,11315,0x4d6344,0x13c,0x100,0x1d1f6b879b1d71d9
0x48d780,0x11d7d0,11316,0x28cccc,0x164,0x100,0xb2431066cd62ab48
0x48d83c,0x11d7f0,11317,0x224e34,0x84,0x100,0xeea64507325899db
0x48d8f8,0x11d810,11318,0x2e8414,0x1b0,0x100,0x839a689552af741f
0x48d9b4,0x11d830,11319,0x53d020,0x230,0x100,0xa6e267261ac2663a
0x48da70,0x11d850,11320,0x25df94,0x98,0x100,0x4f7330d6022f3579
0x48db2c,0x11d870,11321,0x22b334,0x1a4,0x100,0x6085c29e6c36eaf1
0x48dbe8,0x11d890,11322,0x397854,0x11c,0x100,0xfe0b1805e098981e
0x48dca4,0x11d8b0,11323,0x497564,0x150,0x100,0xbd8dbea05a259280
0x48dd60,0x11d8d0,11324,0x5b96fc,0x8c,0x100,0x5d8c32f5c9eef4d4
0x48de1c,0x11d8f0,11325,0x225f34,0x170,0x100,0x6fc3e65ff7c58aeb
0x48ded8,0x11d910,11326,0x3a3534,0x230,0x100,0x6490f3be717a3e3c
0x48df94,0x11d930,11327,0x69a000,0xb8,0x38,0x7fbc7a8c006cf6e9
0x48e050,0x11d950,11328,0x482464,0x368,0x100,0x37bde9b97f585e84
0x48e10c,0x11d970,11329,0x53ad20,0x90,0x100,0xbf0be58202a1b70a
0x48e1c8,0x11d990,11330,0x232b08,0x6c,0x100,0x86bea2100321e06b
0x48e200,0x11d010,11254,0x55754c,0x1ac,0x100,0x8f93cb3ca5b807dd
0x48e2b0,0x11d9f0,11333,0x491564,0x80,0x100,0xb45fe1f403242ef3
0x48e36c,0x11da70,11337,0x6e3280,0x9c,0x100,0xff5bc9bd8166944b
0x48e3a4,0x11d010,11254,0x55754c,0x1ac,0x100,0x8f93cb3ca5b807dd
0x48e428,0x11da90,11338,0x48bb64,0xa0,0x100,0xbb20c9a032ca9756
0x48e4e4,0x11dab0,11339,0x42cb38,0x150,0x100,0x3e4efe7f82068ed9
0x48e5a0,0x11dad0,11340,0x4cee44,0x3ac,0x100,0x1c7c72a457aa0aa4
0x48e65c,0x11daf0,11341,0x420d38,0x370,0x100,0x4c3fb106ac1c7da6
0x48e718,0x11db10,11342,0x557f4c,0x70,0x100,0x4cb22f80ad6b71bd
0x48e7d4,0x11db30,11343,0x31263c,0x1e0,0x100,0x5dc7a0f9b72ca4fc
0x48e890,0x11db50,11344,0x4c6b44,0x338,0x100,0xe9d292405ffeb22d
0x48e94c,0x11db70,11345,0x397c54,0x94,0x100,0x5212841b18472826
0x48ea08,0x11db90,11346,0x268594,0x284,0x100,0x7462b0fdcdffe926
0x48eac4,0x11dbb0,11347,0x49f464,0x184,0x100,0x580556f83d63d196
0x48eb80,0x11dbd0,11348,0x394a54,0x110,0x100,0x441539a84b5a47bb
0x48ec3c,0x11dbf0,11349,0x225234,0x104,0x100,0x9be1950b617cf
0x48ec74,0x11d010,11254,0x55754c,0x1ac,0x100,0x8f93cb3ca5b807dd
0x48ecf8,0x11dc10,11350,0x495d64,0x1a0,0x100,0x58beebf2a6510e9f
0x48edb4,0x11dc30,11351,0x268094,0x274,0x100,0x2667cecbf33b0578
0x48ee70,0x11dc50,11352,0x367790,0x74,0x100,0x4c3430a0bd3e34b3
0x48ef2c,0x11dc70,11353,0x52c320,0x178,0x100,0x238ece7680c7f25f
0x48ef64,0x11d010,11254,0x55754c,0x1ac,0x100,0x8f93cb3ca5b807dd
0x48efe8,0x11dc90,11354,0x227734,0x13c,0x100,0x9ec974a83875fa8d
0x48f0a4,0x11dcb0,11355,0x31223c,0xe4,0x100,0xdfeb82a1806acae8
0x48f160,0x11dcd0,11356,0x498e64,0x158,0x100,0x32bcf673a42c7cce
0x48f21c,0x11dcf0,11357,0x2f1214,0x370,0x100,0xde7343d52a6f7d0e
0x48f2d8,0x11dd10,11358,0x28b8cc,0x208,0x100,0xa1466dced6718ba2
0x48f394,0x11dd70,11361,0x49ce64,0xa0,0x100,0xa59ed146ab602e26
0x48f450,0x11de30,11367,0x668148,0x150,0x100,0xe90c4755e7d6f5a4
0x48f50c,0x11de50,11368,0x2e3e14,0xa0,0x100,0x5e08b26be4268951
0x48f544,0x11d010,11254,0x55754c,0x1ac,0x100,0x8f93cb3ca5b807dd
0x48f5c8,0x11de70,11369,0x53cf20,0x80,0x100,0x2d8543727f1f70f5
0x48f684,0x11de90,11370,0x36ae90,0x154,0x100,0x5c23e9a46e91ae9d
0x48f6bc,0x11d010,11254,0x55754c,0x1ac,0x100,0x8f93cb3ca5b807dd
0x48f740,0x11deb0,11371,0x530220,0x8c,0x100,0x8e1bd37331b27c4a
0x48f778,0x11d010,11254,0x55754c,0x1ac,0x100,0x8f93cb3ca5b807dd
0x48f7fc,0x11ded0,11372,0x224834,0x80,0x100,0xb161a76d27cb5bc1
0x48f8b8,0x11def0,11373,0x397b54,0x1a8,0x100,0xf0e54b5da97ae4fe
0x48f974,0x11df10,11374,0x68e864,0x17c,0x100,0x2144655f61e57c5e
0x48fa30,0x11df30,11375,0x3a3b34,0xac,0x100,0xc360d0c2cf5dafbd
0x48faec,0x11df50,11376,0x48f564,0x108,0x100,0x56672c728f40107f
0x48fba8,0x11df70,11377,0x4a1d64,0x7c,0x100,0x65dd040475130b24
0x48fc64,0x11df90,11378,0x41c638,0x15c,0x100,0x68c6be92c7ad8315
0x48fd20,0x11dfb0,11379,0x264d94,0x168,0x100,0xa8d9829c24fb6946
0x48fddc,0x11dfd0,11380,0x4dba44,0xd0,0x100,0x40e240590c89e64
0x48fe98,0x11dff0,11381,0x267b94,0x13c,0x100,0xf86379f42255aa7e
0x48fed0,0x11d010,11254,0x55754c,0x1ac,0x100,0x8f93cb3ca5b807dd
0x48ff54,0x11e010,11382,0x367b90,0xa8,0x100,0xd9616495d7e5c17a
0x490010,0x11e030,11383,0x292dcc,0x1c4,0x100,0x1a998a824732b631
0x4900cc,0x11e0b0,11387,0x4c7544,0x114,0x100,0x62b8853e2dc53c55
0x490188,0x11e0d0,11388,0x645a20,0x234,0x100,0xdd31d4bb49e57e2
0x4901c0,0x11e010,11382,0x367b90,0xa8,0x100,0xd9616495d7e5c17a
0x490244,0x11e0f0,11389,0x28f1cc,0x1cc,0x100,0x3a6714b6b9995713
0x490300,0x11e110,11390,0x42dc38,0x248,0x100,0x6dc3e171d10139e3
0x4903bc,0x11e130,11391,0x2b6f80,0xb4,0x100,0x3ed58087b7d6cd34
0x490478,0x11e150,11392,0x2e8c14,0x154,0x100,0xd192a1e235395444
0x490534,0x11e190,11394,0x225534,0x3e4,0x100,0x2edb27c46089d69e
0x4905f0,0x11e1b0,11395,0x55b44c,0x334,0x100,0xcc9d913d65c16d82
0x4906ac,0x11e1d0,11396,0x48ba64,0xa4,0x100,0xf08f6b1b8467c4de
0x490768,0x11e1f0,11397,0x25c194,0x130,0x100,0xac6e8623bc248da7
0x490824,0x11e210,11398,0x4d3c44,0x150,0x100,0xe9b9bd39bd9432b0
0x4908e0,0x11e230,11399,0x48fb64,0x84,0x100,0xb3b91ead20455f8b
0x49099c,0x11e250,11400,0x3b6274,0x70,0x100,0x8d7d292165914d88
0x490a58,0x11e270,11401,0x316c3c,0xc8,0x100,0x52880ea3287a041f
0x490b14,0x11e290,11402,0x396d54,0x13c,0x100,0x1f92699bc402f56f
0x490bd0,0x11e2b0,11403,0x5b40fc,0xd0,0x100,0x79aef3f214900c16
0x490c8c,0x11e2d0,11404,0x535820,0x11c,0x100,0x7c40044389ee3c88
0x490d48,0x11e2f0,11405,0x377390,0x90,0x100,0xdca610e573f372c2
0x490e04,0x11e310,11406,0x374590,0x1d0,0x100,0xbc03b013ef183c24
0x490ec0,0x11e330,11407,0x3a4334,0x260,0x100,0x9d9591c3bc648f06
0x490f7c,0x11e350,11408,0x392e54,0xac,0x100,0x95058504c099cb4e
0x491038,0x11e370,11409,0x498f64,0xd4,0x100,0x81bf0da6d1129f6e
0x4910f4,0x11e390,11410,0x491164,0x178,0x100,0x84f7386fcbac094e
0x49112c,0x11e010,11382,0x367b90,0xa8,0x100,0xd9616495d7e5c17a
0x4911b0,0x11e3b0,11411,0x5aa9fc,0x9c,0x100,0xcb107e2d1f9777a4
0x491298,0x11e3d0,11412,0x482664,0x44,0x100,0x18a2db6a2952c0b3
0x491354,0x11e3f0,11413,0x5b0bfc,0x128,0x100,0xf25cd038f2402fbd
0x491410,0x11e410,11414,0x490b64,0x78,0x100,0xdfa5f76fde4ab443
0x4914cc,0x11e430,11415,0x68c6d0,0x180,0x100,0xe7ea00377bba8ac9
0x491504,0x11e010,11382,0x367b90,0xa8,0x100,0xd9616495d7e5c17a
0x491588,0x11e450,11416,0x31513c,0x254,0x100,0xd294b9eceadc73ac
0x491644,0x11e470,11417,0x224534,0x250,0x100,0x3081cc0c6582fb8e
0x491700,0x11e490,11418,0x49ec64,0x3ac,0x100,0x2b84551db9a2a39a
0x4917bc,0x11e4b0,11419,0x280ab4,0x324,0x100,0xcbfb6345f59122c7
0x491878,0x11e4d0,11420,0x559f4c,0xb0,0x100,0xdb7175b557dae026
0x491934,0x11e4f0,11421,0x55a34c,0x130,0x100,0x5d33574830bf91fd
0x4919f0,0x11e510,11422,0x429f38,0x158,0x100,0x6896416dbef55fe1
0x491aac,0x11e530,11423,0x25bd94,0x148,0x100,0xf5892ccfcca0716c
0x491ae4,0x11e010,11382,0x367b90,0xa8,0x100,0xd9616495d7e5c17a
0x491b68,0x11e550,11424,0x2f2c14,0xcc,0x100,0xed6c8cd959c7c28c
0x491c24,0x11e570,11425,0x529e20,0x138,0x100,0x52d334ab7ad820ce
0x491ce0,0x11e590,11426,0x392a54,0xd0,0x100,0xe90178a49f1763b1
0x491d9c,0x11e5b0,11427,0x223834,0x11c,0x100,0x6494c51d6a50003c
0x491e58,0x11e5d0,11428,0x5afdfc,0x180,0x100,0x267a64de0f102121
0x491f14,0x11e5f0,11429,0x395f54,0x74,0x100,0x8fc276e2c5efecb6
0x491fd0,0x11e610,11430,0x494b64,0x248,0x100,0x6c56a777e93b9bb2
0x49208c,0x11e630,11431,0x22a734,0x84,0x100,0x4ce239d99fec2e73
0x492148,0x11e650,11432,0x374f90,0x1b4,0x100,0xae1eda4898edd537
0x492204,0x11e670,11433,0x4d1c44,0x118,0x100,0x1423ebff3bcf60c6
0x4922c0,0x11e690,11434,0x6b75a0,0x114,0x100,0xf1da75c2fc49db98
0x49237c,0x11e6b0,11435,0x4cff44,0x7c,0x100,0x6eb21e7b95e1d0b6
0x492438,0x11e6d0,11436,0x2ea714,0x238,0x100,0xdded04bcd28aafa0
0x4924f4,0x11e6f0,11437,0x5ae9fc,0xd0,0x100,0xbaf0ad8aa1ef1b4d
0x4925b0,0x11e710,11438,0x422b38,0x1d4,0x100,0xb38cefdf4af4c4da
0x49266c,0x11e730,11439,0x5abdfc,0x38c,0x100,0xfc0cd96e3e46d70
0x492728,0x11e750,11440,0x22c034,0x344,0x100,0xab23954e2b7d0a8
0x492760,0x11e010,11382,0x367b90,0xa8,0x100,0xd9616495d7e5c17a
0x4927e4,0x11e770,11441,0x26e900,0x84,0x100,0xd1bd5b8940f2d95c
0x49281c,0x11e010,11382,0x367b90,0xa8,0x100,0xd9616495d7e5c17a
0x4928a0,0x11e790,11442,0x4c8944,0x148,0x100,0xb16b6fb6b434ed1e
0x4928d8,0x11e010,11382,0x367b90,0xa8,0x100,0xd9616495d7e5c17a
0x49295c,0x11e7b0,11443,0x48d764,0x180,0x100,0x52b7eb433b8ed365
0x492a18,0x11e7d0,11444,0x5af7fc,0xb4,0x100,0xa6b762449790af6b
0x492ad4,0x11e7f0,11445,0x47ef64,0x134,0x100,0x5920a977362df323
0x492b0c,0x11e010,11382,0x367b90,0xa8,0x100,0xd9616495d7e5c17a
0x492b90,0x11e810,11446,0x31223c,0x128,0x100,0xb8da2ec08941b0f4
0x492c4c,0x11e830,11447,0x55704c,0x1b8,0x100,0x32235f6ef768ae22
0x492d08,0x11e850,11448,0x52ad20,0x194,0x100,0x924957e7ffd8a9ba
0x492dc4,0x11e870,11449,0x4caa44,0x194,0x100,0xfebb073e249541fc
0x492e80,0x11e890,11450,0x493664,0x78,0x100,0x93cbb00c04b8d191
0x492eb8,0x11e010,11382,0x367b90,0xa8,0x100,0xd9616495d7e5c17a
0x492f3c,0x11e8b0,11451,0x2e9f14,0x234,0x100,0x36c042b66d0d7e25
0x492ff8,0x11e8d0,11452,0x4c6844,0xac,0x100,0xb201f4e2af15512f
0x4930b4,0x11e8f0,11453,0x4a2a64,0x94,0x100,0x87e1ed9328879184
0x493170,0x11e910,11454,0x60aae0,0x274,0x100,0xd2b9a441ac1c3eb7
0x49322c,0x11e930,11455,0x31343c,0x3e4,0x100,0x15e6346f1d799963
0x4932e8,0x11e950,11456,0x2e9e14,0x3a0,0x100,0x7c4f48c18650ca4b
0x4933a4,0x11e970,11457,0x52e520,0xb4,0x100,0xec7dd65578016149
0x493460,0x11e990,11458,0x492f64,0x160,0x100,0xaccc5f768255b8c0
0x49351c,0x11e9b0,11459,0x48f664,0x13c,0x100,0x5e6efb47b2d29e48
0x4935d8,0x11e9d0,11460,0x53c220,0x158,0x100,0x4ee0bc478acbe576
0x493694,0x11e9f0,11461,0x425938,0xc4,0x100,0xa1c99852b1197f78
0x493750,0x11ea10,11462,0x4a0764,0x12c,0x100,0x83b6ef090f8d3a06
0x49380c,0x11ea30,11463,0x3d3650,0x13c,0xd8,0xa9e80579908dc872
0x4938dc,0x11ea50,11464,0x602ee0,0x140,0x100,0x429fdb50a86e12f9
0x493998,0x11ea70,11465,0x28f4cc,0xc0,0x100,0x24d379b3a4369df6
0x493a54,0x11ea90,11466,0x26a3b0,0x180,0x100,0xf31430e63c909184
0x493b10,0x11eab0,11467,0x432d38,0x17c,0x100,0x5a7ac09ad60b351a
0x493bcc,0x11ead0,11468,0x41f138,0x1ec,0x100,0x53800878d1bd56d5
0x493c88,0x11eaf0,11469,0x31543c,0x98,0x100,0x228e6349de2ee40f
0x493d44,0x11eb10,11470,0x4cd744,0x78,0x100,0xb83cf77bbfe7ff4f
0x493e00,0x11eb30,11471,0x4db244,0x148,0x100,0x814723f706348504
0x493ebc,0x11eb50,11472,0x2eee14,0x74,0x100,0x52d52c8f08aa9bc
0x493f78,0x11eb70,11473,0x2934cc,0xc8,0x100,0x870a7f3db5ae1bde
0x494034,0x11eb90,11474,0x22a434,0xc8,0x100,0x5250345585d3d42
0x4940f0,0x11ebb0,11475,0x60a9e0,0xec,0x100,0x9c5b6343c49ab024
0x4941ac,0x11ebd0,11476,0x420538,0xe0,0x100,0xd28dc5cdc1a538d4
0x494268,0x11ebf0,11477,0x48d264,0xe0,0x100,0x99141811683b1c71
0x494324,0x11ec10,11478,0x417838,0x350,0x100,0x9e88bcdab8670140
0x49435c,0x11e010,11382,0x367b90,0xa8,0x100,0xd9616495d7e5c17a
0x4943e0,0x11ec30,11479,0x2ff86c,0x164,0x100,0xc3f8342151abe000
0x49449c,0x11ec50,11480,0x49ad64,0xb0,0x100,0x438d9633d8fe6009
0x494558,0x11ec70,11481,0x266f94,0x3ac,0x100,0x30767b000dcb20dd
0x494614,0x11ec90,11482,0x487564,0x9c,0x100,0xa252916d40e403b2
0x4946d0,0x11ecb0,11483,0x5a8cfc,0xe0,0x100,0xc7d7bec63c6b2177
0x49478c,0x11ecd0,11484,0x393d54,0x31c,0x100,0xc43b3dd360623ea1
0x494848,0x11ed10,11486,0x5be4fc,0x1a4,0x100,0x23b2b061bde74a9b
0x494904,0x11ed50,11488,0x429e38,0x90,0x100,0x644c4466740c8606
0x4949c0,0x11eeb0,11499,0x4cc444,0xc8,0x100,0xf82fa282bf51ddd5
0x494a7c,0x11eed0,11500,0x481c64,0x170,0x100,0x8fc398dd2e7db439
0x494b38,0x11eef0,11501,0x3acdd0,0x98,0x100,0x2def9113fb6b709a
0x494bf4,0x11ef10,11502,0x48d964,0xb8,0x100,0x84bea2e7b8ac598c
0x494cb0,0x11ef30,11503,0x2120a0,0x6c,0x100,0xdff3d168ef2bceca
0x494ce8,0x11e010,11382,0x367b90,0xa8,0x100,0xd9616495d7e5c17a
0x494d6c,0x11efb0,11507,0x36d390,0x21c,0x100,0x94aebf6efae5e8d
0x494da4,0x11e010,11382,0x367b90,0xa8,0x100,0xd9616495d7e5c17a
0x494e28,0x11efd0,11508,0x370d90,0x16c,0x100,0x4d9b555c3186587b
0x494ee4,0x11eff0,11509,0x495b64,0xa0,0x100,0x3707ffa9025b6701
0x494fa0,0x11f010,11510,0x311b3c,0x378,0x100,0x6aa614d257693949
0x49505c,0x11f030,11511,0x539220,0x9c,0x100,0xfecbdb7aba8e226c
0x495118,0x11f050,11512,0x49a764,0x70,0x100,0x49918861654c8f87
0x4951d4,0x11f070,11513,0x366290,0x158,0x100,0x39f031291c59508c
0x49520c,0x11f010,11510,0x311b3c,0x378,0x100,0x6aa614d257693949
0x495290,0x11f090,11514,0x535020,0x118,0x100,0x8e2b92c4585e383
0x49534c,0x11f0b0,11515,0x393654,0x174,0x100,0x590a50bb083d9407
0x495384,0x11f010,11510,0x311b3c,0x378,0x100,0x6aa614d257693949
0x495408,0x11f0d0,11516,0x4da844,0x328,0x100,0x763b5c778348570a
0x495440,0x11f010,11510,0x311b3c,0x378,0x100,0x6aa614d257693949
0x4954c4,0x11f0f0,11517,0x49be64,0x28c,0x100,0x1afe6d81482e9c3d
0x495580,0x11f110,11518,0x26a1b0,0x70,0x100,0xf5243fff53d4a859
0x49563c,0x11f130,11519,0x650e50,0x1c8,0x100,0xb1d63f0465da879c
0x495674,0x11f010,11510,0x311b3c,0x378,0x100,0x6aa614d257693949
0x4956f8,0x11f150,11520,0x377d90,0x6c,0x100,0x4c3b596e6825d769
0x4957b4,0x11f170,11521,0x2f0214,0x8c,0x100,0xc02080b3f2f3f8ab
0x495870,0x11f190,11522,0x28d2cc,0x170,0x100,0xaece93dd4ece7745
0x49592c,0x11f1b0,11523,0x36ad90,0xa8,0x100,0xaeb7f306f536915e
0x495a1c,0x11f1d0,11524,0x425938,0x44,0x100,0xe3f5bfd4fe131d54
0x495a54,0x11f010,11510,0x311b3c,0x378,0x100,0x6aa614d257693949
0x495ad8,0x11f1f0,11525,0x36db90,0x2d4,0x100,0xfaaca2ce4fdf41f1
0x495b94,0x11f210,11526,0x25a294,0x80,0x100,0xa72db3bf14b353b3
0x495c50,0x11f2b0,11531,0x67d920,0x6c,0x100,0x77e00988556d7fa5
0x495d0c,0x11f310,11534,0x4d6d44,0xe8,0x100,0x63f03b0f452f7a9f
0x495dc8,0x11f4f0,11549,0x536f20,0x7c,0x100,0x8b17c76da491b877
0x495e84,0x11f6f0,11565,0x398954,0xc8,0x100,0x6948d3567487c8c3
0x495ebc,0x11f010,11510,0x311b3c,0x378,0x100,0x6aa614d257693949
0x495f40,0x11f750,11568,0x6128e0,0xe0,0x100,0xe794b7b6f8df3ea5
0x496058,0x11f8b0,11579,0x26ea00,0x170,0x100,0x67a6c06c0b6049ba
0x49614c,0x11f8d0,11580,0x481064,0xa98,0x100,0xc5e26b74509ebbf5
0x49623c,0x11f8f0,11581,0x483764,0x8d4,0x100,0x9fe2a7e5814ce6dc
0x496324,0x11f910,11582,0x2e7d14,0x34,0x100,0xf33dd9ad49b96f89
0x496428,0x11f930,11583,0x6077e0,0x48,0x100,0xde471b3405fea5a7
0x496528,0x11f950,11584,0x535220,0x7ac,0x100,0x4a3be5337b1f8ede
0x496610,0x11f970,11585,0x376390,0x290,0x100,0xbba7466e1c2b8636
0x4966cc,0x11f990,11586,0x5ffce0,0x60,0x100,0x7a6ec31d1a9454ed
0x496788,0x11f9b0,11587,0x4d2a44,0x1ac,0x100,0x65de2a689f2bd55f
0x496844,0x11f9d0,11588,0x393b54,0x68,0x100,0x97e3db3cd610d6ab
0x496900,0x11f9f0,11589,0x3b6674,0x60,0x100,0x7d4685f7ce370362
0x4969bc,0x11fa10,11590,0x488b64,0x6c,0x100,0x8acb13c301b4f9bc
0x496a78,0x11fa30,11591,0x25fb94,0x60,0x100,0x58207c0375d89e46
0x496b34,0x11fa50,11592,0x378290,0x180,0x100,0x60e32025aa5e29cb
0x496bf0,0x11fa70,11593,0x31293c,0x124,0x100,0xb03f81fcca949d8e
0x496cac,0x11fa90,11594,0x49ef64,0x98,0x100,0xa0f4261a72065a96
0x496d68,0x11fb10,11598,0x490164,0x38,0x100,0x63b0c8045c4e4470
0x496e24,0x11fb30,11599,0x28accc,0x1bc,0x100,0xaba204a1905a0b9f
0x496ee0,0x11fb50,11600,0x2e8914,0x1e0,0x100,0x8a53c91c0097edb2
0x496f9c,0x11fb70,11601,0x424f38,0x220,0x100,0xeea4d4ef2c212cbe
0x497058,0x11fb90,11602,0x6124e0,0x17c,0x100,0x5b26dcdb70f6b2ab
0x497114,0x11fbb0,11603,0x36e390,0x22c,0x100,0x9bcce576773c77e1
0x49714c,0x11f010,11510,0x311b3c,0x378,0x100,0x6aa614d257693949
0x4971d0,0x11fbd0,11604,0x424e38,0x4f0,0x100,0x83ffb42c2820bf3e
0x49728c,0x11fbf0,11605,0x60f6e0,0x11c,0x100,0x5e4b375d87280031
0x497348,0x11fc10,11606,0x2944cc,0xb8,0x100,0xdd5dbef9ead5e8e7
0x497404,0x11fc30,11607,0x2f2814,0x5a8,0x100,0x7774d982f640aba4
0x4974c0,0x11fc70,11609,0x52e820,0xe0,0x100,0xa3a8edcb3592ab13
0x4975b0,0x11fcb0,11611,0x370390,0x44,0x100,0x35d0b4451e254b26
0x497698,0x11fcd0,11612,0x49eb64,0x78,0x100,0xe6e04e9fbddc8d62
0x497754,0x11fcf0,11613,0x425638,0xb0,0x100,0x233cc72c0d3ae8c3
0x497810,0x11fd10,11614,0x368e90,0x38,0x100,0x78a2e4bb09cdf20e
0x4978cc,0x11fd30,11615,0x535820,0x9c,0x100,0x74abde13ba26d1a2
0x497904,0x11f010,11510,0x311b3c,0x378,0x100,0x6aa614d257693949
0x497988,0x11fd90,11618,0x488564,0xdc,0x100,0x9699bb1ffa3a7710
0x497a44,0x11fdb0,11619,0x482864,0x94,0x100,0x8b70f50f60b3be07
0x497b00,0x11fdd0,11620,0x421338,0xd8,0x100,0x77a04097747bfbfc
0x497bbc,0x11fdf0,11621,0x39a054,0xe0,0x100,0xca21ec48c9eb0e0e
0x497c78,0x11fe10,11622,0x483a64,0x124,0x100,0x33efcde1a7760f79
0x497d34,0x11fe30,11623,0x4db044,0x160,0x100,0x9fe9def2d7bc2dcc
0x497df0,0x11fe50,11624,0x3a4e34,0xd8,0x100,0xbab1e78f511dce56
0x497eac,0x11fe70,11625,0x2e4a14,0x138,0x100,0x7b325e967d333f34
0x497f68,0x11feb0,11627,0x428138,0x94c,0x100,0xc34ae548be4dd648
0x498024,0x11ff10,11630,0x53cb20,0x144,0x100,0x2915b946a7c9d815
0x4980e0,0x11ffd0,11636,0x224234,0xb4,0x100,0x866cbead8a52d825
0x49819c,0x120010,11638,0x2935cc,0x1c0,0x100,0xa9e91d4689304bbc
0x498258,0x120070,11641,0x374690,0x90,0x100,0x99b92110e62ee127
0x498314,0x120190,11650,0x3b6b74,0x240,0x100,0x1bc0d98ca8d9df9d
0x4983d0,0x1201b0,11651,0x41b038,0x170,0x100,0x6c0e132b0c0b2e6e
0x49848c,0x120290,11658,0x36e290,0x148,0x100,0x28d415f0b06c3c88
0x498548,0x1202d0,11660,0x5bf5fc,0x180,0xf0,0xb35a66032ebb1910
0x498604,0x120310,11662,0x369790,0x9c,0x100,0xbd66c2b6f548a3cb
0x49863c,0x120010,11638,0x2935cc,0x1c0,0x100,0xa9e91d4689304bbc
0x4986c0,0x120330,11663,0x48ca64,0x90,0x100,0x7179521ab0d509e4
0x49877c,0x120350,11664,0x5b7afc,0xac,0x100,0x45090c5c3326f662
0x498838,0x120370,11665,0x5b78fc,0x1b8,0x100,0x6a4aac9bedde81df
0x498870,0x120010,11638,0x2935cc,0x1c0,0x100,0xa9e91d4689304bbc
0x498928,0x120390,11666,0x2895cc,0x68,0x100,0x22f01c9d8ca4f021
0x498a10,0x1203b0,11667,0x30056c,0x4c,0x100,0xda20a4aeb696d9ff
0x498acc,0x120450,11672,0x48fb64,0x420,0x100,0x543da8bba29237de
0x498b88,0x1208f0,11709,0x22c134,0x260,0x100,0x6188da439405fc6e
0x498c44,0x120ab0,11723,0x31713c,0x1d0,0x100,0x9a887e1e9abb90f0
0x498d00,0x120ad0,11724,0x431e38,0x160,0x100,0x579e1186fe96b57a
0x498dbc,0x120af0,11725,0x4d2e44,0x120,0x100,0xf05b4f7de37077b9
0x498e78,0x120b50,11728,0x31533c,0x170,0x100,0xd5f7942c1837705b
0x498f34,0x120bf0,11733,0x6c401c,0x404,0x100,0x945cebca743d2c20
0x498ff0,0x120c70,11737,0x2fd0bc,0x1e4,0x100,0x580d983fe12733e9
0x4990ac,0x120dd0,11748,0x532d20,0xb8,0x100,0x6a6b43a2104d938d
0x499168,0x120df0,11749,0x2ed414,0x314,0x100,0x345dd6e8e6c9be3a
0x499224,0x120e10,11750,0x47f564,0x3cc,0x100,0x34d42584e2cba570
0x4992e0,0x120e30,11751,0x539120,0x118,0x100,0xd62c08aae7ed0a98
0x49939c,0x120e50,11752,0x28a2cc,0x130,0x100,0x93db121b7d9beb91
0x499458,0x120e70,11753,0x379490,0x150,0x100,0x4cafcb1a5045d53e
0x499514,0x120e90,11754,0x4d7f44,0x154,0x100,0xa1b44f21d0987bff
0x4995d0,0x120eb0,11755,0x28c1cc,0x10c,0x100,0x654a5c3e97b2e769
0x499608,0x120010,11638,0x2935cc,0x1c0,0x100,0xa9e91d4689304bbc
0x49968c,0x120ed0,11756,0x53d620,0xc8,0x100,0x6092e19f8bdfa24c
0x499748,0x120ef0,11757,0x5bcffc,0x198,0x100,0xf2ed571d106a317a
0x499780,0x120010,11638,0x2935cc,0x1c0,0x100,0xa9e91d4689304bbc
0x499804,0x120f10,11758,0x4d0f44,0x6c,0x100,0x3ed7b4b96ee9f392
0x4998c0,0x120f30,11759,0x22bb34,0x84,0x100,0x9f4122076bf5e9de
0x49997c,0x120f50,11760,0x55f74c,0x8c,0x100,0xe0e860c0ac3704d1
0x499a38,0x120f70,11761,0x4d3f44,0xa0,0x100,0x54e3e6eff623dc73
0x499af4,0x120f90,11762,0x268194,0x74,0x100,0x98262d1625dc65bc
0x499bb0,0x120fb0,11763,0x62eee0,0x304,0x100,0x9a8ac7f7d645919d
0x499c6c,0x120fd0,11764,0x227d34,0x310,0x100,0xd3c76fe252901199
0x499d28,0x120ff0,11765,0x22b834,0x21c,0x100,0x79bfd00babcb096f
0x499de4,0x121010,11766,0x4d6044,0x190,0x100,0x9c192f4b4c3a2dd4
0x499ea0,0x121030,11767,0x6140e0,0xc4,0x100,0xb35fcf091bd1ee92
0x499f5c,0x121150,11776,0x498c64,0x470,0x100,0xbef96824d23f1dd8
0x49a018,0x121170,11777,0x62e5e0,0xa0,0x100,0x2945729bbfd550e
0x49a0d4,0x121190,11778,0x223634,0x34,0x100,0x748e5482a2f2a209
0x49a190,0x1211b0,11779,0x492964,0x70,0x100,0xfa0d43733cedf415
0x49a24c,0x1211d0,11780,0x4c9644,0x2bc,0x100,0xf9c71f26d8a4f2a
0x49a308,0x1211f0,11781,0x262194,0x198,0x100,0x3e6ce167245a759f
0x49a3c4,0x121210,11782,0x203c64,0x64,0x18,0x8b61ea2ff8a0f334
0x49a480,0x121230,11783,0x48e664,0x50,0x100,0xba28d262a181326a
0x49a4b8,0x121010,11766,0x4d6044,0x190,0x100,0x9c192f4b4c3a2dd4
0x49a53c,0x121250,11784,0x55c24c,0x5c,0x100,0x349c1fdd3e8a462c
0x49a5f8,0x121270,11785,0x4cb644,0x80,0x100,0x1b3ebf282d974e65
0x49a6b4,0x121290,11786,0x25b494,0x178,0x100,0x809031f1c18421cd
0x49a770,0x1212b0,11787,0x425f38,0x1c0,0x100,0x41757451864430fc
0x49a7a8,0x121010,11766,0x4d6044,0x190,0x100,0x9c192f4b4c3a2dd4
0x49a82c,0x1212d0,11788,0x31673c,0x3dc,0x100,0x9f541f02d7117218
0x49a864,0x121010,11766,0x4d6044,0x190,0x100,0x9c192f4b4c3a2dd4
0x49a8e8,0x1212f0,11789,0x31673c,0xf0,0x100,0x587160d921829fe4
0x49a9a4,0x121310,11790,0x53e720,0x534,0x100,0x1a8c6b70ca1b2778
0x49a9dc,0x121010,11766,0x4d6044,0x190,0x100,0x9c192f4b4c3a2dd4
0x49aa60,0x121330,11791,0x4cbc44,0x400,0x100,0x66f1de5bb83362ce
0x49ab1c,0x121350,11792,0x490564,0xa4,0x100,0x5a934543bb8956bf
0x49ac04,0x121370,11793,0x4cf644,0x60,0x100,0x146f09786902e09e
0x49acec,0x121390,11794,0x430438,0xcec,0x100,0x22367b72974dec28
0x49addc,0x1213b0,11795,0x42ea38,0x3ec,0x100,0x7335b0c8cf769f2e
0x49aec4,0x1213d0,11796,0x48bc64,0xe4,0x100,0xfee8cd8d44b653f
0x49afac,0x1213f0,11797,0x421438,0x2fc,0x100,0x2062f4f72300ea3a
0x49b0c8,0x121410,11798,0x534d20,0x3dc,0x100,0x5dd1bb35de5817bd
0x49b1b0,0x121450,11800,0x28cdcc,0x20,0x100,0x784f448232a2e45d
0x49b26c,0x121470,11801,0x235108,0x570,0x100,0xfa081221f93479f4
0x49b328,0x121490,11802,0x224434,0x270,0x100,0x64927e7711bec062
0x49b3e4,0x1214b0,11803,0x3b5974,0x374,0x100,0x4f81123b9e823906
0x49b4a0,0x1214d0,11804,0x53e920,0x228,0x100,0x591df2bb2c6045b1
0x49b55c,0x1214f0,11805,0x26db00,0x23c,0x100,0x5743b68660659bd5
0x49b618,0x121510,11806,0x533920,0x1e0,0x100,0x2bf4c8070d88391d
0x49b6d4,0x121530,11807,0x6335b4,0x2dc,0x100,0xe8ac7485509715d6
0x49b70c,0x121010,11766,0x4d6044,0x190,0x100,0x9c192f4b4c3a2dd4
0x49b790,0x121550,11808,0x5aebfc,0x360,0x100,0xd77cdba54efbd5e5
0x49b84c,0x121570,11809,0x53a720,0x16c,0x100,0xae873639366b30c7
0x49b884,0x121010,11766,0x4d6044,0x190,0x100,0x9c192f4b4c3a2dd4
0x49b908,0x121590,11810,0x3b7674,0x3cc,0x100,0x9b0f7899d165792b
0x49b9c4,0x1215b0,11811,0x2eab14,0x1fc,0x100,0x2002dc2623e5b882
0x49ba80,0x1215d0,11812,0x6bc6f8,0x1e0,0x100,0x64750b9c15d9a06f
0x49bb3c,0x1215f0,11813,0x397554,0x1d0,0x100,0x9b095b1ae2fbd498
0x49bbf8,0x121610,11814,0x258f94,0x17c,0x100,0x147d71f77ead4cc8
0x49bcb4,0x121630,11815,0x6b7d30,0x238,0x100,0xa3060f25ddd78fdd
0x49bd70,0x121650,11816,0x36aa90,0x2cc,0x100,0xe2f7a27bf08e0297
0x49be2c,0x121670,11817,0x52e620,0x31c,0x100,0xe8a0228d5b2e91d
0x49bee8,0x121690,11818,0x36e890,0x3b0,0x100,0x84c584b6461cb377
0x49bfa4,0x1216b0,11819,0x6cbfc8,0x284,0x100,0x854c680cd52337d8
0x49c060,0x1216d0,11820,0x259b94,0x2d0,0x100,0x57cddf66113ccf46
0x49c11c,0x1216f0,11821,0x2e3e14,0x28c,0x100,0x2cfe4c7825e5adaf
0x49c1d8,0x121710,11822,0x3aecd0,0x1fc,0x100,0x99ccfe3929a86665
0x49c210,0x121010,11766,0x4d6044,0x190,0x100,0x9c192f4b4c3a2dd4
0x49c294,0x121730,11823,0x2e5614,0x224,0x100,0x45451bb90a82778c
0x49c350,0x121750,11824,0x60e4e0,0x404,0x100,0x7c0c937e2d9debb6
0x49c40c,0x121770,11825,0x2ec114,0x548,0x100,0x5801494957f6f1ba
0x49c4c8,0x121790,11826,0x41a438,0x264,0x100,0x8cc20025d55a22ca
0x49c584,0x1217b0,11827,0x486b64,0x1e0,0x100,0x1aacad6f885951ce
0x49c640,0x1217d0,11828,0x48b464,0x168,0x100,0x17b890926ba825cf
0x49c678,0x121010,11766,0x4d6044,0x190,0x100,0x9c192f4b4c3a2dd4
0x49c6fc,0x1217f0,11829,0x6068e0,0x25c,0x100,0x33996a7948874b35
0x49c7b8,0x121810,11830,0x225834,0x160,0x100,0xacaa26b46c8510de
0x49c874,0x121830,11831,0x2f1a14,0x24c,0x100,0x9ffd77c3310176d7
0x49c8ac,0x121010,11766,0x4d6044,0x190,0x100,0x9c192f4b4c3a2dd4
0x49c930,0x121850,11832,0x396354,0x3d8,0x100,0x83ff8025903f35fe
0x49c9ec,0x121870,11833,0x430938,0x4d4,0x100,0x36b3c4f772d6b910
0x49caa8,0x121890,11834,0x614fe0,0x2f4,0x100,0x892d4290ed204e34
0x49cae0,0x121010,11766,0x4d6044,0x190,0x100,0x9c192f4b4c3a2dd4
0x49cb64,0x1218b0,11835,0x28b0cc,0x314,0x100,0x320b800c7d44763e
0x49cc20,0x1218d0,11836,0x25af94,0x244,0x100,0x4f60486b33a0adec
0x49ccdc,0x1218f0,11837,0x366490,0x1c8,0x100,0x19177a99fe2470c
0x49cd14,0x121010,11766,0x4d6044,0x190,0x100,0x9c192f4b4c3a2dd4
0x49cd98,0x121910,11838,0x2ee014,0x1dc,0x100,0x3a80e81aeada1057
0x49ce54,0x121930,11839,0x373a90,0x2a4,0x100,0xc1f3bef093cf454c
0x49cf10,0x121950,11840,0x486964,0x170,0x100,0x591026861acd2dff
0x49cf48,0x121010,11766,0x4d6044,0x190,0x100,0x9c192f4b4c3a2dd4
0x49cfcc,0x121970,11841,0x6ca0c8,0x1f4,0x100,0x4aeab52b91fd4818
0x49d088,0x121990,11842,0x3aead0,0x2c0,0x100,0x70ed5e4053bfc4b1
0x49d144,0x1219b0,11843,0x538a20,0x1e8,0x100,0xb016c9ba0cbdfb8b
0x49d200,0x1219d0,11844,0x4d6144,0x638,0x100,0x661d409cf5dad0e0
0x49d2bc,0x1219f0,11845,0x55b14c,0x354,0x100,0x740b497f205df21e
0x49d378,0x121a10,11846,0x484364,0x30c,0x100,0xb837a4e62a6fd69b
0x49d434,0x121a30,11847,0x2ffe6c,0x20c,0x100,0x85711ff0affce391
0x49d46c,0x121010,11766,0x4d6044,0x190,0x100,0x9c192f4b4c3a2dd4
0x49d4f0,0x121a50,11848,0x31393c,0x26c,0x100,0x2e33f27f9d43d5d8
0x49d528,0x121010,11766,0x4d6044,0x190,0x100,0x9c192f4b4c3a2dd4
0x49d5ac,0x121a70,11849,0x538c20,0x378,0x100,0xa540ebee2eb8c04a
0x49d668,0x121a90,11850,0x234208,0x490,0x100,0xfe2c4a9dc9a33a55
0x49d724,0x121ab0,11851,0x41b938,0x70c,0x100,0x905ef100d2819416
0x49d7e0,0x121ad0,11852,0x4dbd44,0x2dc,0x100,0x43298b93deca9dd5
0x49d89c,0x121af0,11853,0x4d1944,0x264,0x100,0xe362ad3ac902dc2b
0x49d958,0x121b10,11854,0x5bc9fc,0x294,0x100,0xe71970301a9ed2cc
0x49da14,0x121b30,11855,0x48b164,0x24c,0x100,0xc1fe6a4a66d59233
0x49dad0,0x121b50,11856,0x55b34c,0x2b0,0x100,0x45d3bb259251431
0x49db8c,0x121b70,11857,0x55964c,0xd0,0x100,0xc6b152f8a13be0d0
0x49dc48,0x121b90,11858,0x2e8e14,0x19c,0x100,0xe0da279a520f3b4a
0x49dd04,0x121bb0,11859,0x377990,0x54c,0x100,0xaf641f0473ed4ee3
0x49dd3c,0x121010,11766,0x4d6044,0x190,0x100,0x9c192f4b4c3a2dd4
0x49ddc0,0x121bd0,11860,0x376790,0x51c,0x100,0xe7dd097e29560d05
0x49de7c,0x121bf0,11861,0x21df84,0x294,0x10,0x7f6037deb7503bc1
0x49df38,0x121c10,11862,0x49ff64,0x4c8,0x100,0xdd5bdaf93202b271
0x49dff4,0x121c30,11863,0x6163e0,0x150,0x100,0xc573f55005f4dde7
0x49e0b0,0x121c50,11864,0x49e564,0x118,0x100,0x5c790e6ed1ca72c2
0x49e16c,0x121c70,11865,0x531c20,0x18c,0x100,0xc04357f76e01be65
0x49e228,0x121c90,11866,0x47fe64,0x1c4,0x100,0x332a7f8a4637d50
0x49e2e4,0x121cb0,11867,0x229e34,0xc4,0x100,0x2e7ff374d894759e
0x49e3a0,0x121cd0,11868,0x2e8514,0x13c,0x100,0x556ce410766d948f
0x49e45c,0x121cf0,11869,0x36dd90,0x84,0x100,0x8cd199c11c6f9fce
0x49e518,0x121d10,11870,0x417338,0x1a8,0x100,0xc3c6138439dda9e9
0x49e5d4,0x121d30,11871,0x55c84c,0x24c,0x100,0xbb98b4efd2861c58
0x49e690,0x121d50,11872,0x6b83f4,0xa4,0xa8,0xb893811ddba3be80
0x49e74c,0x121d70,11873,0x259594,0xd0,0x100,0xf15318ebee08b924
0x49e808,0x121d90,11874,0x48fe64,0x124,0x100,0x984e87ade24566aa
0x49e8c4,0x121db0,11875,0x2f0414,0x84,0x100,0xb16c77345003ab0b
0x49e980,0x121dd0,11876,0x52e520,0x188,0x100,0x506ca24a9f95d60a
0x49ea3c,0x121df0,11877,0x6040e0,0x44,0x100,0x2f99fc193c962765
0x49eaf8,0x121e10,11878,0x6cb5c8,0x42c,0x100,0x881b66174856e6c8
0x49ebb4,0x121e30,11879,0x369190,0x228,0x100,0x6ac94dca1ef0f2ef
0x49ebec,0x121010,11766,0x4d6044,0x190,0x100,0x9c192f4b4c3a2dd4
0x49ec70,0x121e50,11880,0x425838,0x1b8,0x100,0x6c24813eea8970a5
0x49ed2c,0x121e70,11881,0x375090,0x120,0x100,0xc5c18deaf41604c2
0x49ede8,0x121e90,11882,0x41f638,0x124,0x100,0xef96ef7d498d7a77
0x49eea4,0x121eb0,11883,0x53b820,0x1e0,0x100,0x4686849d038ae7dd
0x49ef60,0x121ed0,11884,0x233e08,0x144,0x100,0x6f0d24bf15fd0cbe
0x49f01c,0x121ef0,11885,0x378e90,0x138,0x100,0x1c6dcd211791484f
0x49f0d8,0x121f10,11886,0x369490,0x30c,0x100,0x3d8f7bf9c46b5d3d
0x49f194,0x121f30,11887,0x42c938,0x288,0x100,0xf603230d53ddfbe6
0x49f250,0x121f50,11888,0x52a420,0x74,0x100,0x58ba68acfb5aa07b
0x49f30c,0x121f70,11889,0x375690,0x74,0x100,0xe61a54e8151b73cb
0x49f3c8,0x121f90,11890,0x5adffc,0x124,0x100,0x1d3407f1469b5124
0x49f484,0x121fb0,11891,0x6168e0,0x58,0x100,0x92d54f3ad72486c7
0x49f4bc,0x121010,11766,0x4d6044,0x190,0x100,0x9c192f4b4c3a2dd4
0x49f540,0x121fd0,11892,0x529f20,0x190,0x100,0xd64b7be4b9ec349e
0x49f578,0x121010,11766,0x4d6044,0x190,0x100,0x9c192f4b4c3a2dd4
0x49f5fc,0x121ff0,11893,0x432738,0x17c,0x100,0x29967c32183a0449
0x49f6b8,0x122010,11894,0x537d20,0x23c,0x100,0xd6e42c5b995b705c
0x49f774,0x122030,11895,0x41f538,0x184,0x100,0x822306ea29e2ee91
0x49f830,0x122050,11896,0x6134e0,0x43c,0x100,0x5ca0306903793eeb
0x49f8ec,0x122070,11897,0x52b520,0x1c4,0x100,0xde6c5c2571a8533
0x49f924,0x122010,11894,0x537d20,0x23c,0x100,0xd6e42c5b995b705c
0x49f9a8,0x122090,11898,0x377890,0x118,0x100,0x423da0a342f664c8
0x49f9e0,0x122010,11894,0x537d20,0x23c,0x100,0xd6e42c5b995b705c
0x49fa90,0x1220b0,11899,0x31723c,0x6c,0x100,0x73856f7b335e1d7a
0x49fac8,0x122010,11894,0x537d20,0x23c,0x100,0xd6e42c5b995b705c
0x49fb78,0x1220d0,11900,0x5b70fc,0x54,0x100,0x62d84ef3e97d8ce0
0x49fc60,0x1220f0,11901,0x374290,0x194,0x100,0xe530277b9c43bc6a
0x49fd1c,0x122110,11902,0x3ae4d0,0x114,0x100,0x5325937f14e466b2
0x49fdd8,0x122130,11903,0x55ef4c,0xa4,0x100,0xfc002cb0183ab875
0x49fe94,0x122150,11904,0x31563c,0x84,0x100,0xb60d88a612c58c2a
0x49fecc,0x122010,11894,0x537d20,0x23c,0x100,0xd6e42c5b995b705c
0x49ff50,0x122170,11905,0x430a38,0xa0,0x100,0x79066865880cd473
0x4a000c,0x122190,11906,0x26e300,0x17c,0x100,0xda7fc622b0da3036
0x4a0044,0x122010,11894,0x537d20,0x23c,0x100,0xd6e42c5b995b705c
0x4a00c8,0x1221b0,11907,0x232a08,0xa8,0x100,0x8ca8d0c5a966ccc5
0x4a0184,0x1221d0,11908,0x2efe14,0x16c,0x100,0x317f152d86273fac
0x4a0240,0x1221f0,11909,0x53be20,0x158,0x100,0x289d3c72722ff7a0
0x4a02fc,0x122210,11910,0x60a0e0,0x3c,0x100,0x68e7974d59e31fd8
0x4a0334,0x122010,11894,0x537d20,0x23c,0x100,0xd6e42c5b995b705c
0x4a03b8,0x122230,11911,0x536020,0x64,0x100,0xfc9c224895d9b739
0x4a0474,0x122250,11912,0x36b790,0x3d0,0x100,0xd8d3a1f773af3e01
0x4a04ac,0x122010,11894,0x537d20,0x23c,0x100,0xd6e42c5b995b705c
0x4a0530,0x122270,11913,0x53a620,0x32c,0x100,0x7e1c91297e221994
0x4a05ec,0x122290,11914,0x533720,0x130,0x100,0x562e622eabc84a19
0x4a06a8,0x1222b0,11915,0x5a8efc,0x6c,0x100,0x69b7cf1984ee44ef
0x4a06e0,0x122010,11894,0x537d20,0x23c,0x100,0xd6e42c5b995b705c
0x4a0764,0x1222d0,11916,0x481464,0x180,0x100,0x9352b7ef1c842666
0x4a0820,0x1222f0,11917,0x535520,0x138,0x100,0x5087fe82a0c4632b
0x4a08dc,0x122310,11918,0x48a364,0xbc,0x100,0xdc4e1796d1a456c8
0x4a0998,0x122330,11919,0x431d38,0x88,0x100,0x627a08c42cef8533
0x4a0a54,0x122350,11920,0x26d900,0x1b0,0x100,0x8605654829278c49
0x4a0b10,0x122370,11921,0x696364,0x2b8,0x8,0x87b1d8a860a5c1d6
0x4a0bcc,0x122390,11922,0x47f964,0x98,0x100,0x1af6221439c0f76a
0x4a0c88,0x1223b0,11923,0x399e54,0x1c0,0x100,0x15a51e3096de0da5
0x4a0d44,0x1223d0,11924,0x397354,0x114,0x100,0x878b05e4c61e605c
0x4a0e00,0x1223f0,11925,0x2887cc,0x11c,0x100,0xe3b74d67b047e0f3
0x4a0e38,0x122010,11894,0x537d20,0x23c,0x100,0xd6e42c5b995b705c
0x4a0ebc,0x122410,11926,0x368990,0xb0,0x100,0xa2c6678d492597d5
0x4a0f78,0x122430,11927,0x4daf44,0x24c,0x100,0x3b1ae85542c21cf3
0x4a1034,0x122450,11928,0x2917cc,0x1bc,0x100,0x29ba412bc9ea4933
0x4a106c,0x122010,11894,0x537d20,0x23c,0x100,0xd6e42c5b995b705c
0x4a10f0,0x122470,11929,0x639488,0x34,0x10,0x80857a9c46e10a6a
0x4a11ac,0x122490,11930,0x678fd4,0x158,0x100,0xca872663b8906522
0x4a11e4,0x122010,11894,0x537d20,0x23c,0x100,0xd6e42c5b995b705c
0x4a1268,0x1224b0,11931,0x371890,0x1a0,0x100,0x89d70edbe9fdf3ce
0x4a1350,0x1224d0,11932,0x484564,0x108,0x100,0xa5cf64ad077ec868
0x4a1438,0x1224f0,11933,0x42e238,0x30,0x100,0xe8b7ef291038f656
0x4a1520,0x122510,11934,0x49c164,0x18c,0x100,0xb9dac10aaecf274e
0x4a15dc,0x122530,11935,0x42ec38,0x168,0x100,0x2af62225b25e0fd6
0x4a16c4,0x122550,11936,0x49ac64,0xe8,0x100,0xb7ba1b5abab31250
0x4a1780,0x122570,11937,0x496064,0x2f4,0x100,0x2415f8c73fb1b09e
0x4a183c,0x122590,11938,0x232d08,0x1d8,0x100,0x2050807584e33fce
0x4a18f8,0x1225b0,11939,0x531320,0x1f0,0x100,0xd45d91db04df229
0x4a19b4,0x1225d0,11940,0x493764,0x1cc,0x100,0xae3ddd134683cc4f
0x4a19ec,0x122010,11894,0x537d20,0x23c,0x100,0xd6e42c5b995b705c
0x4a1a70,0x1225f0,11941,0x366390,0x2f0,0x100,0x6d4598f39e5456a0
0x4a1b2c,0x122610,11942,0x6156e0,0x68,0x100,0x2ff67da0f634133b
0x4a1be8,0x122630,11943,0x31183c,0x64,0x100,0xdf4270724f3f613d
0x4a1ca4,0x122650,11944,0x4c8d44,0x1e4,0x100,0x35e57aa6b8b96eae
0x4a1d60,0x122670,11945,0x262894,0x194,0x100,0xc1e47a89d635830d
0x4a1e1c,0x122690,11946,0x378390,0x150,0x100,0xed4209b1d5a6a093
0x4a1ed8,0x1226d0,11948,0x484264,0x14c,0x100,0xeeed28edd411b158
0x4a1f94,0x122730,11951,0x426338,0x194,0x100,0x23efea07c4e1eb37
0x4a2050,0x122750,11952,0x556c4c,0x1cc,0x100,0xc5a3927dd6ac49b
0x4a2088,0x122010,11894,0x537d20,0x23c,0x100,0xd6e42c5b995b705c
0x4a210c,0x122770,11953,0x55a04c,0x18c,0x100,0xd0ad7224567e9d31
0x4a21c8,0x122790,11954,0x226234,0x208,0x100,0xd7203cc1bc2be513
0x4a2284,0x1227b0,11955,0x55ae4c,0x154,0x100,0x565481d876094fa2
0x4a2340,0x1227d0,11956,0x52fa20,0x158,0x100,0xa4fcd0b3d3acc052
0x4a2378,0x122010,11894,0x537d20,0x23c,0x100,0xd6e42c5b995b705c
0x4a23fc,0x1227f0,11957,0x31603c,0x158,0x100,0x41b10c782b2a7666
0x4a24b8,0x122810,11958,0x233608,0xf0,0x100,0x8fbd205712fca1fb
0x4a2574,0x122830,11959,0x498864,0x5c,0x100,0x8e19070b74f73a21
0x4a25ac,0x122010,11894,0x537d20,0x23c,0x100,0xd6e42c5b995b705c
0x4a2630,0x122850,11960,0x2e8314,0x1a0,0x100,0x1cfbf7527af2e1c0
0x4a26ec,0x122890,11962,0x2fff6c,0x100,0x100,0x2c8dda767a967409
0x4a27a8,0x1228f0,11965,0x4caf44,0x150,0x100,0x52d6fb9c7b684b0b
0x4a27e0,0x122010,11894,0x537d20,0x23c,0x100,0xd6e42c5b995b705c
0x4a2864,0x122910,11966,0x485764,0x16c,0x100,0xb9c005912f74c08c
0x4a2920,0x122930,11967,0x428e38,0x118,0x100,0x7ba2e93e9d901c51
0x4a29dc,0x122950,11968,0x25bf94,0x114,0x100,0x8068c0013fd7b089
0x4a2a98,0x122970,11969,0x260294,0x64,0x100,0xff087d023d1ee6aa
0x4a2b54,0x122990,11970,0x2eca14,0x64,0x100,0x26695e029a962dd4
0x4a2bf0,0x1265f0,12453,0x4a7870,0x20,0x0,0x8d65396e45461ec1
0x4a2c2c,0x126610,12454,0x4a79d0,0x20,0x0,0x8037de8db8124b68
0x4a2e74,0x11a3d0,10900,0x478230,0x20,0x0,0xffcef5af55827aa9
0x4a2ef4,0x126010,12406,0x4a37b0,0x20,0x0,0xaaba43ce0f1330f5
0x4a3158,0x126eb0,12523,0x4ad8b0,0x20,0x0,0xd6824c1a32001f77
0x4a32c4,0x126630,12455,0x4a7b30,0x20,0x0,0xb18f431d5b18e54d
0x4a350c,0x126650,12456,0x4a7c90,0x20,0x0,0xb4bb2cd58f8a8e4b
0x4a3654,0x126010,12406,0x4a37b0,0x20,0x0,0xaaba43ce0f1330f5
0x4a36c4,0x126670,12457,0x4a7df0,0x20,0x0,0xb2a4875c66efc6ac
0x4a3a0c,0x126690,12458,0x4a7f50,0x20,0x0,0xdd503f038ce61e3d
0x4a3e14,0x1266b0,12459,0x4a80b0,0x20,0x0,0x8dc568ed5013cd34
0x4a3fc8,0x1266d0,12460,0x4a8210,0x20,0x0,0x765f71a803d6f1f9
0x4a4344,0x1266f0,12461,0x4a8370,0x20,0x0,0xb68e244f33c0fc35
0x4a4518,0x127e50,12648,0x4b84b0,0x20,0x0,0x5823c1232a1b59c7
0x4a4ca8,0x126ff0,12533,0x4ae670,0x20,0x0,0x1be5b04b0f13376c
0x4a4eb8,0x126710,12462,0x4a84d0,0x20,0x0,0xfbf16b8d5244cd3f
0x4a51d0,0x126730,12463,0x4a8630,0x20,0x0,0x497bcd4031c4aa9
0x4a5550,0x126750,12464,0x4a8790,0x20,0x0,0x480cb5b941923b00
0x4a56d0,0x127e50,12648,0x4b84b0,0x20,0x0,0x5823c1232a1b59c7
0x4a5e38,0x126770,12465,0x4a88f0,0x20,0x0,0x8cbe48ee288f64f8
0x4a602c,0x126790,12466,0x4a8a50,0x20,0x0,0xe125cf833d1d1df
0x4a6380,0x1267b0,12467,0x4a8bb0,0x20,0x0,0x2092d1e01fc1f796
0x4a6500,0x127e50,12648,0x4b84b0,0x20,0x0,0x5823c1232a1b59c7
0x4a6d20,0x1267d0,12468,0x4a8d10,0x20,0x0,0x13c001a82ecd8e03
0x4a6f2c,0x1267f0,12469,0x4a8e70,0x20,0x0,0x1affb6dae55734d2
0x4a72f0,0x126810,12470,0x4a8fd0,0x20,0x0,0x57fa90f87ab9eb02
0x4a7434,0x127e50,12648,0x4b84b0,0x20,0x0,0x5823c1232a1b59c7
0x4a7d1c,0x126830,12471,0x4a9130,0x20,0x0,0xe4aa6af4722390fa
0x4a8058,0x126030,12407,0x4a3910,0x20,0x0,0xed28b9686334ef04
0x4a8244,0x126850,12472,0x4a9290,0x20,0x0,0x78f146605a167fac
0x4aa918,0x126870,12473,0x4a93f0,0x20,0x0,0x38795b42e4490814
0x4aac20,0x126890,12474,0x4a9550,0x20,0x0,0x13b859e10240d0b4
0x4aaea0,0x1268b0,12475,0x4a96b0,0x20,0x0,0xbe60a0e2ada3778d
0x4ab050,0x1268d0,12476,0x4a9810,0x20,0x0,0xa96ec7b4abb5f2fc
0x4ab2c0,0x1268f0,12477,0x4a9970,0x20,0x0,0xfe3b8b082866e45
0x4ab418,0x126910,12478,0x4a9ad0,0x20,0x0,0x296e9f6053d244a0
0x4ab5d4,0x126930,12479,0x4a9c30,0x20,0x0,0xfdc80919a4bbf926
0x4ab878,0x126950,12480,0x4a9d90,0x20,0x0,0x199e376357eb4678
0x4ad2b8,0x126970,12481,0x4a9ef0,0x20,0x0,0x11cb5942e9dc4fc1
0x4ad470,0x127e50,12648,0x4b84b0,0x20,0x0,0x5823c1232a1b59c7
0x4ad5e0,0x126990,12482,0x4aa050,0x20,0x0,0x4359649c9f140ea1
0x4ae768,0x1269f0,12485,0x4aa470,0x20,0x0,0x1201c0ea753201e6
0x4af280,0x126ab0,12491,0x4aacb0,0x20,0x0,0x8d1b2e3f7f58c6e2
0x4af450,0x126ad0,12492,0x4aae10,0x20,0x0,0x7701e254f2468cf6
0x4af694,0x126af0,12493,0x4aaf70,0x20,0x0,0xbe93aff1feccd034
0x4af9c8,0x126030,12407,0x4a3910,0x20,0x0,0xed28b9686334ef04
0x4b0124,0x126030,12407,0x4a3910,0x20,0x0,0xed28b9686334ef04
0x4b0634,0x126bb0,12499,0x4ab7b0,0x20,0x0,0xee1e7c36cca64141
0x4b0734,0x126bf0,12501,0x4aba70,0x20,0x0,0x2343420afcee7ac5
0x4b09b8,0x126c70,12505,0x4abff0,0x20,0x0,0xb4b8d73c40d6c11c
0x4b0b1c,0x126d30,12511,0x4ac830,0x20,0x0,0xc34ed2ff67a384b1
0x4b0c70,0x126cf0,12509,0x4ac570,0x20,0x0,0x6c4a11bb03c8c690
0x4b0ddc,0x126ab0,12491,0x4aacb0,0x20,0x0,0x8d1b2e3f7f58c6e2
0x4b10cc,0x126ef0,12525,0x4adb70,0x20,0x0,0x844570c095af1d42
0x4b141c,0x126f10,12526,0x4adcd0,0x20,0x0,0x99ad452ab223dd52
0x4b1700,0x126fb0,12531,0x4ae3b0,0x20,0x0,0xc1dee73de9910cd2
0x4b1838,0x126fd0,12532,0x4ae510,0x20,0x0,0x53e58da7441dd60a
0x4b193c,0x127010,12534,0x4ae7d0,0x20,0x0,0x3f3d30c3f5d27e78
0x4b1d4c,0x127030,12535,0x4ae930,0x20,0x0,0x85af7352b2ac72a3
0x4b1e8c,0x127090,12538,0x4aed50,0x20,0x0,0xdb06d1dc5bbdb9a0
0x4b202c,0x1270d0,12540,0x4af010,0x20,0x0,0xcd58c8d802a49092
0x4b2114,0x127010,12534,0x4ae7d0,0x20,0x0,0x3f3d30c3f5d27e78
0x4b2140,0x127010,12534,0x4ae7d0,0x20,0x0,0x3f3d30c3f5d27e78
0x4b21ec,0x1270f0,12541,0x4af170,0x20,0x0,0x3828f70986b1865a
0x4b22a4,0x127110,12542,0x4af2d0,0x20,0x0,0xad45a5ace573fa39
0x4b2504,0x127130,12543,0x4af430,0x20,0x0,0x6fd3a6a81ff8b0ed
0x4b25f0,0x127010,12534,0x4ae7d0,0x20,0x0,0x3f3d30c3f5d27e78
0x4b261c,0x127010,12534,0x4ae7d0,0x20,0x0,0x3f3d30c3f5d27e78
0x4b2730,0x127150,12544,0x4af590,0x20,0x0,0xec25593fc8c88069
0x4b2a28,0x127190,12546,0x4af850,0x20,0x0,0xb3726f64a3c688c5
0x4b2cf4,0x127170,12545,0x4af6f0,0x20,0x0,0xd39e307568fd5434
0x4b2f60,0x1271b0,12547,0x4af9b0,0x20,0x0,0x61c9970b65ceee0b
0x4b3044,0x127010,12534,0x4ae7d0,0x20,0x0,0x3f3d30c3f5d27e78
0x4b3054,0x127190,12546,0x4af850,0x20,0x0,0xb3726f64a3c688c5
0x4b31b8,0x127010,12534,0x4ae7d0,0x20,0x0,0x3f3d30c3f5d27e78
0x4b335c,0x1271d0,12548,0x4afb10,0x20,0x0,0x800b29e18ec049fa
0x4b355c,0x1271f0,12549,0x4afc70,0x20,0x0,0xfbb590ca3c56b2c1
0x4b3640,0x127010,12534,0x4ae7d0,0x20,0x0,0x3f3d30c3f5d27e78
0x4b36c8,0x127210,12550,0x4afdd0,0x20,0x0,0x6610374d06a6763f
0x4b37a0,0x127010,12534,0x4ae7d0,0x20,0x0,0x3f3d30c3f5d27e78
0x4b37f8,0x127230,12551,0x4aff30,0x20,0x0,0xcaf884f81d77f514
0x4b391c,0x127250,12552,0x4b0090,0x20,0x0,0xabd01002b0013ca4
0x4b3a38,0x127270,12553,0x4b01f0,0x20,0x0,0xdd45f794719ab09c
0x4b3da4,0x127290,12554,0x4b0350,0x20,0x0,0x3bb58ebcf2d6a21a
0x4b408c,0x1272b0,12555,0x4b04b0,0x20,0x0,0x94a7c31558f9042c
0x4b41c0,0x1272d0,12556,0x4b0610,0x20,0x0,0x879a87e5f37f42c0
0x4b42dc,0x1272f0,12557,0x4b0770,0x20,0x0,0xd33b082e13b7138b
0x4b43ec,0x127310,12558,0x4b08f0,0x20,0x0,0xa0afd757871662c5
0x4b448c,0x127330,12559,0x4b0a50,0x20,0x0,0x6de291c61e048193
0x4b47b4,0x127350,12560,0x4b0bb0,0x20,0x0,0x6ff998bee4421c0e
0x4b491c,0x127370,12561,0x4b0d10,0x20,0x0,0xd168eedbe9495f65
0x4b4b18,0x127430,12567,0x4b1550,0x20,0x0,0xdca5de6ab55c2afa
0x4b4c00,0x127010,12534,0x4ae7d0,0x20,0x0,0x3f3d30c3f5d27e78
0x4b4c38,0x127450,12568,0x4b16b0,0x20,0x0,0x29acda8cd5d586c1
0x4b4e7c,0x1274f0,12573,0x4b1d90,0x20,0x0,0xdddff0f958a0fa04
0x4b5028,0x127530,12575,0x4b2050,0x20,0x0,0xccf520275afa281e
0x4b5194,0x127550,12576,0x4b21b0,0x20,0x0,0xf3bbc2c81212ac1c
0x4b5368,0x127570,12577,0x4b2310,0x20,0x0,0x6881439e2f824b0a
0x4b54c4,0x127710,12590,0x4b34f0,0x20,0x0,0x9f068383220041e6
0x4b55ac,0x127010,12534,0x4ae7d0,0x20,0x0,0x3f3d30c3f5d27e78
0x4b56b0,0x1277b0,12595,0x4b3bd0,0x20,0x0,0xfcf299df6a839cf4
0x4b5ab4,0x1277d0,12596,0x4b3d30,0x20,0x0,0x3cf1f18a7e1775d3
0x4b5c04,0x1277f0,12597,0x4b3e90,0x20,0x0,0x5d8c3a49db50a04d
0x4b5e00,0x127810,12598,0x4b3ff0,0x20,0x0,0xce59fdd34299d9ef
0x4b6004,0x127830,12599,0x4b4150,0x20,0x0,0x4c1fe33462bea3d8
0x4b60d4,0x127850,12600,0x4b42b0,0x20,0x0,0x5445d81b5b964d34
0x4b61f4,0x127870,12601,0x4b4410,0x20,0x0,0xc4785b406c775874
0x4b6294,0x127890,12602,0x4b4570,0x20,0x0,0x184daa944c8906c4
0x4b6418,0x1278b0,12603,0x4b46d0,0x20,0x0,0xd1e6a4fd45ae2a26
0x4b6604,0x127a10,12614,0x4b55f0,0x20,0x0,0x2b659c705cf6fe18
0x4b671c,0x127a30,12615,0x4b5750,0x20,0x0,0xfe4ec46fe45c2e5
0x4b68a0,0x127a50,12616,0x4b58b0,0x20,0x0,0x7d172999f787fd1e
0x4b6aac,0x127a70,12617,0x4b5a10,0x20,0x0,0x11e2c8ccaa3e9d9f
0x4b6b9c,0x127030,12535,0x4ae930,0x20,0x0,0x85af7352b2ac72a3
0x4b6d9c,0x127a90,12618,0x4b5b70,0x20,0x0,0x5d2cfcd547a7908
0x4b6ee4,0x127ab0,12619,0x4b5cd0,0x20,0x0,0xd4e7e6a9508a4ebf
0x4b7108,0x127ad0,12620,0x4b5e30,0x20,0x0,0x8fb74fea14d1320a
0x4b7330,0x127af0,12621,0x4b5f90,0x20,0x0,0x21b325a1821431c1
0x4b74a4,0x127b50,12624,0x4b63b0,0x20,0x0,0xe746121180609198
0x4b7908,0x127b30,12623,0x4b6250,0x20,0x0,0xbd7121be4522360
0x4b7cbc,0x127b90,12626,0x4b6670,0x20,0x0,0x97581f83dfa3bff6
0x4b817c,0x127bb0,12627,0x4b67d0,0x20,0x0,0xd168eedbe9495f65
0x4b8568,0x127bd0,12628,0x4b6930,0x20,0x0,0x778b4605fc264cff
0x4b86dc,0x127c10,12630,0x4b6bf0,0x20,0x0,0xfde38a7c4d28bae5
0x4b88c0,0x127c30,12631,0x4b6d50,0x20,0x0,0x119e1b368914af4f
0x4b8f0c,0x127cb0,12635,0x4b72d0,0x20,0x0,0x24eb6e26f2015efc
0x4b9018,0x127cd0,12636,0x4b7430,0x20,0x0,0xa0befb9ded4b45ad
0x4b9168,0x127cf0,12637,0x4b7590,0x20,0x0,0x756a796d3877575e
0x4b9334,0x127d10,12638,0x4b76f0,0x20,0x0,0xdbe34cb447f7b928
0x4b9428,0x127d30,12639,0x4b7850,0x20,0x0,0xd75eaadb99198fc1
0x4b95ac,0x127d50,12640,0x4b79b0,0x20,0x0,0x80c5a3e90f157dc1
0x4b96e0,0x127d70,12641,0x4b7b10,0x20,0x0,0x5508702e39a8456c
0x4b9848,0x127d90,12642,0x4b7c70,0x20,0x0,0x29acda8cd5d586c1
0x4b9aec,0x127db0,12643,0x4b7dd0,0x20,0x0,0x40278068d09290e1
0x4b9c94,0x127dd0,12644,0x4b7f30,0x20,0x0,0xbe4eeccba0a9230b
0x4b9e20,0x127df0,12645,0x4b8090,0x20,0x0,0xef5de9f36c28ce4e
0x4ba084,0x127e30,12647,0x4b8350,0x20,0x0,0x2d1fef14960ffade
0x4ba424,0x127e10,12646,0x4b81f0,0x20,0x0,0x345267dcdbf62a4f
0x4ba680,0x127e90,12650,0x4b8770,0x20,0x0,0x6ff998bee4421c0e
0x4ba8c8,0x127f10,12654,0x4b8cf0,0x20,0x0,0x8c9e7a903a05ec1b
0x4bae4c,0x127eb0,12651,0x4b88d0,0x20,0x0,0xe4c69abb84ae253c
0x4baf94,0x127ed0,12652,0x4b8a30,0x20,0x0,0x580cfc924ded4abf
0x4bb148,0x127ef0,12653,0x4b8b90,0x20,0x0,0x8ab1d75d66e1d60e
0x4bb330,0x127fb0,12659,0x4b93d0,0x20,0x0,0x9680cf5e2fd76e3
0x4bb638,0x127ff0,12661,0x4b9690,0x20,0x0,0x7534188b89a86794
0x4bba38,0x128030,12663,0x4b9950,0x20,0x0,0x7119f8c4fd410cfd
0x4bbeac,0x1282b0,12683,0x4bb4d0,0x20,0x0,0x5b9d55aef3e519d1
0x4bbfec,0x1282d0,12684,0x4bb630,0x20,0x0,0x348a78a45d700253
0x4bc304,0x1282f0,12685,0x4bb790,0x20,0x0,0x3149e53841125f7b
0x4bc4d0,0x128310,12686,0x4bb8f0,0x20,0x0,0x6699f3844bf26800
0x4bc6f8,0x128330,12687,0x4bba50,0x20,0x0,0x810015bd97d18877
0x4bc80c,0x128350,12688,0x4bbbb0,0x20,0x0,0x53232fe2b6f0a6d9
0x4bc9a8,0x128370,12689,0x4bbd30,0x20,0x0,0x3f2baaa97922026d
0x4bcb68,0x128390,12690,0x4bbe90,0x20,0x0,0x807ea7f0412230b0
0x4bcf6c,0x1284f0,12701,0x4bcdb0,0x20,0x0,0x6260d02784523eee
0x4bd300,0x128510,12702,0x4bcf10,0x20,0x0,0xf136dcec29d105ba
0x4bd86c,0x128530,12703,0x4bd070,0x20,0x0,0x42fccbc5c33777bb
0x4bdb8c,0x128550,12704,0x4bd1d0,0x20,0x0,0x5e394a5f0ca62f5c
0x4bdc80,0x128030,12663,0x4b9950,0x20,0x0,0x7119f8c4fd410cfd
0x4bdd60,0x128570,12705,0x4bd330,0x20,0x0,0xc249ccdb68feb738
0x4bdfc8,0x128590,12706,0x4bd490,0x20,0x0,0xb2073295a2c52266
0x4be114,0x1285b0,12707,0x4bd5f0,0x20,0x0,0x7d3b64ae3b32734b
0x4be228,0x1285d0,12708,0x4bd750,0x20,0x0,0xef32671da8c13518
0x4be340,0x1285f0,12709,0x4bd8b0,0x20,0x0,0xce8584e47797e68c
0x4be540,0x128610,12710,0x4bda10,0x20,0x0,0x6aa8f261bfadd7ef
0x4be6ac,0x128630,12711,0x4bdb70,0x20,0x0,0x2c7dfafd6c9f476d
0x4be814,0x128650,12712,0x4bdcd0,0x20,0x0,0xc8b3065da7704883
0x4be980,0x128030,12663,0x4b9950,0x20,0x0,0x7119f8c4fd410cfd
0x4bea18,0x128670,12713,0x4bde30,0x20,0x0,0xf8e0fec4c064b8cb
0x4beee0,0x1286b0,12715,0x4be0f0,0x20,0x0,0x879a87e5f37f42c0
0x4bf0d8,0x128690,12714,0x4bdf90,0x20,0x0,0xb174e157339b7693
0x4bf3a4,0x1287d0,12724,0x4bed50,0x20,0x0,0xb3474cf879f9282a
0x4bf450,0x1286b0,12715,0x4be0f0,0x20,0x0,0x879a87e5f37f42c0
0x4bf6ec,0x1287f0,12725,0x4beeb0,0x20,0x0,0xc5e5d5a258c95e01
0x4bf8f4,0x128b50,12752,0x4c13d0,0x20,0x0,0xc7dcd90a8c06be97
0x4bfa90,0x128c10,12758,0x4c1c10,0x20,0x0,0x5567d7b5477dda2b
0x4bfca8,0x128eb0,12779,0x4c38f0,0x20,0x0,0x90bc1b700fce13de
0x4bfe30,0x129030,12791,0x4c4970,0x20,0x0,0x93e5d9130f136187
0x4c007c,0x129150,12800,0x4c55d0,0x20,0x0,0xae792d553e7069f0
0x4c01cc,0x129790,12850,0x4c9ab0,0x20,0x0,0x8e7b08cc292467af
0x4c040c,0x1299d0,12868,0x4cb370,0x20,0x0,0x676aada176eedb26
0x4c05e0,0x1299f0,12869,0x4cb4d0,0x20,0x0,0x1ccd039a73c063fb
0x4c071c,0x126d70,12513,0x4acaf0,0x20,0x0,0xf1e63afbf91b17db
0x4c08e0,0x129a10,12870,0x4cb630,0x20,0x0,0xce08215dbe3a043b
0x4c0a10,0x129a30,12871,0x4cb790,0x20,0x0,0xd849b4a78d140edd
0x4c0b84,0x129a50,12872,0x4cb8f0,0x20,0x0,0x69628102026e7ea0
0x4c0f44,0x129a70,12873,0x4cba50,0x20,0x0,0x895038e5d70e4636
0x4c0ff8,0x126d70,12513,0x4acaf0,0x20,0x0,0xf1e63afbf91b17db
0x4c1344,0x129a90,12874,0x4cbbb0,0x20,0x0,0x4d97f8c0eaa03620
0x4c1484,0x127e70,12649,0x4b8610,0x20,0x0,0x102de00b2945754c
0x4c15b4,0x127e50,12648,0x4b84b0,0x20,0x0,0x5823c1232a1b59c7
0x4c16ac,0x129ab0,12875,0x4cbd10,0x20,0x0,0xb16ff4820b2dc636
0x4c1920,0x129ad0,12876,0x4cbe70,0x20,0x0,0x6233150ecee1e871
0x4c19ec,0x127e70,12649,0x4b8610,0x20,0x0,0x102de00b2945754c
0x4c1b4c,0x127e50,12648,0x4b84b0,0x20,0x0,0x5823c1232a1b59c7
0x4c1c48,0x129af0,12877,0x4cbfd0,0x20,0x0,0xcbfac0373f5af1bd
0x4c1dc0,0x127e70,12649,0x4b8610,0x20,0x0,0x102de00b2945754c
0x4c1ef0,0x127e50,12648,0x4b84b0,0x20,0x0,0x5823c1232a1b59c7
0x4c1fd4,0x129b10,12878,0x4cc130,0x20,0x0,0x69628102026e7ea0
0x4c22fc,0x129b30,12879,0x4cc290,0x20,0x0,0x9e6021ad98635a1f
0x4c24cc,0x129b50,12880,0x4cc3f0,0x20,0x0,0x65c0fa05f7e85001
0x4c2658,0x129b70,12881,0x4cc550,0x20,0x0,0x36e0d1b17dcbc289
0x4c274c,0x129150,12800,0x4c55d0,0x20,0x0,0xae792d553e7069f0
0x4c2788,0x129b90,12882,0x4cc6b0,0x20,0x0,0xe3d18cf190781eaa
0x4c2870,0x129b90,12882,0x4cc6b0,0x20,0x0,0xe3d18cf190781eaa
0x4c29c8,0x129bb0,12883,0x4cc810,0x20,0x0,0x2e81cbb6a3557bce
0x4c2b44,0x129bd0,12884,0x4cc970,0x20,0x0,0x7fc13bf209b7f7e9
0x4c2ba8,0x129bf0,12885,0x4ccad0,0x20,0x0,0x3d5ea9f634aec91e
0x4c2cac,0x126d30,12511,0x4ac830,0x20,0x0,0xc34ed2ff67a384b1
0x4c2e88,0x129c10,12886,0x4ccc30,0x20,0x0,0x65c0fa05f7e85001
0x4c305c,0x129c30,12887,0x4ccd90,0x20,0x0,0xe1750291c668e983
0x4c3280,0x129c50,12888,0x4ccef0,0x20,0x0,0x7d97f78e489fe398
0x4c3454,0x129c70,12889,0x4cd050,0x20,0x0,0x2e81cbb6a3557bce
0x4c357c,0x129010,12790,0x4c4810,0x20,0x0,0xd4ff6dcf7c73cf68
0x4c3718,0x129c90,12890,0x4cd1b0,0x20,0x0,0xcab04b33c94d3a91
0x4c3a74,0x129cb0,12891,0x4cd310,0x20,0x0,0xf05ea9f6345d391f
0x4c3c20,0x129cd0,12892,0x4cd470,0x20,0x0,0x4aa718d74ddbebf1
0x4c3d24,0x129010,12790,0x4c4810,0x20,0x0,0xd4ff6dcf7c73cf68
0x4c3e64,0x129cf0,12893,0x4cd5d0,0x20,0x0,0x3478d3657c613e89
0x4c4088,0x129d10,12894,0x4cd730,0x20,0x0,0x67c8d57191c1806c
0x4c4674,0x129db0,12899,0x4cde10,0x20,0x0,0x307f64a677f68ccf
0x4c4818,0x129dd0,12900,0x4cdf70,0x20,0x0,0x9bddbb4ea46ffe95
0x4c4964,0x129010,12790,0x4c4810,0x20,0x0,0xd4ff6dcf7c73cf68
0x4c4aa4,0x129df0,12901,0x4ce0d0,0x20,0x0,0x1fd71fc2f3eb5f46
0x4c4c08,0x129e10,12902,0x4ce230,0x20,0x0,0x30ddc8e6755d47ce
0x4c4e98,0x129e30,12903,0x4ce390,0x20,0x0,0xe315674484c1419d
0x4c4ff8,0x129e90,12906,0x4ce7b0,0x20,0x0,0x3235cf4ea48cec61
0x4c5b14,0x129eb0,12907,0x4ce910,0x20,0x0,0x1ff24fc2f3fb5f46
0x4c5df8,0x129ed0,12908,0x4cea70,0x20,0x0,0x30ddc8e6755d47ce
0x4c607c,0x129ef0,12909,0x4cebd0,0x20,0x0,0x64808547f5ca9d0b
0x4c6370,0x129f10,12910,0x4ced30,0x20,0x0,0x2b674b9e7615eee7
0x4c6504,0x129f30,12911,0x4cee90,0x20,0x0,0xd3112f83bfbf06fd
0x4c66b4,0x129f50,12912,0x4c7644,0x98c,0x100,0xc5744d471d5b4610
0x4c67a4,0x129f90,12914,0x4db144,0x17f0,0x100,0xed5e5c832c367e5
0x4c67dc,0x129010,12790,0x4c4810,0x20,0x0,0xd4ff6dcf7c73cf68
0x4c6874,0x129fd0,12916,0x4a0b64,0x160,0x100,0x5e1e382a29d1e20
0x4c68ac,0x129010,12790,0x4c4810,0x20,0x0,0xd4ff6dcf7c73cf68
0x4c697c,0x12a010,12918,0x429b38,0x168,0x100,0x5895b55c82278fb7
0x4c6a4c,0x12a030,12919,0x2ed314,0x5d8,0x100,0x8e8b1ad0d016e292
0x4c6b34,0x12a050,12920,0x2e4114,0x74,0x100,0xb3af030e55ff540f
0x4c6c1c,0x12a070,12921,0x5af8fc,0x1a8,0x100,0x564746efba316b01
0x4c6cd8,0x12a090,12922,0x377690,0xf8,0x100,0x1983d88fc642b187
0x4c6d10,0x12a010,12918,0x429b38,0x168,0x100,0x5895b55c82278fb7
0x4c6dc8,0x12a0b0,12923,0x47f864,0x22f4,0x100,0x351bc9d1738d9513
0x4c6e84,0x12a0d0,12924,0x371490,0x784,0x100,0x91996cb13c3dc6a7
0x4c6f6c,0x12a130,12927,0x47f264,0x38,0x100,0xe0c14b970f2623f
0x4c7028,0x12a150,12928,0x374390,0x13c,0x100,0x25cef4dd13eccc5f
0x4c7110,0x12a170,12929,0x2892cc,0x38,0x100,0x71770c49be9794a7
0x4c71f8,0x12a190,12930,0x2881cc,0x6e8,0x100,0xed79555055a996a6
0x4c72e0,0x12a1b0,12931,0x232f08,0x320,0x100,0xbd2759cfe97b9801
0x4c73d0,0x12a1d0,12932,0x493664,0x2c,0x100,0x47d13f5e26f2b392
0x4c748c,0x12a1f0,12933,0x225c34,0x938,0x100,0x1506e5f9b1567bfc
0x4c7548,0x12a210,12934,0x366c90,0x258,0x100,0xc374988f979a0be4
0x4c7638,0x12a230,12935,0x4d2244,0x1b0,0x100,0xe09f42dfecda38cc
0x4c7670,0x12a010,12918,0x429b38,0x168,0x100,0x5895b55c82278fb7
0x4c76f4,0x12a250,12936,0x60eee0,0x16c,0x100,0x2b3d0915456b8dd9
0x4c77b0,0x12a270,12937,0x2117a0,0x7d4,0x100,0x7b74163854a9408b
0x4c786c,0x12a290,12938,0x2e4814,0x24c,0x100,0x8eb615fbf32d7952
0x4c795c,0x12a2b0,12939,0x393b54,0x230,0x100,0x7557ea0546d1f683
0x4c7a18,0x12a2d0,12940,0x365a90,0x128,0x100,0x2a5ec190bef9d5e0
0x4c7b08,0x12a2f0,12941,0x55c04c,0x200,0x100,0x2ac1205786cbcc68
0x4c7b40,0x12a010,12918,0x429b38,0x168,0x100,0x5895b55c82278fb7
0x4c7bc4,0x12a330,12943,0x266294,0x140,0x100,0x96428827832d779a
0x4c7cac,0x12a350,12944,0x265d94,0x158,0x100,0x26ba230dc428bb06
0x4c7d68,0x12a370,12945,0x426438,0x168,0x100,0xcb570cbbdbad3221
0x4c7e24,0x12a3b0,12947,0x4d9a44,0xd8,0x100,0x9f7f8b063d0cc963
0x4c7f18,0x12a3d0,12948,0x233808,0x298,0x100,0xf4a3390981b32a06
0x4c7fd4,0x12a3f0,12949,0x6019e0,0x150,0x100,0x96dd69db3b0dc447
0x4c8090,0x12a410,12950,0x650f50,0x368,0x100,0xc6dbc4a28e2fc69
0x4c8180,0x12a430,12951,0x4c6744,0x74,0x100,0x72934d026c34cb11
0x4c8270,0x12a450,12952,0x55704c,0x7c,0x100,0x87ba93e0eb232a72
0x4c8360,0x12a470,12953,0x49f664,0x70,0x100,0x838493e70a016906
0x4c8450,0x12a490,12954,0x4d7944,0x70,0x100,0xac7b5bd9b296d86a
0x4c8540,0x12a4b0,12955,0x22a134,0x84,0x100,0x48f0e125b3b16eba
0x4c8628,0x12a4d0,12956,0x496864,0x3c,0x100,0xaf7f922f9273d3fe
0x4c8710,0x12a4f0,12957,0x3bd198,0x30,0x100,0x2739c93bec226566
0x4c8748,0x12a010,12918,0x429b38,0x168,0x100,0x5895b55c82278fb7
0x4c8800,0x12a510,12958,0x4dae44,0x24,0x100,0x5970e1d3faffb9a
0x4c88f0,0x12a530,12959,0x2ec714,0x30,0x100,0x5619ee67e957744a
0x4c89d8,0x12a550,12960,0x480a64,0x30,0x100,0x61d47c81018e7f28
0x4c8ac8,0x12a570,12961,0x42b538,0x2c,0x100,0x76e60b22fd2e66e
0x4c8b84,0x12a590,12962,0x4d8144,0x98,0x100,0x5ba30510dabfc356
0x4c8c74,0x12a5b0,12963,0x3b5974,0x7c,0x100,0x8eab415bf70910f5
0x4c8d64,0x12a5d0,12964,0x420438,0x328,0x100,0xf667c81316dabc02
0x4c8e54,0x12a5f0,12965,0x650a50,0x1a4,0x100,0x60361e829af3a507
0x4c8e8c,0x12a010,12918,0x429b38,0x168,0x100,0x5895b55c82278fb7
0x4c8f3c,0x12a610,12966,0x265c94,0x3c,0x100,0x3b3689b7508b691d
0x4c902c,0x12a630,12967,0x396254,0x2c,0x100,0x12e654f701519414
0x4c911c,0x12a650,12968,0x533a20,0x168,0x100,0x9a3cbc0362c03dc6
0x4c9204,0x12a670,12969,0x492464,0x124,0x100,0x880c122bfec226d0
0x4c92f4,0x12a690,12970,0x4cd444,0x1a4,0x100,0x79f761028272470d
0x4c93e4,0x12a6b0,12971,0x535320,0x34,0x100,0x95c3d0bd1d506c71
0x4c94cc,0x12a6d0,12972,0x28f8cc,0x20,0x100,0xc7ba703d37642864
0x4c9504,0x12a010,12918,0x429b38,0x168,0x100,0x5895b55c82278fb7
0x4c95c0,0x12a6f0,12973,0x2eb314,0x2a4,0x100,0x56e32cdb05dde4ed
0x4c95f8,0x12a010,12918,0x429b38,0x168,0x100,0x5895b55c82278fb7
0x4c96b0,0x12a710,12974,0x4d1044,0x318,0x100,0x50a42dcedc099104
0x4c97a0,0x12a730,12975,0x2e9d14,0x68,0x100,0xdd2aa6a713e4618
0x4c9888,0x12a750,12976,0x28d5cc,0x30,0x100,0x4c487bff220fee80
0x4c98c0,0x12a010,12918,0x429b38,0x168,0x100,0x5895b55c82278fb7
0x4c9978,0x12a770,12977,0x2e7b14,0x40,0x100,0xb3d3d11f38ac7cd7
0x4c9a60,0x12a790,12978,0x215978,0x28,0xd0,0x80a1ab674857f5c1
0x4c9b48,0x12a7b0,12979,0x492164,0x30,0x100,0x8d4d245f1ce1ac1a
0x4c9c38,0x12a7d0,12980,0x3b5e74,0x94,0x100,0x88bf5c957b47ce0
0x4c9d28,0x12a7f0,12981,0x31123c,0x5c,0x100,0xd5a81948584a0713
0x4c9e18,0x12a810,12982,0x42ea38,0x106c,0x100,0x6e7849e3e3f6c45f
0x4c9f00,0x12a830,12983,0x47ec64,0x280,0x100,0x82f5f417ae2f0a3f
0x4c9fe8,0x12a850,12984,0x4d9344,0x9dc,0x100,0x59cff79fc0dd44e1
0x4ca0a4,0x12a870,12985,0x265194,0x200,0x100,0xc559fadd5728bbbb
0x4ca18c,0x12a890,12986,0x419d38,0x1c,0x100,0x6ad9204f5571f3aa
0x4ca1c4,0x12a010,12918,0x429b38,0x168,0x100,0x5895b55c82278fb7
0x4ca274,0x12a8b0,12987,0x6148e0,0x28,0x100,0x1240dec5c51b26fd
0x4ca368,0x12a8d0,12988,0x3b7474,0x3c,0x100,0xae5cd88f2edb4e30
0x4ca450,0x12a8f0,12989,0x4dac44,0x1c,0x100,0xdf5c31641841a9f3
0x4ca488,0x12a010,12918,0x429b38,0x168,0x100,0x5895b55c82278fb7
0x4ca540,0x12a910,12990,0x2e7a14,0x70,0x100,0xd5e563fa2f00bbe
0x4ca578,0x12a010,12918,0x429b38,0x168,0x100,0x5895b55c82278fb7
0x4ca628,0x12a930,12991,0x52a120,0x38,0x100,0x1c3998128a54c6a0
0x4ca714,0x12a950,12992,0x233508,0xec,0x100,0xb93566c5a001d504
0x4ca804,0x12a970,12993,0x291fcc,0x228,0x100,0xa4ad746d1b4c628b
0x4ca8f4,0x12a990,12994,0x393454,0x68,0x100,0x64e1b89fb71d34cd
0x4ca9e4,0x12a9b0,12995,0x233b08,0x88,0x100,0xe5ae0ecbd11e6af
0x4caab8,0x12a9d0,12996,0x53e920,0x1a0,0x100,0xc31cf13daf0f24e7
0x4caba0,0x12a9f0,12997,0x3ac8d0,0x30,0x100,0xa8f55dfbe8ecd36
0x4cabd8,0x12a010,12918,0x429b38,0x168,0x100,0x5895b55c82278fb7
0x4caca8,0x12aa10,12998,0x6120e0,0xbc0,0x100,0x2698e1323ef63111
0x4cad98,0x12aa30,12999,0x26e400,0xe1c,0x100,0x232556d222898765
0x4cae54,0x12aa50,13000,0x28f0cc,0x1d4,0x100,0x380aea3780d22836
0x4caf3c,0x12aa70,13001,0x25b994,0x138,0x100,0xcc5eb87dc060ee54
0x4cb024,0x12aa90,13002,0x4cdc44,0x28,0x100,0xf14316c94f10aa9b
0x4cb118,0x12aab0,13003,0x258494,0x2a4,0x100,0x31869282b20e88cc
0x4cb1d4,0x12aad0,13004,0x262394,0x190,0x100,0x3c2d4efaf730ef45
0x4cb290,0x12aaf0,13005,0x4d3144,0xc8,0x100,0xa040d8feaed00a56
0x4cb34c,0x12ab10,13006,0x430f38,0x11c,0x100,0xf55a3427ea260db5
0x4cb408,0x12ab30,13007,0x418538,0xa4,0x100,0xb0493f1da5781bec
0x4cb4c4,0x12abb0,13011,0x42a638,0x134,0x100,0xaa3565ab5ba28338
0x4cb580,0x12abd0,13012,0x2f4914,0x84,0x100,0x1c754e96dc61e0e4
0x4cb63c,0x12abf0,13013,0x3b7d74,0x190,0x100,0xf1a2b6c58f49a90e
0x4cb6f8,0x12ac10,13014,0x371290,0x208,0x100,0x418e80626f7e041d
0x4cb7b4,0x12ac30,13015,0x2b5964,0xe4,0xd0,0x6bc67b8fd7cb3f6a
0x4cb870,0x12ac50,13016,0x52ca20,0x168,0x100,0x21863fb8a8c36e10
0x4cb92c,0x12ac90,13018,0x5a80fc,0x9c,0x100,0x8503989ece9ec51c
0x4cb964,0x12a010,12918,0x429b38,0x168,0x100,0x5895b55c82278fb7
0x4cb9e8,0x12acb0,13019,0x25e594,0x98,0x100,0xee0d6a70b48feddc
0x4cbaa4,0x12acd0,13020,0x215878,0x218,0x100,0x3806f2a3e65da674
0x4cbb60,0x12acf0,13021,0x28e3cc,0x288,0x100,0xc716a75beab69668
0x4cbb98,0x12a010,12918,0x429b38,0x168,0x100,0x5895b55c82278fb7
0x4cbc1c,0x12ad10,13022,0x497764,0xc0,0x100,0x8f3da07508cc6db8
0x4cbcd8,0x12ad30,13023,0x31493c,0x210,0x100,0xe3d102fc78acb99a
0x4cbd94,0x12ad50,13024,0x431a38,0xcc,0x100,0xf13cbbde530daba0
0x4cbdcc,0x12a010,12918,0x429b38,0x168,0x100,0x5895b55c82278fb7
0x4cbe50,0x12ad70,13025,0x31573c,0x19c,0x100,0x44f1f8a670f6e525
0x4cbf0c,0x12ad90,13026,0x22bc34,0x14c,0x100,0x2b39c40de16dd557
0x4cbfc8,0x12adb0,13027,0x266894,0x9c,0x100,0x422eceeec804d4cb
0x4cc0b0,0x12add0,13028,0x55994c,0x80,0x100,0x7e0e0239aee8770f
0x4cc16c,0x12adf0,13029,0x25d794,0x38,0x100,0xc22eb9e41e3e0251
0x4cc254,0x12ae10,13030,0x55b34c,0x28,0x100,0xdeea6e0597b8257e
0x4cc33c,0x12ae30,13031,0x2f1714,0x28,0x100,0xb1453ba8364eda9f
0x4cc424,0x12ae50,13032,0x395654,0x1b4,0x100,0x9418b85c8b052b0f
0x4cc50c,0x12ae70,13033,0x52af20,0x1a4,0x100,0x128d3aee2bd763d1
0x4cc5c8,0x12ae90,13034,0x52cf20,0xa4,0x100,0x2801e9a66d92ee6d
0x4cc684,0x12aef0,13037,0x55f84c,0x178,0x100,0xa8ab0a8e0ab32926
0x4cc6bc,0x12a010,12918,0x429b38,0x168,0x100,0x5895b55c82278fb7
0x4cc740,0x12af10,13038,0x41f038,0x1d8,0x100,0x41956fcd4795334
0x4cc7fc,0x12af50,13040,0x394f54,0x200,0x100,0xea9bfd2c08ed1ef9
0x4cc8b8,0x12af70,13041,0x695de4,0x1bc,0x100,0xbdaa082491434b4b
0x4cc974,0x12af90,13042,0x291fcc,0x228,0x100,0x2657f26eb12de554
0x4cca30,0x12afb0,13043,0x53f620,0xb4,0xd0,0x982eefeab44d5d9a
0x4ccaec,0x12b030,13047,0x2eed14,0x244,0x100,0xa2d67d2edec7d6af
0x4ccba8,0x12b050,13048,0x41a138,0xb0,0x100,0xc29a8726391fd73
0x4ccc64,0x12b070,13049,0x31743c,0x140,0x100,0x16b0ec9b3c5bf994
0x4ccd20,0x12b0b0,13051,0x6ccbc8,0x170,0x100,0xd4f8ec4983bcf8ab
0x4ccddc,0x12b0d0,13052,0x42f238,0x94,0x100,0xd016978744dbf03a
0x4cce98,0x12b0f0,13053,0x367590,0x8c,0x100,0x27eba40aa5181a60
0x4ccf80,0x12b110,13054,0x494064,0x68,0x100,0x52c408ee26b8c3ee
0x4ccfb8,0x12b010,13046,0x261c94,0x164,0x100,0x726038d7e3ce1b7c
0x4cd03c,0x12b130,13055,0x48bf64,0x1c4,0x100,0x5fc1b995e508fc33
0x4cd0f8,0x12b150,13056,0x4d8f44,0xac,0x100,0x67e8ed1cf044400c
0x4cd130,0x12b010,13046,0x261c94,0x164,0x100,0x726038d7e3ce1b7c
0x4cd1b4,0x12b170,13057,0x530220,0x98,0x100,0xd351d31088fe06dc
0x4cd270,0x12b190,13058,0x286680,0xb4,0x100,0xbd8e80a1accc7d73
0x4cd32c,0x12b1b0,13059,0x536120,0xac,0x100,0x22134b2f17bca51f
0x4cd3e8,0x12b1d0,13060,0x646028,0x170,0x100,0xe94cfbbe67b362a1
0x4cd4d0,0x12b1f0,13061,0x417638,0x70,0x100,0x6753398eafa85d62
0x4cd58c,0x12b210,13062,0x2eec14,0x68,0x100,0x63efa290b6d6e847
0x4cd648,0x12b230,13063,0x28c4cc,0x8c,0x100,0xbfb732db32d6080e
0x4cd704,0x12b270,13065,0x4ceb44,0xa8,0x100,0x4215f47c2ae94dff
0x4cd7c0,0x12b290,13066,0x28c7cc,0x188,0x100,0xd0b343ad4697bbed
0x4cd87c,0x12b2b0,13067,0x31333c,0xb0,0x100,0xaaf06c4a8b44bb68
0x4cd938,0x12b2d0,13068,0x49bd64,0x30,0x100,0x1abc059405052abf
0x4cd9f4,0x12b2f0,13069,0x536620,0x148,0x100,0x2d0c55f81e9a274a
0x4cdadc,0x12b310,13070,0x36b290,0x68,0x100,0x30327006ad0cf3d6
0x4cdb14,0x12b010,13046,0x261c94,0x164,0x100,0x726038d7e3ce1b7c
0x4cdb98,0x12b350,13072,0x482a64,0x174,0x100,0xbdd6f700f051de58
0x4cdc54,0x12b390,13074,0x22af34,0x30,0x100,0xbe0ad0b0cc418b24
0x4cdd3c,0x12b3b0,13075,0x487c64,0x78,0x100,0x2787ca14591329cc
0x4cddf8,0x12b3d0,13076,0x421438,0xac,0x100,0xf1eac9b56cd92da6
0x4cdeb4,0x12b3f0,13077,0x5ae4fc,0x24,0x100,0xa76f3f877b503562
0x4cdf70,0x12b410,13078,0x3b7374,0x148,0x100,0xe2b6c208161fa963
0x4ce02c,0x12b430,13079,0x42c938,0x370,0x100,0xad9aafc3b2db933c
0x4ce0e8,0x12b450,13080,0x4d9644,0x70,0x100,0x6daa3dfcd6ed9d52
0x4ce1a4,0x12b470,13081,0x2884cc,0x284,0x100,0x8796297f037f6232
0x4ce260,0x12b490,13082,0x4a2764,0x24,0x100,0x9df010bf1b1459d2
0x4ce31c,0x12b4b0,13083,0x4a0e64,0x128,0x100,0x68e5db6f9421d74f
0x4ce404,0x12b4d0,13084,0x42c538,0x68,0x100,0x5624110dc971b0cb
0x4ce43c,0x12b010,13046,0x261c94,0x164,0x100,0x726038d7e3ce1b7c
0x4ce4c0,0x12b4f0,13085,0x422e38,0x1a4,0x100,0xb055c2c5a2466ced
0x4ce57c,0x12b510,13086,0x4d3f44,0x9c,0x100,0x356d59b73e007fc5
0x4ce638,0x12b530,13087,0x53ab20,0x34,0x100,0xa6bf7083593d7559
0x4ce6f4,0x12b550,13088,0x312d3c,0x15c,0x100,0x813fd6646a8bd04b
0x4ce7b0,0x12b570,13089,0x202834,0xdc,0x100,0x55d70c41a8b0240b
0x4ce86c,0x12b5b0,13091,0x2e8514,0x128,0x100,0x7380b1269ededd10
0x4ce928,0x12b5d0,13092,0x3a3a34,0xac,0x100,0x609ba5e38d7285e
0x4ce9e4,0x12b690,13098,0x6bc5f8,0x160,0x100,0x46522478a10e3ae1
0x4ceaa0,0x12b6b0,13099,0x26d400,0x150,0x100,0x9cfa6d62142b7148
0x4ceb5c,0x12b6d0,13100,0x481664,0x2c,0x100,0x61bd8f798ec67965
0x4cec18,0x12b6f0,13101,0x6bd5a8,0x84,0x100,0xc1dde8789b636241
0x4cecd4,0x12b710,13102,0x262494,0x168,0x100,0x83dbc9cb75b63bba
0x4ced0c,0x12b010,13046,0x261c94,0x164,0x100,0x726038d7e3ce1b7c
0x4ced90,0x12b730,13103,0x422c38,0x158,0x100,0xf7cf03405dad0ade
0x4cee4c,0x12b750,13104,0x667748,0x98,0x100,0x2a848c2e384f7c9f
0x4cef08,0x12b770,13105,0x234708,0x1e0,0x100,0xb94341c9a098e290
0x4cefc4,0x12b790,13106,0x22b534,0xac,0x100,0xf1648fd485df6ca3
0x4cf080,0x12b7b0,13107,0x424a38,0x2fc,0x100,0x48f5dc64f4380e8
0x4cf13c,0x12b7d0,13108,0x391954,0x238,0x100,0xd387dc0cb1258ead
0x4cf1f8,0x12b7f0,13109,0x535020,0x5ac,0x100,0x1922b38792c75c59
0x4cf2b4,0x12b810,13110,0x4d8a44,0x1ac,0x100,0xed66938ecaa4364d
0x4cf370,0x12b830,13111,0x53dc20,0xb4,0x100,0xb199097493c1b6f1
0x4cf42c,0x12b850,13112,0x5afcfc,0x43c,0x100,0xfb45eb539713b9ba
0x4cf4e8,0x12b870,13113,0x60c5e0,0x1e4,0x100,0xef37e515324b26b0
0x4cf5a4,0x12b890,13114,0x312f3c,0x170,0x100,0xec0bbd8e512e740b
0x4cf660,0x12b8b0,13115,0x6167e0,0x160,0x100,0x476d46cc4cca6ea3
0x4cf71c,0x12b8d0,13116,0x42a138,0x12c,0x100,0x6e9c8506e88cca3d
0x4cf7d8,0x12b8f0,13117,0x2ec514,0x44,0x100,0xee8457f49cb9febb
0x4cf894,0x12b910,13118,0x6ca2c8,0xf8,0x100,0x2851df8b60500729
0x4cf950,0x12b930,13119,0x2edc14,0xa4,0x100,0x706549f54a963f14
0x4cfa0c,0x12b950,13120,0x234008,0xe4,0x100,0x1cfa047f57924712
0x4cfac8,0x12b970,13121,0x371a90,0x14c,0x100,0x9b189e4ff4f54eeb
0x4cfb84,0x12b990,13122,0x49ba64,0x84,0x100,0x31ebc88db2f4ec9e
0x4cfc40,0x12b9b0,13123,0x41fc38,0x74,0x100,0xd8d0bd3ba2c329a6
0x4cfcfc,0x12b9d0,13124,0x52b320,0xfc,0x100,0x28483455eda917d
0x4cfdb8,0x12b9f0,13125,0x52b920,0x7c,0x100,0xacb07322e8573773
0x4cfe74,0x12ba10,13126,0x36c390,0x184,0x100,0x1bca07d8d6cca40b
0x4cff30,0x12ba30,13127,0x429e38,0x10c,0x100,0x58b63f2a60b42c4f
0x4cff68,0x12b010,13046,0x261c94,0x164,0x100,0x726038d7e3ce1b7c
0x4cffec,0x12ba50,13128,0x605ce0,0x120,0x100,0x56d990493a090515
0x4d00a8,0x12ba70,13129,0x55bb4c,0x270,0x100,0xd1f5cce1be27166d
0x4d00e0,0x12b010,13046,0x261c94,0x164,0x100,0x726038d7e3ce1b7c
0x4d0164,0x12ba90,13130,0x288acc,0xac,0x100,0xbff086c1af413bf1
0x4d0220,0x12bab0,13131,0x377490,0x3ac,0x100,0x4ebf3b788535d38f
0x4d02dc,0x12bad0,13132,0x42f538,0x9c,0x100,0xbc82264aedb44795
0x4d0398,0x12baf0,13133,0x6c77fc,0x1d8,0x100,0x4c1d02709a567361
0x4d0454,0x12bb10,13134,0x232f08,0x170,0x100,0x6b5e3a005e1e4c32
0x4d0510,0x12bb30,13135,0x49ec64,0x98,0x100,0xa4ca56527e7485e
0x4d05cc,0x12bb50,13136,0x25a294,0xe4,0x100,0xba3aff9b3099c58b
0x4d0688,0x12bb70,13137,0x60c0e0,0x1d4,0x100,0xe6caf5c932d840bf
0x4d0744,0x12bb90,13138,0x534d20,0xb4,0x100,0xfe61e47aee374db0
0x4d0800,0x12bbf0,13141,0x42bf38,0x7c,0x100,0x8415a529a444cac9
0x4d08bc,0x12bc50,13144,0x2ed214,0xa0,0x100,0x4f90f51e9c40b2b2
0x4d0978,0x12bc90,13146,0x4ca744,0x23c,0x100,0x65be9f93e522f010
0x4d0a34,0x12bcb0,13147,0x4cfc44,0x1a0,0x100,0x970d0b182a1b0b9c
0x4d0af0,0x12bd70,13153,0x6ccdc8,0x1cc,0x60,0xae4dffb718b6dd28
0x4d0bac,0x12bd90,13154,0x42fd38,0x194,0x100,0x68202babd5afa209
0x4d0c68,0x12bdb0,13155,0x537720,0xac,0x100,0xa9f09c2eb2ee3268
0x4d0d24,0x12bdd0,13156,0x31653c,0xfc,0x100,0x2c23d9a8ac0772fd
0x4d0de0,0x12bdf0,13157,0x635d0c,0x10c,0x100,0xfc8f12bbe9b2b15a
0x4d0e9c,0x12be10,13158,0x417738,0xe8,0x100,0xcd666a4cfbc58952
0x4d0f58,0x12be30,13159,0x264a94,0xac,0x100,0xc5724742d322297b
0x4d1014,0x12be50,13160,0x6c471c,0x13c,0xd0,0x6bfbf372181b024d
0x4d10d0,0x12be70,13161,0x55e44c,0x158,0x100,0xe835e7e6d702121e
0x4d118c,0x12be90,13162,0x22b134,0x80,0x100,0x39b28f8909bd03c
0x4d1248,0x12bf10,13166,0x2e3d14,0x74,0x100,0x34612553c415eed
0x4d1304,0x12bf30,13167,0x60ebe0,0x9c,0x100,0x41ee24f968130c9b
0x4d13c0,0x12bf50,13168,0x418b38,0x140,0x100,0x30ff9795f1a5d608
0x4d147c,0x12bf70,13169,0x265a94,0xbc,0x100,0x8ece92a575cb8673
0x4d1538,0x12c0b0,13179,0x426b38,0x164,0x100,0x5fc046b98f577695
0x4d15f4,0x12c0f0,13181,0x2f4a14,0x230,0x48,0x5b84b7a6ef76c182
0x4d16b0,0x12c110,13182,0x267294,0xac,0x100,0x98ff3ed91c7bf387
0x4d16e8,0x12c010,13174,0x2e9514,0xb8,0x100,0xcc99bf7a7a02613f
0x4d176c,0x12c130,13183,0x25b394,0x148,0x100,0x5b3827f6b090e072
0x4d1828,0x12c150,13184,0x397454,0x90,0x100,0x3f8c22414e4a9e42
0x4d18e4,0x12c170,13185,0x4d7044,0x228,0x100,0x985583d0052f53f2
0x4d19a0,0x12c190,13186,0x55a84c,0xa8,0x100,0x5701b26523110312
0x4d1a5c,0x12c1b0,13187,0x52c920,0xcc,0x100,0x867db81e17688c81
0x4d1a94,0x12c010,13174,0x2e9514,0xb8,0x100,0xcc99bf7a7a02613f
0x4d1b18,0x12c1d0,13188,0x5ac8fc,0x10c,0x100,0xf052a4be5f141550
0x4d1bd4,0x12c1f0,13189,0x6bbc2c,0x234,0x100,0x6394636e17272f2b
0x4d1c90,0x12c210,13190,0x5b03fc,0x1fc,0x100,0x2225ab3e3613b1da
0x4d1d4c,0x12c230,13191,0x4d2044,0x110,0x100,0x19de8a9c9766ff45
0x4d1d84,0x12c010,13174,0x2e9514,0xb8,0x100,0xcc99bf7a7a02613f
0x4d1e08,0x12c250,13192,0x4cf144,0x7c,0x100,0x86d249f7d0c09c17
0x4d1ef8,0x12c270,13193,0x28cacc,0xb0,0x100,0x50a211a96277fc2d
0x4d1fb4,0x12c290,13194,0x39a154,0x74,0x100,0x55b3545fad7e63e7
0x4d209c,0x12c2d0,13196,0x558b4c,0x4c,0x100,0x9421e01066494715
0x4d2158,0x12c2f0,13197,0x428538,0x13c,0x100,0x6baa1f1fc9567514
0x4d2214,0x12c350,13200,0x371c90,0x94,0x100,0xb2903e7053537f07
0x4d22d0,0x12c3b0,13203,0x258694,0xc0,0x100,0x2a0a4d253349d6e7
0x4d2308,0x12c010,13174,0x2e9514,0xb8,0x100,0xcc99bf7a7a02613f
0x4d238c,0x12c4b0,13211,0x261894,0x11c,0x100,0xdd26db56d3b02da9
0x4d2448,0x12c4d0,13212,0x3a3a34,0x170,0x100,0x882f16cba7b5c5b5
0x4d2504,0x12c4f0,13213,0x55b24c,0x230,0x100,0x9385ff3676d43ce
0x4d25c0,0x12c510,13214,0x52d820,0x124,0x100,0x5a14e90d73729b44
0x4d267c,0x12c530,13215,0x5a9cfc,0xb8,0x100,0xf065d0bc9754db7d
0x4d26b4,0x12c010,13174,0x2e9514,0xb8,0x100,0xcc99bf7a7a02613f
0x4d2738,0x12c550,13216,0x427e38,0x138,0x100,0x57096b9422cfd502
0x4d27f4,0x12c570,13217,0x531f20,0x8c,0x100,0xe4ebeb7fffd60842
0x4d28dc,0x12c590,13218,0x41c238,0x74,0x100,0x4c02a5552221ca35
0x4d29c4,0x12c5b0,13219,0x537420,0x50,0x100,0x2c3a890837dedaf8
0x4d2aac,0x12c5d0,13220,0x53db20,0x1b0,0x100,0x93ee6d6a98f0c255
0x4d2b68,0x12c5f0,13221,0x373190,0x1f8,0x100,0x307ac6ba58fb997a
0x4d2c24,0x12c610,13222,0x260694,0x260,0x100,0x2aaf32183f18770e
0x4d2ce0,0x12c630,13223,0x4d0944,0x84,0x100,0xfc6932b939c881e4
0x4d2d9c,0x12c650,13224,0x259394,0xe0,0x100,0xfc24a560ef147448
0x4d2e58,0x12c670,13225,0x535620,0x258,0x100,0x657b13cba823057c
0x4d2f14,0x12c690,13226,0x6001e0,0x98,0x100,0x5e227b641cca7722
0x4d2fd0,0x12c6b0,13227,0x3acbd0,0x158,0x100,0xc2ff180615af70dc
0x4d3008,0x12c010,13174,0x2e9514,0xb8,0x100,0xcc99bf7a7a02613f
0x4d308c,0x12c6d0,13228,0x6ca6c8,0x17c,0x100,0x6a094ba914f0577c
0x4d3148,0x12c6f0,13229,0x4cdd44,0x94,0x100,0xd6aa9dfdb8831b58
0x4d3204,0x12c710,13230,0x31433c,0x124,0x100,0xf5ef877775846b1
0x4d32c0,0x12c730,13231,0x42b038,0x23c,0x100,0xe303742eb8f4051c
0x4d337c,0x12c750,13232,0x496c64,0x68,0x100,0x8ab2efdb894172c5
0x4d3438,0x12c7f0,13237,0x539920,0x374,0x100,0xe9b6cf711f283db1
0x4d34f4,0x12c810,13238,0x25bc94,0x164,0x100,0xfd1c5912a6fbd8ee
0x4d352c,0x12c010,13174,0x2e9514,0xb8,0x100,0xcc99bf7a7a02613f
0x4d35b0,0x12c890,13242,0x315d3c,0x1d8,0x100,0xdbe0f5573a3c866c
0x4d366c,0x12c8b0,13243,0x48fc64,0x170,0x100,0xa440e9d6fda0de63
0x4d3728,0x12c8d0,13244,0x266b94,0x90,0x100,0xe8e5403d935b9d2d
0x4d37e4,0x12c8f0,13245,0x392254,0xf0,0x100,0x4689fd1502732bcc
0x4d38a0,0x12c910,13246,0x6153e0,0x188,0x100,0x1ba4b791907d2b6a
0x4d395c,0x12c930,13247,0x6105e0,0x1b4,0x100,0xb24c6b39c7b6f601
0x4d3994,0x12c010,13174,0x2e9514,0xb8,0x100,0xcc99bf7a7a02613f
0x4d3a18,0x12c950,13248,0x293ecc,0xb0,0x100,0x5f989e9ff9a8f70c
0x4d3ad4,0x12c970,13249,0x28afcc,0x190,0x100,0x747d652403cdcfc
0x4d3b90,0x12c990,13250,0x48c664,0x1b4,0x100,0xac87e74d798bc431
0x4d3c4c,0x12c9b0,13251,0x2e8714,0x118,0x100,0x8582eab84ee287ea
0x4d3c84,0x12c010,13174,0x2e9514,0xb8,0x100,0xcc99bf7a7a02613f
0x4d3d08,0x12c9d0,13252,0x5ab1fc,0xac,0x100,0x9c3a5e9cfa7245ba
0x4d3dc4,0x12c9f0,13253,0x2884cc,0x210,0x100,0x6e585272bdee4047
0x4d3e80,0x12ca10,13254,0x433238,0x13c,0x100,0x626a67a7acf50f57
0x4d3f3c,0x12ca30,13255,0x371790,0x144,0x100,0x686d82a776289261
0x4d3ff8,0x12cab0,13259,0x602ae0,0x120,0x100,0x75f694a39904b9ef
0x4d40b4,0x12cad0,13260,0x36c290,0x10c,0x100,0xa3e0c1bff797aea8
0x4d40ec,0x12c010,13174,0x2e9514,0xb8,0x100,0xcc99bf7a7a02613f
0x4d4170,0x12caf0,13261,0x645e20,0x9c,0x100,0x11a4ebb07703657f
0x4d41a8,0x12c010,13174,0x2e9514,0xb8,0x100,0xcc99bf7a7a02613f
0x4d422c,0x12cb10,13262,0x3c0fb0,0x174,0x100,0x3fa8f034e466471
0x4d42e8,0x12cb30,13263,0x428a38,0x15c,0x100,0x6072b4e9633ed2fa
0x4d43a4,0x12cb50,13264,0x424d38,0x54,0x100,0x6c518add2373d265
0x4d4460,0x12cb70,13265,0x53d320,0x138,0x100,0xc414a56ac82fde7c
0x4d451c,0x12cb90,13266,0x4ca844,0x154,0x100,0xd97e323ba48d0b2a
0x4d4554,0x12c010,13174,0x2e9514,0xb8,0x100,0xcc99bf7a7a02613f
0x4d45d8,0x12cbb0,13267,0x539520,0x1fc,0x100,0x7852c31f6b596bbf
0x4d4694,0x12cbd0,13268,0x42f038,0xa0,0x100,0xa2492e3187a221e1
0x4d4750,0x12cbf0,13269,0x6373e4,0x1b0,0x100,0x94527f0d820b8ca0
0x4d480c,0x12cc10,13270,0x31243c,0x1a8,0x100,0x62c3ebd144b78679
0x4d48c8,0x12cc30,13271,0x2f0114,0x158,0x100,0x349f6af7368b8187
0x4d4984,0x12cc50,13272,0x537320,0x8c,0x100,0x304fd210fd36049b
0x4d4a40,0x12cc70,13273,0x4d0044,0x6c,0x100,0xf7b899f558a3398e
0x4d4afc,0x12cc90,13274,0x52ac20,0x198,0x100,0x412186974ab876c0
0x4d4bb8,0x12ccb0,13275,0x25ff94,0x164,0x100,0x5da6bd36f9928aa8
0x4d4c74,0x12ccd0,13276,0x5af0fc,0x98,0x100,0x705ca21eb8872e32
0x4d4d30,0x12ccf0,13277,0x417038,0x260,0x100,0x84563ab1a9c8c1f0
0x4d4d68,0x12c010,13174,0x2e9514,0xb8,0x100,0xcc99bf7a7a02613f
0x4d4e20,0x12cd10,13278,0x489564,0x98,0x100,0x2cd12c93c2985ef9
0x4d4f08,0x12cd30,13279,0x52b620,0x9c,0x100,0x382c49de1850a955
0x4d4fc4,0x12cd50,13280,0x53dd20,0x17c,0x100,0xbcf35c60a7c79f85
0x4d4ffc,0x12c010,13174,0x2e9514,0xb8,0x100,0xcc99bf7a7a02613f
0x4d5080,0x12cd70,13281,0x261b94,0x198,0x100,0x1138f3c5859581ed
0x4d513c,0x12cd90,13282,0x4d7e44,0x9c,0x100,0xe2086eb52718b4b9
0x4d51f8,0x12cdb0,13283,0x52fb20,0xfc,0x100,0xcff948b26ed5fb21
0x4d52b4,0x12cdd0,13284,0x367390,0xd4,0x100,0xf00615c8c4df895a
0x4d52ec,0x12c010,13174,0x2e9514,0xb8,0x100,0xcc99bf7a7a02613f
0x4d5370,0x12cdf0,13285,0x5aedfc,0x114,0x100,0x38f317d0bc1d1c4a
0x4d5458,0x12ce10,13286,0x5a83fc,0x7c,0x100,0x7e6808e18a3f1b16
0x4d5514,0x12ce30,13287,0x6129e0,0x334,0x100,0xb9fd90e018595486
0x4d55d0,0x12ce70,13289,0x6029e0,0x38c,0x100,0x67cc7f023d0bd234
0x4d568c,0x12ce90,13290,0x28a0cc,0x9c,0x100,0x7a68d32963785158
0x4d5748,0x12ceb0,13291,0x2f2214,0x15c,0x100,0x868246a44f729bdd
0x4d5804,0x12ced0,13292,0x42da38,0x1e0,0x100,0xec6cac4acbea2518
0x4d58c0,0x12cf10,13294,0x418c38,0x188,0x100,0x54dcc1ece57bd078
0x4d597c,0x12d210,13318,0x614ee0,0x13c,0x100,0x4da71cf2605985b0
0x4d5a38,0x12d270,13321,0x498b64,0x80,0x100,0x88540e53f6f6f684
0x4d5af4,0x12d290,13322,0x4d1344,0x148,0x100,0xe2d97d10fda34db7
0x4d5bb0,0x12d2b0,13323,0x3a3234,0x14c,0x100,0x5f86a20fdbcffeed
0x4d5c6c,0x12d2f0,13325,0x2e7714,0x118,0x100,0xb4ef793d9c9aed83
0x4d5ca4,0x12d010,13302,0x228f34,0x2a0,0x100,0x78284cac4ab6ef11
0x4d5d28,0x12d310,13326,0x48d664,0x1f8,0x100,0x2d7521ca0da64692
0x4d5de4,0x12d330,13327,0x3aead0,0x208,0x100,0x83869e1fd6a252b3
0x4d5ea0,0x12d350,13328,0x48d664,0x1a0,0x100,0xd921ee3c900983c
0x4d5f5c,0x12d370,13329,0x367490,0x1c0,0x100,0xab06a781847ae174
0x4d6018,0x12d390,13330,0x260494,0x254,0x100,0x96d143fe310ab992
0x4d60d4,0x12d3b0,13331,0x53f420,0xac,0x100,0xb9f3fe05ce1900cd
0x4d6190,0x12d3d0,13332,0x433238,0x104,0x100,0x96c0f30b4cd618f1
0x4d624c,0x12d3f0,13333,0x5b06fc,0x118,0x100,0x8d5a4f422bed5077
0x4d6308,0x12d410,13334,0x535520,0x88,0x100,0xc4cc0eae283f9ef1
0x4d6340,0x12d010,13302,0x228f34,0x2a0,0x100,0x78284cac4ab6ef11
0x4d63c4,0x12d430,13335,0x223d34,0x10c,0x100,0x5de1f9985c3b21ee
0x4d6480,0x12d450,13336,0x2898cc,0x88,0x100,0x696be41f29fab03f
0x4d653c,0x12d470,13337,0x432738,0x1c4,0x100,0x5307536d52ac192c
0x4d65f8,0x12d530,13343,0x3acbd0,0xa0,0x100,0xddc1c63944d06021
0x4d66b4,0x12d550,13344,0x234b08,0x39c,0x100,0x543b1c48ccc51831
0x4d6770,0x12d570,13345,0x376a90,0x31c,0x100,0x78d3518ff0c9320f
0x4d682c,0x12d590,13346,0x367790,0x8c,0x100,0x3d85cba064ffd8ec
0x4d68e8,0x12d5b0,13347,0x55d64c,0x158,0x100,0xaee8cfe16b772b78
0x4d69a4,0x12d5d0,13348,0x6c3324,0x8c,0xf8,0x7ef65fa7b8a033b7
0x4d6a60,0x12d5f0,13349,0x4c8b44,0xa0,0x100,0xd687d57f19a53c73
0x4d6b1c,0x12d610,13350,0x612ce0,0x13c,0x100,0x8dc6bad2799641db
0x4d6bd8,0x12d630,13351,0x420538,0xbc,0x100,0x1820dc61605e83b8
0x4d6c94,0x12d650,13352,0x49b164,0x148,0x100,0xb2d3c21d58842a58
0x4d6d50,0x12d670,13353,0x375890,0x80,0x100,0xcb394c502725f42b
0x4d6e0c,0x12d690,13354,0x487d64,0x84,0x100,0x3a8e68757211fef8
0x4d6ec8,0x12d6b0,13355,0x42f738,0x254,0x100,0x5303ed8adc9f9ee0
0x4d6f84,0x12d6d0,13356,0x68962c,0x98,0x100,0x50b0e608692487a2
0x4d7040,0x12d6f0,13357,0x28fecc,0x178,0x100,0x19f6cffbc873e579
0x4d70fc,0x12d710,13358,0x422638,0x124,0x100,0x3ebdaef2b6138daf
0x4d71b8,0x12d730,13359,0x397754,0x10c,0x100,0xfda8761c39d88f33
0x4d7274,0x12d750,13360,0x6cd62c,0x154,0x100,0x3d062105ce1b7ecb
0x4d7330,0x12d770,13361,0x317c3c,0xa8,0xb0,0x314480642aebda29
0x4d73ec,0x12d790,13362,0x53df20,0x16c,0x100,0x6a99a087ab9c65cc
0x4d74a8,0x12d7b0,13363,0x370b90,0x1bc,0x100,0xff9e44d56669bf85
0x4d7564,0x12d7d0,13364,0x55be4c,0xa8,0x100,0xf0dec185bf477555
0x4d7620,0x12d7f0,13365,0x52a720,0xa8,0x100,0x79adb9c377b0224d
0x4d76dc,0x12d810,13366,0x259094,0xc0,0x100,0xaa94f33eb843d5e6
0x4d7714,0x12d010,13302,0x228f34,0x2a0,0x100,0x78284cac4ab6ef11
0x4d7798,0x12d830,13367,0x260794,0xd0,0x100,0x5d6ff85df5dfd1bd
0x4d7854,0x12d850,13368,0x49f164,0x220,0x100,0xa2105b4cbf5a36fe
0x4d7910,0x12d870,13369,0x28c0cc,0x16c,0x100,0x21e05ad3640f7619
0x4d79f8,0x12d930,13375,0x4d4544,0xd4,0x100,0x4088317d94030e74
0x4d7a30,0x12d010,13302,0x228f34,0x2a0,0x100,0x78284cac4ab6ef11
0x4d7ab4,0x12d950,13376,0x5b57fc,0x9c,0x100,0x191ba1b99d97551b
0x4d7aec,0x12d010,13302,0x228f34,0x2a0,0x100,0x78284cac4ab6ef11
0x4d7b70,0x12d970,13377,0x60b3e0,0xb8,0x100,0x35c3e9a2a84ef824
0x4d7c2c,0x12d9d0,13380,0x391f54,0xb4,0x100,0xe10abe9e148307cc
0x4d7ce8,0x12da70,13385,0x2ef414,0x258,0x100,0x18aabe80495273c9
0x4d7d20,0x12d010,13302,0x228f34,0x2a0,0x100,0x78284cac4ab6ef11
0x4d7da4,0x12dad0,13388,0x483564,0xe8,0x100,0x80be6776bebc8857
0x4d7e60,0x12dcd0,13404,0x3aefd0,0x7c,0x100,0x231ae05adcb7daf8
0x4d7f1c,0x12dd30,13407,0x495064,0x160,0x100,0x703929ba788c00c5
0x4d7fd8,0x12df30,13423,0x2f2014,0x2c4,0x100,0x6c1981b70a08589e
0x4d8094,0x12df50,13424,0x229d34,0x134,0x100,0xf85c68d2358ad5cf
0x4d80cc,0x12d010,13302,0x228f34,0x2a0,0x100,0x78284cac4ab6ef11
0x4d81ac,0x12e0d0,13436,0x4a1864,0x170,0x100,0x810c5f7e62c2227c
0x4d82a0,0x12e0f0,13437,0x2882cc,0xa98,0x100,0xdcd76cdc05dcb1c0
0x4d8390,0x12e110,13438,0x678dd4,0x8d4,0x100,0x5e022897ca003102
0x4d8478,0x12e130,13439,0x3cc038,0x34,0x100,0x668770dec886d117
0x4d857c,0x12e150,13440,0x423538,0x48,0x100,0xa361e1e6607890cc
0x4d867c,0x12e170,13441,0x366590,0x7ac,0x100,0xa121a80bb31c725
0x4d8764,0x12e190,13442,0x432538,0x188,0x100,0x814180728d530988
0x4d8820,0x12e1b0,13443,0x4c9444,0x70,0x100,0x1b1985005749f303
0x4d88dc,0x12e1d0,13444,0x48f364,0x1ac,0x100,0xc0785d2d7cf7e3ee
0x4d8998,0x12e1f0,13445,0x48bc64,0x5c,0x100,0x2ea828a54e7b9a02
0x4d89d0,0x12e010,13430,0x2805b4,0x1d4,0x100,0x99d77156ef7d2726
0x4d8a54,0x12e210,13446,0x36be90,0x124,0x100,0xbd4179c1d346a7da
0x4d8b10,0x12e230,13447,0x49aa64,0x64,0x100,0xd8bdb631db2a189d
0x4d8bcc,0x12e250,13448,0x291bcc,0x54,0x100,0x20e192e0e2a07569
0x4d8c88,0x12e270,13449,0x22b234,0x1b8,0x100,0x6aa4ddf15a656d6c
0x4d8d78,0x12e290,13450,0x31573c,0x68,0x100,0x7934d3ad4c776ba5
0x4d8e60,0x12e2b0,13451,0x423a38,0x4c,0x100,0xbb51b00b7fe638db
0x4d8f48,0x12e2d0,13452,0x638ef8,0x44,0x100,0x1432ed09b95a2887
0x4d9018,0x12e2f0,13453,0x488164,0x198,0x100,0x769d0146bb2a1f05
0x4d90d4,0x12e310,13454,0x2e3d14,0x94c,0x100,0xb94291a36beb850e
0x4d9190,0x12e550,13472,0x5baafc,0x20c,0x100,0x309dc467f1d10319
0x4d924c,0x12e830,13495,0x291ecc,0x420,0x100,0x8b975dc0e209fcba
0x4d9308,0x12e850,13496,0x41a038,0x138,0x100,0xab597258ef3e5e85
0x4d93c4,0x12efd0,13556,0x2e4714,0x14c,0x100,0xe7e390e9bef4efef
0x4d93fc,0x12e010,13430,0x2805b4,0x1d4,0x100,0x99d77156ef7d2726
0x4d9480,0x12f030,13559,0x52c620,0x1d0,0x100,0xf138ec6b841a89ac
0x4d953c,0x12f070,13561,0x487464,0x174,0x100,0x3a98a661d5258533
0x4d95f8,0x12f090,13562,0x5be5fc,0x210,0x100,0x6b023ecf3ad3d00d
0x4d96b4,0x12f0d0,13564,0x494c64,0x98,0x100,0x19780ee22032ced5
0x4d9770,0x12f150,13568,0x4c9d44,0x170,0x100,0xeb7e39cb7a374ca8
0x4d982c,0x12f1b0,13571,0x650d50,0x404,0x100,0x6b486636b9a62a2b
0x4d98e8,0x12f270,13577,0x48d164,0x1d4,0x100,0xe7fbae7c47101391
0x4d99a4,0x12f3d0,13588,0x6334b4,0xb4,0x100,0xee42f17d421a5c36
0x4d99dc,0x12f010,13558,0x391b54,0x1e8,0x100,0xd900d31242dbd694
0x4d9a60,0x12f3f0,13589,0x3a4734,0x1f4,0x100,0x8336a97bed4b9849
0x4d9b1c,0x12f410,13590,0x47f164,0x320,0x100,0xb4269a1885c170ba
0x4d9bd8,0x12f430,13591,0x49d464,0x118,0x100,0x573fbb8ab9dc834
0x4d9c10,0x12f010,13558,0x391b54,0x1e8,0x100,0xd900d31242dbd694
0x4d9c94,0x12f450,13592,0x36b390,0x158,0x100,0x71eca349777085f1
0x4d9d50,0x12f470,13593,0x41bd38,0x11c,0x100,0x3c7241f08e9f0489
0x4d9e0c,0x12f490,13594,0x268894,0x3c0,0xb8,0x1da5bbff6ad0e853
0x4d9ec8,0x12f4b0,13595,0x375c90,0x340,0x100,0x1b73a1ac478d8682
0x4d9f84,0x12f4d0,13596,0x662064,0x380,0x100,0x3b941a6a0dd8f6b5
0x4da040,0x12f4f0,13597,0x4d2744,0x21c,0x100,0xb14220ab73137585
0x4da0fc,0x12f510,13598,0x391554,0xc4,0x100,0x2e828faedeab9433
0x4da1b8,0x12f530,13599,0x5acffc,0x50,0x100,0x873cd79598bae49d
0x4da274,0x12f550,13600,0x2edd14,0x32c,0x100,0xa85c73eb030f2cd0
0x4da330,0x12f570,13601,0x4d1644,0x3a4,0x100,0x978ffd3c5b47cac5
0x4da3ec,0x12f590,13602,0x429c38,0xe4,0x100,0x7949dd807b466638
0x4da4a8,0x12f5b0,13603,0x36a090,0xd0,0x100,0x7e2bb2c2bbeb9af7
0x4da564,0x12f5d0,13604,0x288acc,0x1e4,0x100,0x1d8ff6c8bcb8069b
0x4da59c,0x12f010,13558,0x391b54,0x1e8,0x100,0xd900d31242dbd694
0x4da620,0x12f5f0,13605,0x392a54,0x20,0x100,0x9ffe8ea6afe2937c
0x4da6dc,0x12f610,13606,0x417838,0x74,0x100,0xaa8b962b139f72e1
0x4da798,0x12f630,13607,0x392b54,0x144,0x100,0xdd7ea6ea1432c83e
0x4da854,0x12f650,13608,0x372b90,0x100,0x100,0x79c3f3ad783577a2
0x4da93c,0x12f670,13609,0x699900,0x108,0x100,0xd29d330668e5bd0f
0x4daa24,0x12f690,13610,0x418138,0x20,0x100,0x3b6a0c9b1697960a
0x4daa5c,0x12f010,13558,0x391b54,0x1e8,0x100,0xd900d31242dbd694
0x4dab0c,0x12f6b0,13611,0x393954,0x1bc,0x100,0xbeb497b3cfa4261e
0x4dabc8,0x12f6d0,13612,0x53a020,0x17c,0x100,0x274111a6288a58b6
0x4dac84,0x12f6f0,13613,0x365b90,0x68,0x100,0x532de467dd96df31
0x4dacbc,0x12f010,13558,0x391b54,0x1e8,0x100,0xd900d31242dbd694
0x4dad40,0x12f710,13614,0x6c3b1c,0x4c,0x100,0xc74a425e22ff8e0b
0x4dad78,0x12f010,13558,0x391b54,0x1e8,0x100,0xd900d31242dbd694
0x4dadfc,0x12f730,13615,0x371d90,0x208,0x100,0xe6c961af911eba25
0x4daeb8,0x12f750,13616,0x259494,0x184,0x100,0xb43cca913f769252
0x4daf74,0x12f770,13617,0x42be38,0x94,0x100,0x6e0fa1c25950e7b0
0x4dafac,0x12f010,13558,0x391b54,0x1e8,0x100,0xd900d31242dbd694
0x4db064,0x12f790,13618,0x274ee4,0x4c,0x100,0xe4ef41374a9d31d3
0x4db120,0x12f7b0,13619,0x534520,0x2d8,0x100,0x9763519a8e7cef7b
0x4db158,0x12f010,13558,0x391b54,0x1e8,0x100,0xd900d31242dbd694
0x4db1dc,0x12f7d0,13620,0x228d34,0x88,0x100,0x546231389c6aa6d6
0x4db298,0x12f7f0,13621,0x394354,0x1bc,0x100,0x4003bdb0dd354b35
0x4db354,0x12f810,13622,0x558d4c,0x150,0x100,0xa1dd6253486596f1
0x4db38c,0x12f010,13558,0x391b54,0x1e8,0x100,0xd900d31242dbd694
0x4db410,0x12f830,13623,0x5beffc,0x70,0x100,0x82281bf475c8e13a
0x4db4cc,0x12f850,13624,0x292ccc,0x150,0x100,0x8cc621c94a4ecba9
0x4db588,0x12f890,13626,0x2e7e14,0x14c,0x100,0x760c03c113107474
0x4db644,0x12f910,13630,0x48aa64,0xa0,0x100,0x89281c9d24b55780
0x4db734,0x12f930,13631,0x543cd4,0x50,0x100,0xb8c23995fb493de9
0x4db7f0,0x12f950,13632,0x3c2e3c,0x1c0,0x100,0xf07662afd0b42e32
0x4db8ac,0x12f970,13633,0x366c90,0x8c,0x100,0xd20c5a30c7d6052c
0x4db968,0x12f990,13634,0x2110a0,0x1a0,0x100,0xf913c51d932e60c9
0x4dba24,0x12f9b0,13635,0x52ff20,0x1d0,0x100,0x4d8fc80039a36295
0x4dba5c,0x12f010,13558,0x391b54,0x1e8,0x100,0xd900d31242dbd694
0x4dbb0c,0x12f9d0,13636,0x31593c,0x84,0x100,0xf4abdb6603c08d09
0x4dbbf4,0x12f9f0,13637,0x42db38,0x4c,0x100,0x8796e5c3ed7ea21f
0x4dbcdc,0x12fa10,13638,0x28ddcc,0x164,0x100,0x8d0c690834203db
0x4dbd14,0x12f010,13558,0x391b54,0x1e8,0x100,0xd900d31242dbd694
0x4dbd98,0x12fa30,13639,0x675d24,0x60,0xc0,0x9094d47318d1f8e7
0x4dbe54,0x12fa50,13640,0x5beafc,0x64,0x100,0xec5566e9ca7be3b5
0x4dbf10,0x12fa70,13641,0x48b764,0x5c,0x100,0xb2001b7bee4a0eb0
0x4dbf48,0x12f010,13558,0x391b54,0x1e8,0x100,0xd900d31242dbd694
0x4dbfcc,0x12fa90,13642,0x398a54,0x168,0x100,0xc51e0460f27da39c
0x4dc088,0x12fab0,13643,0x28b7cc,0x208,0x100,0x4bfd71879cd83ea7
0x4dc144,0x12fb10,13646,0x662264,0x64,0x58,0xa59487d610920c8f
0x4dc1cc,0x134e10,14310,0x508030,0x20,0x0,0xcfa7faa38e29f568
0x4dc39c,0x134e30,14311,0x508190,0x20,0x0,0x4fb17b5ff150462b
0x4dc488,0x134e50,14312,0x5082f0,0x20,0x0,0xf88ce8f990d15e31
0x4dc5a8,0x134e70,14313,0x508450,0x20,0x0,0x90286d812525a23d
0x4dc7d8,0x134e90,14314,0x5085b0,0x20,0x0,0xc34b4d1cfa1fdc97
0x4dc91c,0x134eb0,14315,0x508710,0x20,0x0,0xc7863088c5c9fb0b
0x4dca00,0x134ed0,14316,0x508870,0x20,0x0,0xe0b9cb6f16cac266
0x4dcbb4,0x134ef0,14317,0x5089d0,0x20,0x0,0xb1ffc7ff1f4b3dc6
0x4dccfc,0x134f10,14318,0x508b30,0x20,0x0,0x502714d279fabb53
0x4dced8,0x134f30,14319,0x508c90,0x20,0x0,0xdd2dada720213380
0x4de134,0x134f70,14321,0x508f50,0x20,0x0,0xcd6953954ac03e57
0x4dec14,0x134f90,14322,0x5090b0,0x20,0x0,0x72af0682283a9038
0x4df234,0x134fd0,14324,0x509370,0x20,0x0,0x7ea4384c65ad5086
0x4df4a0,0x135010,14326,0x509630,0x20,0x0,0x1d388a625f0c2f50
0x4df894,0x135090,14330,0x509bb0,0x20,0x0,0xe948ccba7332256f
0x4dfa04,0x1350b0,14331,0x509d10,0x20,0x0,0x5f8c2cbf5e1a876d
0x4dfc5c,0x1350d0,14332,0x509e70,0x20,0x0,0x88345579f19ba5c5
0x4e009c,0x135130,14335,0x50a290,0x20,0x0,0xac4a064ffce31ee4
0x4e0358,0x1351b0,14339,0x50a810,0x20,0x0,0xb838877b76f0d6f2
0x4e04bc,0x135090,14330,0x509bb0,0x20,0x0,0xe948ccba7332256f
0x4e0634,0x135cf0,14429,0x5123f0,0x20,0x0,0x8d3b2cc15af931bf
0x4e1afc,0x135db0,14435,0x512c30,0x20,0x0,0xc4e3f6f5019e889d
0x4e1ca0,0x135d30,14431,0x5126b0,0x20,0x0,0x2d655d8d384ae189
0x4e247c,0x135d50,14432,0x512810,0x20,0x0,0xbce7759f7038c829
0x4e2774,0x1362d0,14476,0x5164b0,0x20,0x0,0x5f080c8de2f667c2
0x4e296c,0x136310,14478,0x516770,0x20,0x0,0x719fa1c30e26b69b
0x4e2ac8,0x136e30,14567,0x51e1d0,0x20,0x0,0xb95958dcbb221924
0x4e3028,0x136e50,14568,0x51e330,0x20,0x0,0xb934cc4ce08fc965
0x4e320c,0x136e70,14569,0x51e490,0x20,0x0,0x59da6bce8125e0e6
0x4e339c,0x136e90,14570,0x51e5f0,0x20,0x0,0x74297cf4c0262a5b
0x4e3608,0x136eb0,14571,0x51e750,0x20,0x0,0x1b78609dc83935a8
0x4e3894,0x136ed0,14572,0x51e8b0,0x20,0x0,0x7be372c723b9d087
0x4e3b58,0x136ef0,14573,0x51ea10,0x20,0x0,0x9aad76696523d7aa
0x4e3cdc,0x136f10,14574,0x51eb70,0x20,0x0,0x2ff24b36b3e42eb1
0x4e3e7c,0x136f30,14575,0x51ecd0,0x20,0x0,0x2f61cd75d4465717
0x4e4088,0x136f50,14576,0x51ee30,0x20,0x0,0x4601516e42ae52e1
0x4e428c,0x136f70,14577,0x51ef90,0x20,0x0,0x779676dd078018be
0x4e4480,0x136f90,14578,0x51f0f0,0x20,0x0,0x3b6e6fb227da2fe2
0x4e4550,0x136fb0,14579,0x51f250,0x20,0x0,0x581fd9d037270a11
0x4e463c,0x136fd0,14580,0x51f3b0,0x20,0x0,0xdb5233ad82349a0d
0x4e4884,0x136ff0,14581,0x51f510,0x20,0x0,0x3f42e6af464e8b6f
0x4e4a70,0x137010,14582,0x51f670,0x20,0x0,0xbcb7d85bbb8b6ce0
0x4e4b30,0x137030,14583,0x51f7d0,0x20,0x0,0xc03c301b091714d1
0x4e4c08,0x137050,14584,0x51f930,0x20,0x0,0xaa420287aae78734
0x4e4c5c,0x137070,14585,0x51fa90,0x20,0x0,0xc51f33067bbee4fd
0x4e4d44,0x137090,14586,0x51fbf0,0x20,0x0,0xc645bf6a63632880
0x4e4d98,0x1370b0,14587,0x51fd50,0x20,0x0,0x9d72b39252bb2f9d
0x4e4e6c,0x1370d0,14588,0x51feb0,0x20,0x0,0xa9d8854748f7a28b
0x4e4f60,0x1370f0,14589,0x520010,0x20,0x0,0x734fffcba825d23f
0x4e537c,0x137110,14590,0x520170,0x20,0x0,0x6a8dc9845321f72c
0x4e5c04,0x137130,14591,0x5202d0,0x20,0x0,0x5f26f6d8dcccfcb9
0x4e5f20,0x137150,14592,0x520430,0x20,0x0,0x53f97d27e98b0bab
0x4e611c,0x137170,14593,0x520590,0x20,0x0,0x24e75fb83957ea3e
0x4e62d0,0x136010,14454,0x514650,0x20,0x0,0x243e981b7f5f79a9
0x4e63c0,0x137190,14594,0x5206f0,0x20,0x0,0x732da6eef628c609
0x4e664c,0x1371b0,14595,0x520850,0x20,0x0,0x8bcaf99a8353a828
0x4e68d8,0x1371d0,14596,0x5209b0,0x20,0x0,0xe6f5d490c1846bb1
0x4e6b98,0x1371f0,14597,0x520b10,0x20,0x0,0xaba1d7346a00cbdb
0x4e6cbc,0x136010,14454,0x514650,0x20,0x0,0x243e981b7f5f79a9
0x4e6cfc,0x137210,14598,0x520c70,0x20,0x0,0xa8b19f964e3f4b69
0x4e6de8,0x137230,14599,0x520dd0,0x20,0x0,0x42bf91aa4d97ba78
0x4e70f8,0x137250,14600,0x520f30,0x20,0x0,0xeda8d7c6e01c77bd
0x4e737c,0x137270,14601,0x521090,0x20,0x0,0x1367812b5a5ed798
0x4e7510,0x137290,14602,0x5211f0,0x20,0x0,0xd4fc23925e60b146
0x4e775c,0x1372b0,14603,0x521370,0x20,0x0,0xf73b6ba08efbeee0
0x4e78d8,0x1372d0,14604,0x5214d0,0x20,0x0,0x13ba84a95ac55002
0x4e7a5c,0x1372f0,14605,0x521630,0x20,0x0,0x3c4505741d3e970e
0x4e7c3c,0x136010,14454,0x514650,0x20,0x0,0x243e981b7f5f79a9
0x4e7ce0,0x137310,14606,0x521790,0x20,0x0,0x2be4f67d7be03f61
0x4e7f18,0x137330,14607,0x5218f0,0x20,0x0,0x7fcb28ee11155555
0x4e8180,0x137350,14608,0x521a50,0x20,0x0,0xc89a2ce685d2fd92
0x4e8264,0x137370,14609,0x521bb0,0x20,0x0,0xe5b63cfa80ea36ec
0x4e83ac,0x12f050,13560,0x2e9414,0x74,0x100,0xcbaacaa63528d446
0x4e844c,0x137390,14610,0x521d10,0x20,0x0,0xeddda175fc5bb2f9
0x4e861c,0x1373b0,14611,0x521e70,0x20,0x0,0x4ebf8cb4b2d65bbf
0x4e8c20,0x1373d0,14612,0x521fd0,0x20,0x0,0xc8cb6d61f08cfee7
0x4e8f20,0x1373f0,14613,0x522130,0x20,0x0,0x288b53350fe180f9
0x4e92e8,0x137410,14614,0x522290,0x20,0x0,0x6eaa208ece428ebf
0x4e96f8,0x137430,14615,0x5223f0,0x20,0x0,0x67eb1670a8a9b8a7
0x4e9930,0x137450,14616,0x522550,0x20,0x0,0x867b3029a3cb7148
0x4e9b38,0x137470,14617,0x5226b0,0x20,0x0,0x558797b34ca32d99
0x4e9e5c,0x137490,14618,0x522810,0x20,0x0,0xa26eff664f865507
0x4ea140,0x1374b0,14619,0x522970,0x20,0x0,0x5e974d4d8bb73e48
0x4ea428,0x1374d0,14620,0x522ad0,0x20,0x0,0x4cc79e2826c17b4a
0x4ea6a0,0x1374f0,14621,0x522c30,0x20,0x0,0x8b681a9aceb9eb9d
0x4ea8b0,0x137510,14622,0x522d90,0x20,0x0,0x8aa00e67e688dab8
0x4eaa08,0x137530,14623,0x522ef0,0x20,0x0,0x1f150516dd98894
0x4eac88,0x137550,14624,0x523050,0x20,0x0,0x6cae4d0df18c3cb4
0x4eaefc,0x137570,14625,0x5231b0,0x20,0x0,0x8596d96a7a4d975b
0x4eafe8,0x1352b0,14347,0x50b330,0x20,0x0,0x37b3da9c07ec76df
0x4eb154,0x1353b0,14355,0x50be30,0x20,0x0,0xdca91cfc87705d13
0x4eb310,0x137590,14626,0x523310,0x20,0x0,0xa280d87a488ef684
0x4eb5a8,0x1375b0,14627,0x523470,0x20,0x0,0x688de49855414a7b
0x4eb65c,0x1352b0,14347,0x50b330,0x20,0x0,0x37b3da9c07ec76df
0x4eb7b4,0x1353b0,14355,0x50be30,0x20,0x0,0xdca91cfc87705d13
0x4eb9e4,0x1375d0,14628,0x5235d0,0x20,0x0,0x3464fea33435e2f8
0x4ebdc0,0x1375f0,14629,0x523730,0x20,0x0,0xfc8eb067d0a6e27a
0x4ebec0,0x137610,14630,0x523890,0x20,0x0,0x80bbee8ae2b3e0fc
0x4ec300,0x137630,14631,0x5239f0,0x20,0x0,0x3d4a571084c21576
0x4ec3d0,0x137650,14632,0x523b50,0x20,0x0,0xc6114db7f39cff4e
0x4ec4b8,0x137670,14633,0x523cb0,0x20,0x0,0x6872634f4457dbe5
0x4ec5a4,0x137690,14634,0x523e10,0x20,0x0,0x726a8359c08c76c
0x4ec690,0x1376b0,14635,0x523f70,0x20,0x0,0xead1fc1ec31bdf91
0x4ec8d0,0x137010,14582,0x51f670,0x20,0x0,0xbcb7d85bbb8b6ce0
0x4eca28,0x1376d0,14636,0x5240d0,0x20,0x0,0x2a6cb05360b75d35
0x4ecb24,0x137710,14638,0x524390,0x20,0x0,0x21f36bd032757ece
0x4ecfa4,0x137730,14639,0x5244f0,0x20,0x0,0x919f3340bfa8b7b8
0x4edb64,0x137750,14640,0x524650,0x20,0x0,0x86c5413e55170c1b
0x4edfa4,0x137770,14641,0x5247b0,0x20,0x0,0xd1ee8f9a7c2c0ae
0x4ee0a8,0x137790,14642,0x524910,0x20,0x0,0x41d9e35a1dd47e15
0x4ee3a4,0x1377b0,14643,0x524a70,0x20,0x0,0x21aa0c9f7bbb8759
0x4ee5dc,0x1377d0,14644,0x524bd0,0x20,0x0,0x4e90ed69d6bcae09
0x4ee744,0x135010,14326,0x509630,0x20,0x0,0x1d388a625f0c2f50
0x4ee87c,0x1377f0,14645,0x524d30,0x20,0x0,0x7c7cc2a064b1448b
0x4eeb70,0x137810,14646,0x524e90,0x20,0x0,0x82f6e5bec0cf81a5
0x4eef64,0x137830,14647,0x524ff0,0x20,0x0,0xa5fcfb73713401ec
0x4ef254,0x137850,14648,0x525150,0x20,0x0,0x80c5a3e90f157dc1
0x4ef530,0x137870,14649,0x5252b0,0x20,0x0,0x16c15665bf837f48
0x4ef610,0x137890,14650,0x525410,0x20,0x0,0xcc62c4acee24e8ea
0x4ef870,0x1378b0,14651,0x525570,0x20,0x0,0x7fbcdab6025f6b6e
0x4efb5c,0x1378d0,14652,0x5256d0,0x20,0x0,0x3ec9aae43f40594a
0x4efda0,0x1378f0,14653,0x525830,0x20,0x0,0x623f255565c9ebd8
0x4f0090,0x137910,14654,0x525990,0x20,0x0,0x7b50a19287b94440
0x4f02f4,0x137930,14655,0x525af0,0x20,0x0,0x75f3fba6ed635c54
0x4f0558,0x137950,14656,0x525c50,0x20,0x0,0x5c4e8bcd1a5528fa
0x4f073c,0x137970,14657,0x525db0,0x20,0x0,0x12824ac7cea9d82f
0x4f0974,0x137990,14658,0x525f10,0x20,0x0,0x122bc00c3e72f94c
0x4f0b0c,0x1379b0,14659,0x526070,0x20,0x0,0x3c83e8403af94563
0x4f0e5c,0x1379d0,14660,0x5261d0,0x20,0x0,0x3eb15b5c1df97d2e
0x4f1188,0x1379f0,14661,0x526330,0x20,0x0,0xf98e4ec7b7fffca7
0x4f14c8,0x137a10,14662,0x526490,0x20,0x0,0x941f716d9aa0999d
0x4f1914,0x137a30,14663,0x5265f0,0x20,0x0,0xe86fa2ec3b8b916d
0x4f1bc4,0x137a50,14664,0x526750,0x20,0x0,0x615c249ff448034
0x4f1f30,0x137a70,14665,0x5268b0,0x20,0x0,0x73bcfca48038822d
0x4f2154,0x137010,14582,0x51f670,0x20,0x0,0xbcb7d85bbb8b6ce0
0x4f2308,0x137a90,14666,0x526a10,0x20,0x0,0x540110433222a1c
0x4f26e0,0x137ab0,14667,0x526b70,0x20,0x0,0xab23b478caee3177
0x4f2ac4,0x137ad0,14668,0x526cd0,0x20,0x0,0x5d921c7b31a95f71
0x4f2dbc,0x137af0,14669,0x526e30,0x20,0x0,0xc47d3cbf827b502f
0x4f2f4c,0x137b10,14670,0x526f90,0x20,0x0,0x94150f257f314b25
0x4f3110,0x137b30,14671,0x5270f0,0x20,0x0,0x9fae3ea553e7b38b
0x4f348c,0x137b50,14672,0x527250,0x20,0x0,0x61def820d1336fe8
0x4f3630,0x137b70,14673,0x5273b0,0x20,0x0,0xc65fba24936c3ab9
0x4f37dc,0x137b90,14674,0x527510,0x20,0x0,0xf367d150e6989974
0x4f3aa0,0x137bb0,14675,0x527670,0x20,0x0,0x8f1ba93ed6ecc7dc
0x4f3c94,0x137bd0,14676,0x5277d0,0x20,0x0,0xf8e5a813b44847db
0x4f3f88,0x137bf0,14677,0x527930,0x20,0x0,0x540d19d4eebf0ee6
0x4f410c,0x137c10,14678,0x527a90,0x20,0x0,0xee2fe79210d4f6aa
0x4f46ec,0x137c30,14679,0x527bf0,0x20,0x0,0x13a7c9d55505a5cf
0x4f4a34,0x137c50,14680,0x527d50,0x20,0x0,0x47212eaabbeda229
0x4f4ff0,0x137c70,14681,0x527eb0,0x20,0x0,0x6ac1d2e2e76597f8
0x4f52b4,0x137c90,14682,0x528010,0x20,0x0,0xe41d78e0ad73f4eb
0x4f55d0,0x137cb0,14683,0x528170,0x20,0x0,0x5b025a1f6fa9afa4
0x4f577c,0x137cd0,14684,0x5282d0,0x20,0x0,0xeb45541cc8a21fb1
0x4f5a48,0x137cf0,14685,0x528430,0x20,0x0,0xccf520275afa281e
0x4f5d8c,0x137d10,14686,0x528590,0x20,0x0,0x898efa1fda34e51f
0x4f600c,0x137d30,14687,0x5286f0,0x20,0x0,0xd099761dbb628808
0x4f63c8,0x137d50,14688,0x528850,0x20,0x0,0x68736940af26bb93
0x4f6604,0x137d70,14689,0x5289b0,0x20,0x0,0x44276b6d6ed5695a
0x4f6ccc,0x137d90,14690,0x528b10,0x20,0x0,0x2bb45136560449dc
0x4f6fa0,0x137db0,14691,0x528c70,0x20,0x0,0xb0f62562c9304202
0x4f72e0,0x137dd0,14692,0x528dd0,0x20,0x0,0xa098fed0d203a564
0x4f7540,0x137df0,14693,0x528f30,0x20,0x0,0x2c0d8a37b8db6601
0x4f7844,0x137e10,14694,0x529090,0x20,0x0,0x3cbe8a5e4806f9a3
0x4f7a28,0x137e30,14695,0x5291f0,0x20,0x0,0x3592e2da4942f3fa
0x4f7cd8,0x137010,14582,0x51f670,0x20,0x0,0xbcb7d85bbb8b6ce0
0x4f7f00,0x137e50,14696,0x529350,0x20,0x0,0x685d275b9673b16c
0x4f84d0,0x137e70,14697,0x5294b0,0x20,0x0,0x185d3c8c8692f940
0x4f8798,0x137e90,14698,0x529610,0x20,0x0,0x211cef73c66054aa
0x4f8c80,0x137eb0,14699,0x529770,0x20,0x0,0x4798fb449c4753bf
0x4f8e8c,0x137ed0,14700,0x5298d0,0x20,0x0,0xcc89a5722451630a
0x4f9190,0x137ef0,14701,0x529a30,0x20,0x0,0xfd3de377530ec899
0x4f9390,0x137f10,14702,0x529b90,0x20,0x0,0xa1359ff2e747b26b
0x4f9594,0x137f30,14703,0x529cf0,0x20,0x0,0x500131d8d2c2844d
0x4f9790,0x137f50,14704,0x529e50,0x20,0x0,0xcd6e7e9c6d2a5de9
0x4f997c,0x137f70,14705,0x529fb0,0x20,0x0,0x9215158b22cd56d9
0x4f99e0,0x137f90,14706,0x52a110,0x20,0x0,0x739527dae7c4ebeb
0x4f9d44,0x137fb0,14707,0x52a270,0x20,0x0,0x1564cc28d18a4431
0x4fa054,0x137fd0,14708,0x52a3d0,0x20,0x0,0xa1359ff2e747b26b
0x4fa240,0x137ff0,14709,0x52a530,0x20,0x0,0x500131d8d2c2844d
0x4fa52c,0x138010,14710,0x52a690,0x20,0x0,0x5b874934edd3b6b9
0x4fab00,0x138070,14713,0x52aab0,0x20,0x0,0x1ccd039a73c063fb
0x4fba24,0x138090,14714,0x52ac10,0x20,0x0,0x87f82634eb04e2ec
0x4fc038,0x1380f0,14717,0x52b030,0x20,0x0,0xbdf6ed2ece0f746f
0x4fc514,0x138110,14718,0x52b190,0x20,0x0,0x8b25da54255899c9
0x4fc7e0,0x138130,14719,0x52b2f0,0x20,0x0,0x3d5e959234ebe91e
0x4fca98,0x138150,14720,0x52b450,0x20,0x0,0xc97929d7c2bd8336
0x4fce2c,0x138170,14721,0x52b5b0,0x20,0x0,0xd99ab4ea5e8d110
0x4fd564,0x138190,14722,0x52b710,0x20,0x0,0x500131d8d2c2844d
0x4fe7f4,0x1381b0,14723,0x52b870,0x20,0x0,0x57afcab745656e68
0x4fe978,0x1381d0,14724,0x52b9d0,0x20,0x0,0x3d5e959234b5891e
0x4fed34,0x1381f0,14725,0x52bb30,0x20,0x0,0x8d30c7892b1951b5
0x4fef90,0x138210,14726,0x52bc90,0x20,0x0,0xdb67e6ed72b38f85
0x4ff444,0x138250,14728,0x52bf50,0x20,0x0,0xfcca6e48d30fa430
0x4ff880,0x138270,14729,0x52c0b0,0x20,0x0,0x3e589b274a1dac74
0x4ffac4,0x138290,14730,0x52c210,0x20,0x0,0x1ccd039a73c063fb
0x4ffdc8,0x1382b0,14731,0x52c370,0x20,0x0,0x61d302cbbc599035
0x4ffff4,0x1382d0,14732,0x52c4d0,0x20,0x0,0xd849b4a78d140edd
0x5001f8,0x1382f0,14733,0x52c630,0x20,0x0,0x4d1f359dae11cec
0x5004a4,0x138310,14734,0x52c7b0,0x20,0x0,0x64808547f5ca9d0b
0x500720,0x138330,14735,0x52c910,0x20,0x0,0x114c992eb5f90a70
0x5008b4,0x138470,14745,0x52d6d0,0x20,0x0,0x666775e14543ab85
0x5009fc,0x138490,14746,0x52d830,0x20,0x0,0x8e7b08cc292467af
0x500cd8,0x1384b0,14747,0x52d990,0x20,0x0,0x1ccd039a73c063fb
0x500f7c,0x1384d0,14748,0x52daf0,0x20,0x0,0x8478eecbbe486771
0x50128c,0x1384f0,14749,0x52dc50,0x20,0x0,0xd849b4a78d140edd
0x501450,0x138510,14750,0x52ddb0,0x20,0x0,0x69628102026e7ea0
0x501618,0x138530,14751,0x52df10,0x20,0x0,0x911e0e10a8588eda
0x501860,0x138550,14752,0x52e070,0x20,0x0,0xc7b5d6932aec46ed
0x5019f8,0x138570,14753,0x52e1d0,0x20,0x0,0x1ccd039a73c063fb
0x501c48,0x138590,14754,0x52e330,0x20,0x0,0xcb8d5fb77ab7bc51
0x501d28,0x1385b0,14755,0x52e490,0x20,0x0,0xd849b4a78d140edd
0x501ffc,0x1385d0,14756,0x52e5f0,0x20,0x0,0x7052a9c2b9a7b53
0x50229c,0x1385f0,14757,0x52e750,0x20,0x0,0x222bae255c2e0de9
0x5023d0,0x138610,14758,0x52e8b0,0x20,0x0,0x4515217022cfea5b
0x502598,0x138630,14759,0x52ea10,0x20,0x0,0x8e88dfa47f318048
0x502798,0x138650,14760,0x52eb70,0x20,0x0,0x4515217022d0c3db
0x502ca4,0x138670,14761,0x52ecd0,0x20,0x0,0x30ddc8e6755d47ce
0x502e58,0x138690,14762,0x52ee30,0x20,0x0,0x64808547f5ca9d0b
0x5060cc,0x1386b0,14763,0x52ef90,0x20,0x0,0x71949e2f37299824
0x50727c,0x1386d0,14764,0x52f0f0,0x20,0x0,0x8542b94cb43a6f94
0x507584,0x1386f0,14765,0x52f250,0x20,0x0,0x4e4f44462bb52b8f
0x5078c4,0x138710,14766,0x52f3b0,0x20,0x0,0x2e81cbb6a3557bce
0x507b64,0x138750,14768,0x52f670,0x20,0x0,0x8a5e9592359ca11c
0x507e14,0x138770,14769,0x52f7d0,0x20,0x0,0x65c0fa05f7e85001
0x508060,0x138790,14770,0x52f930,0x20,0x0,0xe1750291c668e983
0x50837c,0x1387b0,14771,0x52fa90,0x20,0x0,0x223f536069fe76c2
0x5086e4,0x1387d0,14772,0x52fbf0,0x20,0x0,0x3fc2aaea9761a9fe
0x508944,0x1387f0,14773,0x52fd50,0x20,0x0,0x8bc22e468891a7fd
0x508afc,0x138810,14774,0x52feb0,0x20,0x0,0x18ce77e7072a7ca0
0x508d70,0x138830,14775,0x530010,0x20,0x0,0x16c0ddc6ec42b20d
0x508f68,0x138850,14776,0x530170,0x20,0x0,0x57b2bb7007d5529a
0x509348,0x138870,14777,0x5302d0,0x20,0x0,0xc3552bc481c84727
0x50951c,0x138890,14778,0x530430,0x20,0x0,0x215f5b386b2e53cf
0x509790,0x1388b0,14779,0x530590,0x20,0x0,0x55ed98934c6dcf1c
0x509b18,0x1388d0,14780,0x5306f0,0x20,0x0,0x3782346f31543c5
0x509e40,0x1388f0,14781,0x530850,0x20,0x0,0xdb9047ce658352d5
0x50a280,0x138910,14782,0x5309b0,0x20,0x0,0x1ccd039a73c063fb
0x50a514,0x138930,14783,0x530b10,0x20,0x0,0xb14494ddfbb11955
0x50a8c0,0x138950,14784,0x530c70,0x20,0x0,0xd849b4a78d140edd
0x50aa1c,0x138970,14785,0x530dd0,0x20,0x0,0xc7cdcffe61e262d5
0x50abc4,0x138990,14786,0x530f30,0x20,0x0,0x3971792eb39f31d0
0x50b020,0x1389b0,14787,0x531090,0x20,0x0,0x307f64a674f69f80
0x50b4a0,0x1389d0,14788,0x5311f0,0x20,0x0,0x7997b65d7d6783a9
0x50b63c,0x1389f0,14789,0x531350,0x20,0x0,0xf7617f70d495877e
0x50b964,0x138a10,14790,0x5314b0,0x20,0x0,0xa1359ff2e747b26b
0x50bb04,0x138a30,14791,0x531610,0x20,0x0,0x500131d8d2c2844d
0x50bd8c,0x138a50,14792,0x531770,0x20,0x0,0xca2b27e925c47166
0x50c0fc,0x138a70,14793,0x5318d0,0x20,0x0,0x2e5b5bb099df07db
0x50c358,0x138a90,14794,0x531a30,0x20,0x0,0xc4a2f5667ca7997c
0x50c598,0x138ab0,14795,0x531b90,0x20,0x0,0x329f1d3c6bea29c1
0x50c870,0x138ad0,14796,0x531cf0,0x20,0x0,0xaa9640f3aa920351
0x50c9f4,0x138af0,14797,0x531e50,0x20,0x0,0xc284be3050566ed5
0x50cac8,0x138b10,14798,0x531fb0,0x20,0x0,0x396a773e2ea7c591
0x50cd70,0x138b30,14799,0x532110,0x20,0x0,0xcbfac0373f5af1bd
0x50da6c,0x138b50,14800,0x532270,0x20,0x0,0x25393bb09f9ff77b
0x50ee4c,0x138030,14711,0x52a7f0,0x20,0x0,0x18ce77e7072a7ca0
0x50f428,0x138b90,14802,0x532530,0x20,0x0,0x329f1d3c6bea29c1
0x50f808,0x138bb0,14803,0x532690,0x20,0x0,0xac68030d7a673777
0x50fea4,0x138bd0,14804,0x5327f0,0x20,0x0,0xb10d8c82912685b3
0x5101d0,0x138bf0,14805,0x532950,0x20,0x0,0xd56972908e8cdf3c
0x510544,0x138c10,14806,0x532ab0,0x20,0x0,0x2f34dbb09bd09c5b
0x510700,0x138c30,14807,0x532c10,0x20,0x0,0xc4a2f5667ca7997c
0x5109bc,0x138c50,14808,0x532d70,0x20,0x0,0x329f1d3c6bea29c1
0x510bb8,0x138c70,14809,0x532ed0,0x20,0x0,0xafe4e88f90cab13e
0x511250,0x138c90,14810,0x533030,0x20,0x0,0x4e53bb1971afe099
0x5118dc,0x138cb0,14811,0x533190,0x20,0x0,0xa17fb3e6958d9215
0x511aa8,0x138d50,14816,0x533870,0x20,0x0,0x500131d8d2c2844d
0x511c64,0x138d70,14817,0x5339d0,0x20,0x0,0xeb6e82fca8cf3805
0x512070,0x138d90,14818,0x533b30,0x20,0x0,0xb7657766aecfba50
0x512174,0x138db0,14819,0x533c90,0x20,0x0,0xda975610538cbbaf
0x512e4c,0x138dd0,14820,0x533df0,0x20,0x0,0xa1359ff2e747b26b
0x512f2c,0x138df0,14821,0x533f50,0x20,0x0,0x500131d8d2c2844d
0x513008,0x138e10,14822,0x5340b0,0x20,0x0,0xbf2db809ea9636d8
0x513104,0x138e30,14823,0x534210,0x20,0x0,0xf014751c2abdf37d
0x5133e4,0x138e50,14824,0x534370,0x20,0x0,0xc4a2f5667ca7997c
0x5136c4,0x138e70,14825,0x5344d0,0x20,0x0,0xf014751c2abdf37d
0x513a7c,0x138e90,14826,0x534630,0x20,0x0,0xc4a2f5667ca7997c
0x513ce0,0x138eb0,14827,0x534790,0x20,0x0,0xf3ea1175a360dea
0x513ea0,0x138010,14710,0x52a690,0x20,0x0,0x5b874934edd3b6b9
0x5140d4,0x138ed0,14828,0x5348f0,0x20,0x0,0x6baea94ea2720147
0x514448,0x138ef0,14829,0x534a50,0x20,0x0,0x1e66f6343b12b4de
0x5146ec,0x138f10,14830,0x534bb0,0x20,0x0,0x30ddc8e6755d47ce
0x51473c,0x138f30,14831,0x534d10,0x20,0x0,0x64808547f5ca9d0b
0x514928,0x138f50,14832,0x534e70,0x20,0x0,0x2419836f4ceb35f1
0x514eb8,0x138f70,14833,0x534fd0,0x20,0x0,0x9660e24c83fac75d
0x51504c,0x138f90,14834,0x535130,0x20,0x0,0xaf9d60d6e61c3d9b
0x515294,0x138fb0,14835,0x535290,0x20,0x0,0x2e81cbb6a3557bce
0x51552c,0x138fd0,14836,0x5353f0,0x20,0x0,0x3146ad1f480c6adc
0x515794,0x139010,14838,0x5356b0,0x20,0x0,0x65c0fa05f7e85001
0x515cd4,0x139030,14839,0x535810,0x20,0x0,0xe1750291c668e983
0x5168dc,0x139050,14840,0x535970,0x20,0x0,0x494e7a03b20131b1
0x516c68,0x139070,14841,0x535ad0,0x20,0x0,0xba0ff1c757687b56
0x516d54,0x139090,14842,0x535c30,0x20,0x0,0x3f8b9c634fa958e8
0x517068,0x1390b0,14843,0x535d90,0x20,0x0,0x18ce77e7072a7ca0
0x5172c4,0x1390d0,14844,0x535ef0,0x20,0x0,0x813ef10ebf142ad6
0x517644,0x1390f0,14845,0x536050,0x20,0x0,0x57b2bb7007d5544d
0x517984,0x139110,14846,0x5361b0,0x20,0x0,0xc3552bc481c84727
0x517d74,0x139130,14847,0x536310,0x20,0x0,0x51f1a904deccbd7f
0x517fb8,0x139150,14848,0x536470,0x20,0x0,0x3393873f4ae579cd
0x518280,0x139170,14849,0x5365d0,0x20,0x0,0xe82d0f6cf5343a7c
0x518510,0x139190,14850,0x536730,0x20,0x0,0xa393630a65852398
0x5188f8,0x1391b0,14851,0x536890,0x20,0x0,0x1ccd039a73c063fb
0x518b74,0x1391d0,14852,0x5369f0,0x20,0x0,0x8ca85137183afbb4
0x518d78,0x1391f0,14853,0x536b50,0x20,0x0,0xd849b4a78d140edd
0x519014,0x139210,14854,0x536cb0,0x20,0x0,0x69628102026e7ea0
0x519214,0x139230,14855,0x536e10,0x20,0x0,0x5b78607fdf596548
0x51948c,0x139250,14856,0x536f70,0x20,0x0,0x93a0fdc32d7a6e07
0x5196c0,0x139270,14857,0x5370d0,0x20,0x0,0xbb617e13740fb01
0x5198c8,0x139290,14858,0x537230,0x20,0x0,0x6234f0bb9eb1b961
0x519a8c,0x1392b0,14859,0x537390,0x20,0x0,0x847996df728067d5
0x519d58,0x1392d0,14860,0x5374f0,0x20,0x0,0x739527dae7c4ebeb
0x51a0e0,0x1392f0,14861,0x537650,0x20,0x0,0x8e3d8391e5a6962a
0x51a374,0x139310,14862,0x5377b0,0x20,0x0,0x914439518b483a98
0x51a614,0x139330,14863,0x537910,0x20,0x0,0xee322d96426441c4
0x51a710,0x139350,14864,0x537a70,0x20,0x0,0xebb2309572df5b61
0x51a93c,0x139010,14838,0x5356b0,0x20,0x0,0x65c0fa05f7e85001
0x51aab4,0x139370,14865,0x537bf0,0x20,0x0,0xac6e9beb8b10534a
0x51aee8,0x139390,14866,0x537d50,0x20,0x0,0x2e81cbb6a3557bce
0x51b134,0x1393b0,14867,0x537eb0,0x20,0x0,0xc64251c6c94205f2
0x51b460,0x1393d0,14868,0x538010,0x20,0x0,0xf05e98f83434671f
0x51b630,0x1393f0,14869,0x538170,0x20,0x0,0x65c0fa05f7e85001
0x51b8dc,0x139410,14870,0x5382d0,0x20,0x0,0xe1750291c668e983
0x51bb50,0x139430,14871,0x538430,0x20,0x0,0x65b442d61f67f2ae
0x51c154,0x139450,14872,0x538590,0x20,0x0,0x298a951a143ac6b2
0x51c498,0x139470,14873,0x5386f0,0x20,0x0,0x1dbff0f30e3ad3a8
0x51c874,0x139490,14874,0x538850,0x20,0x0,0x18ce77e7072a7ca0
0x51ca84,0x1394b0,14875,0x5389b0,0x20,0x0,0x8dd16b8689d7da98
0x51cdec,0x1394d0,14876,0x538b10,0x20,0x0,0x57b2bb7001d55600
0x51cf74,0x1394f0,14877,0x538c70,0x20,0x0,0xc3552bc481c84727
0x51d248,0x139510,14878,0x538dd0,0x20,0x0,0xc5859c84fd4f7b51
0x51d47c,0x139530,14879,0x538f30,0x20,0x0,0x2c5834da66bb4383
0x51d668,0x139550,14880,0x539090,0x20,0x0,0x4a783429c2238785
0x51d91c,0x139570,14881,0x5391f0,0x20,0x0,0xd76df76f2ac20ec9
0x51db5c,0x139590,14882,0x539350,0x20,0x0,0x1ccd039a73c063fb
0x51e188,0x1395b0,14883,0x5394b0,0x20,0x0,0xfc1a4eede9bf0725
0x51e424,0x1395d0,14884,0x539610,0x20,0x0,0xd849b4a78d140edd
0x51e7a8,0x1395f0,14885,0x539770,0x20,0x0,0x69628102026e7ea0
0x51e91c,0x139610,14886,0x5398d0,0x20,0x0,0x6088c28ffc1b822a
0x51ebe8,0x139630,14887,0x539a30,0x20,0x0,0x860e50f5ee73f7a5
0x51edd0,0x139650,14888,0x539b90,0x20,0x0,0x4dbb7a41c4a33bd2
0x51ef5c,0x139010,14838,0x5356b0,0x20,0x0,0x65c0fa05f7e85001
0x51f1ec,0x139670,14889,0x539cf0,0x20,0x0,0x10ac963b9eee4c61
0x51f8bc,0x139690,14890,0x539e50,0x20,0x0,0xcbfac0373f5af1bd
0x51fb60,0x1396b0,14891,0x539fb0,0x20,0x0,0x68191f005e6f9d85
0x51fef4,0x1396d0,14892,0x53a110,0x20,0x0,0x561e74e03859511f
0x520210,0x1396f0,14893,0x53a270,0x20,0x0,0x92151e0a22d274d9
0x5204ac,0x139710,14894,0x53a3d0,0x20,0x0,0x739527dae7c4ebeb
0x52069c,0x139730,14895,0x53a530,0x20,0x0,0xa28187dda34f2bf3
0x52094c,0x139750,14896,0x53a690,0x20,0x0,0xa1359ff2e747b26b
0x520b00,0x139770,14897,0x53a7f0,0x20,0x0,0x500131d8d2c2844d
0x520cdc,0x139790,14898,0x53a950,0x20,0x0,0x9542ada12ca9d019
0x520dd0,0x1397b0,14899,0x53aab0,0x20,0x0,0x882028df71124c35
0x521494,0x1397d0,14900,0x53ac10,0x20,0x0,0x51f739ee71446b1d
0x5218a4,0x1397f0,14901,0x53ad70,0x20,0x0,0x307f64a671f69dcd
0x521be4,0x139810,14902,0x53aed0,0x20,0x0,0xa0f20379a7567786
0x522144,0x139830,14903,0x53b030,0x20,0x0,0x307f64a671f69dcd
0x522aa8,0x139850,14904,0x53b190,0x20,0x0,0xe4003a312ea8c4cd
0x523374,0x139870,14905,0x53b2f0,0x20,0x0,0x7d27d07da5540bf3
0x523ca0,0x139890,14906,0x53b450,0x20,0x0,0x601de7aa66265a41
0x5244c8,0x1398f0,14909,0x53b870,0x20,0x0,0x92151e0a22d0c1d9
0x5250bc,0x139970,14913,0x53bdf0,0x20,0x0,0x500131d8d2c2844d
0x5255d8,0x139990,14914,0x53bf50,0x20,0x0,0x4f5cba96ac1e0e3d
0x525798,0x139a70,14921,0x53c8f0,0x20,0x0,0x64808547f5ca9d0b
0x52664c,0x139a90,14922,0x53ca50,0x20,0x0,0x11a92fc748be51c8
0x526ff4,0x139ad0,14924,0x53cd10,0x20,0x0,0xcdbe257218ae58e5
0x527254,0x139af0,14925,0x53ce70,0x20,0x0,0x2e81cbb6a3557bce
0x52794c,0x139b10,14926,0x53cfd0,0x20,0x0,0x5d3c3bc1a67449b3
0x527b20,0x139b30,14927,0x53d130,0x20,0x0,0xf05e9745336f4a1f
0x527c20,0x139b50,14928,0x53d290,0x20,0x0,0x65c0fa05f7e85001
0x527d9c,0x139b70,14929,0x53d3f0,0x20,0x0,0xe1750291c668e983
0x527e80,0x139b70,14929,0x53d3f0,0x20,0x0,0xe1750291c668e983
0x527ff4,0x139b90,14930,0x53d550,0x20,0x0,0xb6ab7a06188dbea4
0x528058,0x139bb0,14931,0x53d6b0,0x20,0x0,0xdf98b232d4234557
0x5281a0,0x139bf0,14933,0x53d970,0x20,0x0,0x18ce77e7072a7ca0
0x528330,0x139c10,14934,0x53dad0,0x20,0x0,0xbe86337f03fbb9a6
0x5283fc,0x139c70,14937,0x53def0,0x20,0x0,0xb38e416a817b9f62
0x528520,0x134df0,14309,0x507ed0,0x20,0x0,0xc9d306be7abf6c68
0x5286c0,0x139dd0,14948,0x53ee10,0x20,0x0,0x329f1d3c6bea29c1
0x529818,0x139df0,14949,0x53ef70,0x20,0x0,0x9fc405e4a003b30
0x5299d4,0x139e10,14950,0x53f0d0,0x20,0x0,0x39770c7bd6f68b49
0x529bbc,0x139e50,14952,0x5b59fc,0x20,0x100,0x97bbfc0ca757efc5
0x529c78,0x139e70,14953,0x22b834,0x40c,0x100,0x6ba9b06df0086de5
0x529d34,0x139e90,14954,0x488964,0x1cc,0x100,0x83362f2b821ac587
0x529e1c,0x139eb0,14955,0x6085e0,0x148,0x100,0x7948f31b567eabe0
0x529ed8,0x139ed0,14956,0x264694,0x27c,0x100,0xa9fd18e6d095ef17
0x529f94,0x139ef0,14957,0x223834,0xe8,0x100,0xdfcbdc63e7b6c7f0
0x52a050,0x139f10,14958,0x226a34,0x3dc,0x100,0x1351b27cca5a0e0
0x52a10c,0x139f30,14959,0x262e94,0x24c,0x100,0xba09f112bd8d3389
0x52a1c8,0x139f50,14960,0x49b664,0xe4,0x100,0x454864d2b59e9f17
0x52a284,0x139f70,14961,0x433038,0x28c,0x100,0xf5fbfee4f449e1dc
0x52a340,0x139f90,14962,0x399254,0x210,0x100,0x3e8b9ea8f9e32f91
0x52a3fc,0x139fb0,14963,0x292acc,0x1e4,0x100,0x45662ae110e95cba
0x52a4b8,0x139fd0,14964,0x399954,0x418,0x100,0xcfcc5262a5afee4
0x52a574,0x139ff0,14965,0x25fa94,0x2e0,0x100,0xdf9b3e826bd5d59a
0x52a630,0x13a010,14966,0x4d5f44,0x1e0,0x100,0x9aff105ca0633317
0x52a668,0x13a010,14966,0x4d5f44,0x1e0,0x100,0x9aff105ca0633317
0x52a6ec,0x13a030,14967,0x430b38,0x6d0,0x100,0x6833b03465c5067f
0x52a7e0,0x13a050,14968,0x539b20,0xa50,0x100,0xc1e4231bc8c2e504
0x52a8d0,0x13a070,14969,0x424438,0x80,0x100,0xa5f220bda17aad58
0x52a9bc,0x13a090,14970,0x491f64,0x644,0x100,0x85aa98fc03a86b09
0x52aaa4,0x13a0b0,14971,0x432b38,0x3c,0x100,0x9226a93b644ca6f3
0x52ab94,0x13a0d0,14972,0x4cfb44,0x43c,0x100,0x3680c0967a4e4743
0x52ac7c,0x13a110,14974,0x375f90,0xe0,0x100,0xfc74884bda44dae5
0x52ad64,0x13a170,14977,0x47f664,0x14c,0x100,0xcda9e124a161b458
0x52ae20,0x13a190,14978,0x5b9cfc,0xa4,0x100,0xc6e1f3fc494720ed
0x52aedc,0x13a230,14983,0x4d7f44,0x188,0x100,0x5f409a4abb630d85
0x52afc4,0x13a250,14984,0x67de20,0x1260,0x100,0xcf47048fcd9c4e02
0x52b080,0x13a270,14985,0x55904c,0x170,0x100,0x2c9c3b47ea8f6b2e
0x52b168,0x13a290,14986,0x2e4414,0x130,0x100,0xa30d343ed83bed40
0x52b224,0x13a2b0,14987,0x6392f8,0x22c,0x90,0x584b6a5985d3f573
0x52b25c,0x13a010,14966,0x4d5f44,0x1e0,0x100,0x9aff105ca0633317
0x52b30c,0x13a2d0,14988,0x263394,0x1a0,0x100,0xe95e7a1f27cbba62
0x52b3e0,0x13a2f0,14989,0x396d54,0x198,0x100,0x8271fb349fe90506
0x52b4c8,0x13a310,14990,0x41e238,0x280,0x100,0xb7d95472b6f45b34
0x52b5b0,0x13a330,14991,0x5a98fc,0x16c,0x100,0x878159c1fc8ff113
0x52b698,0x13a350,14992,0x558c4c,0x5c,0x100,0x65d1f90e234b68af
0x52b6d0,0x13a010,14966,0x4d5f44,0x1e0,0x100,0x9aff105ca0633317
0x52b754,0x13a370,14993,0x41a838,0xf8,0x100,0x1e39e56c743617bc
0x52b810,0x13a390,14994,0x229234,0xe0,0x100,0xf5d3207ac23a8c4
0x52b8fc,0x13a3b0,14995,0x22c334,0xa8,0x100,0x528fb38d227b6f4a
0x52b9ec,0x13a3d0,14996,0x60ffe0,0x58,0x100,0xa4353e5bb936ec80
0x52baa8,0x13a3f0,14997,0x5af9fc,0xc0,0x100,0xd2ad91fd4eb0a959
0x52bb98,0x13a410,14998,0x5ad4fc,0x88,0x100,0xe419db8aa63928de
0x52bc6c,0x13a430,14999,0x41b838,0x1a0,0x100,0x208c05b0bdda1fd7
0x52bd74,0x13a450,15000,0x36a290,0x168,0x100,0xe616008c8c109d02
0x52be5c,0x13a470,15001,0x607ce0,0x30,0x100,0xfeed6bb91e3f7a6
0x52bf64,0x13a490,15002,0x36c690,0xbc0,0x100,0x622013d17a22007
0x52c054,0x13a4b0,15003,0x22ad34,0x228,0x100,0x47c7d755bcc4f042
0x52c110,0x13a4d0,15004,0x6073e0,0xcc,0x100,0xecaf89bc53780346
0x52c204,0x13a4f0,15005,0x481e64,0x2d4,0x100,0xafd3f61e0b4a06d9
0x52c2c0,0x13a510,15006,0x4da144,0x13c,0x100,0x61f030fc065fe3ff
0x52c37c,0x13a530,15007,0x25ea94,0x218,0x100,0x5ab74b3c812d1ec4
0x52c438,0x13a550,15008,0x4d5444,0x288,0x100,0x14f0861ee5bd068d
0x52c4f4,0x13a570,15009,0x377f90,0x214,0x100,0x96d8d91da32fedc6
0x52c5b0,0x13a590,15010,0x4c7f44,0x274,0x100,0x79d9872b78860084
0x52c680,0x13a5b0,15011,0x2f0f14,0x16c,0x100,0x993f9d9c08d13aa6
0x52c6b8,0x13a010,14966,0x4d5f44,0x1e0,0x100,0x9aff105ca0633317
0x52c73c,0x13a5d0,15012,0x22bf34,0x1c0,0x100,0xa72bf06c1460f298
0x52c7f8,0x13a610,15014,0x422d38,0x290,0x100,0xcbb1cfdf8a46e477
0x52c8b4,0x13a670,15017,0x5bb8fc,0x200,0x100,0xd39f059c96a2b394
0x52c970,0x13a690,15018,0x485164,0x1bc,0x100,0xdb0c07317538c0f8
0x52ca2c,0x13a790,15026,0x291acc,0x168,0x100,0x69ac752a30015054
0x52cb14,0x13a810,15030,0x429438,0x4c,0x100,0xa8f5bef27effa897
0x52cc00,0x13a830,15031,0x4d1244,0x54,0x100,0xa9abca498a03cfa8
0x52ccbc,0x13aa70,15049,0x394d54,0x160,0x100,0xb0c508008c8d8a29
0x52cd78,0x13aab0,15051,0x53e520,0x3a4,0x100,0x8a0da6a835de0e2e
0x52ce34,0x13ab10,15054,0x25fd94,0x2c,0x100,0xd018471debafd0ad
0x52cef0,0x13ab50,15056,0x3af5d0,0x158,0x68,0xbd6c80e5313b21fc
0x52cfac,0x13ab70,15057,0x53f320,0x98,0x100,0x4f0f53e5b32a459d
0x52d068,0x13ab90,15058,0x36fd90,0x4ec,0x100,0x5b78abfc3b9f0132
0x52d0a0,0x13a010,14966,0x4d5f44,0x1e0,0x100,0x9aff105ca0633317
0x52d124,0x13ac10,15062,0x2ee814,0x98,0x100,0x43dd835559838881
0x52d1e0,0x13ac30,15063,0x55a54c,0xdc,0x100,0x8b169c29691d0954
0x52d2c8,0x13ac90,15066,0x234a08,0x34,0x100,0x9f5954c79799bb11
0x52d3b0,0x13acd0,15068,0x31763c,0x30,0x100,0x6b13a2c6ad83adbb
0x52d46c,0x13ad10,15070,0x6081e0,0x284,0x100,0x280052f5f7220634
0x52d554,0x13b130,15103,0x6c9dc8,0x151c,0x100,0x1f8cd010449b76d0
0x52d63c,0x13b170,15105,0x48b564,0x7f0,0x100,0xd054cee865b86328
0x52d724,0x13b190,15106,0x36e790,0x2fc,0x100,0x34f69f9ecb80df9a
0x52d7e0,0x13b2f0,15117,0x534820,0x258,0x100,0xc573b239824bcbc7
0x52d8c8,0x13b430,15127,0x42d638,0x74,0x100,0x31aa56eac3b81880
0x52d984,0x13b470,15129,0x3b6974,0x300,0x100,0x1b1ab0251ddd3857
0x52da40,0x13b490,15130,0x687cd0,0x26c,0x80,0x8bbef1fcce2efbc
0x52dafc,0x13b4b0,15131,0x28b4cc,0x274,0x100,0x2211b9479038bf04
0x52dbb8,0x13b4d0,15132,0x52da20,0x1b8,0x100,0x9258aa7bfdabae5d
0x52dc74,0x13b530,15135,0x490f64,0x9c,0x100,0xfc0a035f94f5f55c
0x52dd30,0x13b650,15144,0x42d538,0x2c0,0x100,0x38e291ebd3919e60
0x52ddec,0x13b670,15145,0x2899cc,0x6dc,0x100,0x755b3ca15c25329e
0x52ded4,0x13b690,15146,0x5b2cfc,0x44,0x100,0xc679f118663ba6cd
0x52df90,0x13b6b0,15147,0x2fc7bc,0x44,0x100,0x9d26a4a9e08182a0
0x52e04c,0x13b6d0,15148,0x233d08,0x200,0x100,0x960b52d092678448
0x52e108,0x13b710,15150,0x259294,0x258,0x100,0xe524f4f49c36b77
0x52e1c4,0x13b770,15153,0x366690,0x154,0x100,0x6dbc21f30dd2069e
0x52e280,0x13b790,15154,0x2e4b14,0xe4,0x100,0x5ad57fbe89b93f03
0x52e33c,0x13b7b0,15155,0x2923cc,0x320,0x100,0x81cd16f8bdd367dc
0x52e3f8,0x13b7d0,15156,0x55dc4c,0x288,0x100,0x2d4859ad243abd89
0x52e430,0x13b010,15094,0x368690,0x224,0x100,0x892d903294c56a48
0x52e4b4,0x13b810,15158,0x3b7d74,0x54,0x100,0x8412f29557fdfa9f
0x52e5a4,0x13b890,15162,0x4db544,0x98,0x100,0xd9092f6e23309800
0x52e660,0x13b8f0,15165,0x3b7e74,0x60,0x100,0x66eab3a995c18bfd
0x52e71c,0x13b910,15166,0x426c38,0xb4,0x100,0x2f4520f876c38301
0x52e7d8,0x13b930,15167,0x418238,0x374,0x100,0x9f79734af271dda6
0x52e894,0x13b950,15168,0x428438,0x238,0x100,0xde0a83a3b5362a7e
0x52e984,0x13b970,15169,0x481d64,0x68,0x100,0xdf7d26e5c259a0f4
0x52ea6c,0x13b990,15170,0x2f4114,0x4c,0x100,0xe92bc9696be945fc
0x52eb54,0x13b9b0,15171,0x391254,0x44,0x100,0xfe732616d048640d
0x52ec10,0x13b9d0,15172,0x55e64c,0x94c,0x100,0xe74fb342b70be590
0x52ed00,0x13ba10,15174,0x60dde0,0x1b4,0x100,0xdbee198531f7558b
0x52edbc,0x13baf0,15181,0x4cc844,0xe4,0x100,0xa9d66ff1d441fbf7
0x52ee78,0x13bbb0,15187,0x2895cc,0x19c,0x100,0x2021bf981138c387
0x52ef34,0x13bbd0,15188,0x36d790,0x1f0,0x100,0x8b62778f0f3e0898
0x52ef6c,0x13b010,15094,0x368690,0x224,0x100,0x892d903294c56a48
0x52eff0,0x13bc70,15193,0x310f3c,0xe8,0x100,0xa965bb6c5a2f0bcc
0x52f0ac,0x13be50,15208,0x2e9014,0x1bc,0x100,0xd56913eda0711bc5
0x52f168,0x13be70,15209,0x263e94,0x1f8,0x100,0x5174e03ed4d1ee09
0x52f224,0x13be90,15210,0x6cc7c8,0x608,0x100,0x4ff4ef50d03d7851
0x52f2e0,0x13beb0,15211,0x431838,0x308,0x100,0x7c88b138484980a1
0x52f39c,0x13bed0,15212,0x5bd9fc,0x3c4,0x100,0xe586f97fac19dfc2
0x52f458,0x13bef0,15213,0x490364,0x42c,0x100,0x4ecce42ea32973a1
0x52f514,0x13bf10,15214,0x391c54,0x1f8,0x100,0xb803d0feeb775530
0x52f5d0,0x13bf30,15215,0x53e020,0x230,0x100,0x14f6ca6b98952499
0x52f68c,0x13bf90,15218,0x4cc944,0x7c,0x100,0x637dfbe78e29a45a
0x52f748,0x13c050,15224,0x36af90,0xb8,0x100,0x650ac57516d49942
0x52f804,0x13c070,15225,0x429738,0x250,0x100,0xe9a53a5b1a9973f5
0x52f8c0,0x13c090,15226,0x5b8efc,0x440,0x100,0x37cea4f0a18ab7ed
0x52f97c,0x13c0b0,15227,0x482064,0x204,0x100,0xfe310e9cfa6f0c89
0x52fa38,0x13c0d0,15228,0x48de64,0xc8,0x100,0x2b033bac2416f0e0
0x52fa70,0x13c010,15222,0x391054,0x134,0x100,0xd4818c033630b3
0x52faf4,0x13c0f0,15229,0x4d0a44,0x158,0x100,0x6447a1861ba14869
0x52fbb0,0x13c250,15240,0x2800b4,0x2e0,0x100,0x73f21a4e663f7824
0x52fc6c,0x13c270,15241,0x52f420,0x330,0x100,0x363f7a94975a68c8
0x52fd28,0x13c290,15242,0x261694,0x298,0x100,0xd60a97cc08308957
0x52fde4,0x13c2b0,15243,0x427038,0x1c8,0x100,0x37f965ec1e0bb233
0x52fea0,0x13c2d0,15244,0x41da38,0x1b4,0x100,0xc14e12f82a7c6071
0x52fed8,0x13c010,15222,0x391054,0x134,0x100,0xd4818c033630b3
0x52ff5c,0x13c2f0,15245,0x22ac34,0x18c,0x100,0x985b303be9ac58b4
0x530018,0x13c310,15246,0x397254,0x244,0x100,0x7368eb4a31a7610d
0x5300d4,0x13c330,15247,0x264294,0x260,0x100,0xcb7a1cae4cd70f04
0x530190,0x13c350,15248,0x36f890,0x2e4,0x100,0x288ce097bab47f34
0x53024c,0x13c370,15249,0x667848,0x2a4,0x100,0x4e5466202aa465c
0x530284,0x13c010,15222,0x391054,0x134,0x100,0xd4818c033630b3
0x530308,0x13c390,15250,0x36af90,0x1ec,0x100,0x1593489f47f89341
0x5303c4,0x13c3b0,15251,0x427d38,0x13c,0x100,0xb72f6ca46b96b5bf
0x530480,0x13c3d0,15252,0x650950,0x174,0x100,0x8946a2c0f9fad0c5
0x53053c,0x13c3f0,15253,0x41c638,0x1b0,0x100,0x610090c73605efd1
0x530574,0x13c010,15222,0x391054,0x134,0x100,0xd4818c033630b3
0x5305f8,0x13c410,15254,0x668248,0x208,0x100,0x2d27593e78996a26
0x5306b4,0x13c430,15255,0x52c720,0x508,0x100,0x7ba694f9d52ac47f
0x5306ec,0x13c010,15222,0x391054,0x134,0x100,0xd4818c033630b3
0x530770,0x13c450,15256,0x36ce90,0x18c,0x100,0x79e5722b6dcb5f9e
0x53082c,0x13c470,15257,0x3ae8d0,0x3278,0x100,0xb11dec04ca03afaf
0x5308e8,0x13c490,15258,0x606fe0,0x1e8,0x100,0x5eb91467ff97b18e
0x5309a4,0x13c4b0,15259,0x61e398,0x1cc,0xf8,0x6ed2a716588c5da5
0x530a60,0x13c4d0,15260,0x225c34,0x178,0x100,0x78242c017d8cafa1
0x530a98,0x13c010,15222,0x391054,0x134,0x100,0xd4818c033630b3
0x530b1c,0x13c4f0,15261,0x48ac64,0x308,0x100,0xbcb0baffc25bc6e4
0x530bd8,0x13c510,15262,0x487b64,0x350,0x100,0x2a517977cae06eb4
0x530c94,0x13c630,15271,0x227e34,0xd8,0x100,0x6a8d6d1452c74853
0x530dac,0x13c710,15278,0x497964,0x170,0x100,0xfb259e5b468a8fd6
0x530ea0,0x13c730,15279,0x290dcc,0xa98,0x100,0x9f37b57df0f482df
0x530f90,0x13c750,15280,0x41d638,0x8d4,0x100,0x8cdcff8de0947786
0x531078,0x13c770,15281,0x4d8f44,0x34,0x100,0xac739386a2ff0398
0x53117c,0x13c790,15282,0x53bf20,0x48,0x100,0xe64ed5dbf290b328
0x53127c,0x13c7b0,15283,0x481664,0x7ac,0x100,0x84149737a92bc82b
0x531364,0x13c7d0,15284,0x3bce98,0x12c,0x100,0xa8449699c3cbf89f
0x531420,0x13c8d0,15292,0x398354,0x6a8,0x100,0x3c3832e9eabb9d27
0x5314dc,0x13c8f0,15293,0x424538,0x1ac,0x100,0xfd13bf084190208e
0x531598,0x13c910,15294,0x229034,0x94,0x100,0x33a7e52515ca7510
0x531654,0x13c930,15295,0x311a3c,0x1c4,0x100,0xd22638698c107293
0x53173c,0x13c950,15296,0x42f638,0x3c,0x100,0x107fdbd15b5ea41c
0x531824,0x13c990,15298,0x48fc64,0x168,0x100,0xc938f6a0958e9194
0x5318e0,0x13c9b0,15299,0x371190,0xec,0x100,0x664291a9493c671d
0x53199c,0x13cbd0,15316,0x42e038,0x274,0x100,0x9522c8fdafacf1b8
0x5319d4,0x13c010,15222,0x391054,0x134,0x100,0xd4818c033630b3
0x531a58,0x13cc30,15319,0x6e2398,0xe8,0x100,0x35742eb7850668f7
0x531b14,0x13cd30,15327,0x69b80c,0x1d0,0x100,0x58a2ddd218cd0b9a
0x531bd0,0x13cd50,15328,0x6cbbc8,0x404,0x100,0xfd4eb320cea81b4d
0x531c8c,0x13cd90,15330,0x4da144,0x138,0x100,0x1c1967ff1d1acf5a
0x531d5c,0x13cf50,15344,0x3aefd0,0x1c0,0x100,0x942a63e38e878737
0x531e18,0x13cfb0,15347,0x4cc044,0xd0,0x100,0x3b53c64ae09441ea
0x531ed4,0x13d470,15385,0x371590,0x260,0x100,0x263ef743378e991b
0x531f90,0x13d5f0,15397,0x532020,0x1d4,0x100,0x48b9c0c09cad7db8
0x53204c,0x13d670,15401,0x430a38,0xd0,0x100,0xe1fdddf564f48f1d
0x532108,0x13d690,15402,0x538d20,0x574,0x100,0xdee019a6279e2f0
0x5321c4,0x13d6b0,15403,0x36b790,0x374,0x100,0xf58689a837ad9d7a
0x532280,0x13d6d0,15404,0x226034,0x1d8,0x100,0x5dbb794c51297838
0x53233c,0x13d6f0,15405,0x28f9cc,0x220,0x100,0x5c66939ee744acdf
0x5323f8,0x13d710,15406,0x69b30c,0xc8,0x100,0x543f9f4f8bf8a5a5
0x532430,0x13d010,15350,0x42b838,0x14c,0x100,0x6503b4810c3ac06f
0x5324b4,0x13d730,15407,0x5b5afc,0xe0,0x100,0xff2b1c471058975b
0x532570,0x13d750,15408,0x26f0b8,0x1ac,0x10,0xc65a12d655836b9e
0x53262c,0x13d770,15409,0x419b38,0x204,0x100,0x884cb19182adc4c
0x5326e8,0x13d790,15410,0x233308,0x44,0x100,0x5d805a2f73628d7d
0x5327a4,0x13d7b0,15411,0x483564,0xbc,0x100,0xd2bcd72c9174f74d
0x532860,0x13d7d0,15412,0x42ed38,0xd8,0x100,0xe43519f4e9776666
0x532898,0x13d010,15350,0x42b838,0x14c,0x100,0x6503b4810c3ac06f
0x53291c,0x13d7f0,15413,0x612be0,0x54,0x100,0xdc160e44e11653b2
0x5329d8,0x13d810,15414,0x2f1814,0xcc,0x100,0x9ca402f71791a9ae
0x532ac0,0x13d830,15415,0x2933cc,0xec,0x100,0xdb946904e177df9e
0x532b7c,0x13d850,15416,0x391654,0x424,0x100,0xe9ea6ffdbdb264c9
0x532c38,0x13d870,15417,0x48b664,0x89c,0x100,0xdbcb9bfd39f9b2b1
0x532cf4,0x13d890,15418,0x2f0914,0xcc,0x100,0x9e7e00526bee86bd
0x532db0,0x13d8b0,15419,0x2f2514,0x314,0x100,0x1fb905dd746f371b
0x532e6c,0x13d8d0,15420,0x376990,0x2b0,0x100,0xb2086b45739732b1
0x532f28,0x13d8f0,15421,0x42da38,0x288,0x100,0xcf2f4ca489415cf1
0x532fe4,0x13d910,15422,0x2f2e14,0x2d0,0x100,0x5238d489c0eb92e0
0x5330a0,0x13d930,15423,0x42a938,0x198,0x100,0xa110eda51e6929eb
0x53315c,0x13d950,15424,0x395854,0x238,0x100,0xa5a59c6d9be11848
0x533218,0x13d970,15425,0x5bc8fc,0x170,0x100,0x3fa0ea42cf73b362
0x5332d4,0x13d990,15426,0x2909cc,0x194,0x100,0xc27b06403fe92fea
0x533390,0x13d9b0,15427,0x310d3c,0x248,0x100,0x2aa14ed9b0966ee0
0x53344c,0x13d9d0,15428,0x2e6814,0x288,0x100,0xd2111f4a3a0f78e8
0x533508,0x13d9f0,15429,0x427c38,0x264,0x100,0x87a33414b6666896
0x533540,0x13d010,15350,0x42b838,0x14c,0x100,0x6503b4810c3ac06f
0x5335c4,0x13da10,15430,0x2f2414,0x1f0,0x100,0xcc7e8df88051d1c1
0x533680,0x13da30,15431,0x6c9fc8,0x334,0x100,0xe92bbef8da1749b2
0x53373c,0x13da50,15432,0x493964,0x2dc,0x100,0xac37fca4011d1dcd
0x533774,0x13d010,15350,0x42b838,0x14c,0x100,0x6503b4810c3ac06f
0x5337f8,0x13da70,15433,0x4d6e44,0x2d8,0x100,0x338c56162ed387d
0x5338b4,0x13da90,15434,0x396b54,0x168,0x100,0x1bbcdd51bae5d086
0x533970,0x13dab0,15435,0x375590,0x20c,0x100,0xf2e239ce6edf8e0
0x5339a8,0x13d010,15350,0x42b838,0x14c,0x100,0x6503b4810c3ac06f
0x533a2c,0x13dad0,15436,0x419438,0x1a0,0x100,0x6a1d1ab3a5e9d7bd
0x533a64,0x13d010,15350,0x42b838,0x14c,0x100,0x6503b4810c3ac06f
0x533ae8,0x13daf0,15437,0x41f138,0x144,0x100,0x135aac8c6e49d9dd
0x533ba4,0x13db10,15438,0x424638,0x280,0x100,0xffa39c87d7d28b14
0x533c60,0x13db30,15439,0x4cbb44,0x448,0x100,0x29a099fc5abe0385
0x533d60,0x13db50,15440,0x485b64,0x270,0x100,0xf8007c6ef78329cb
0x533d98,0x13d010,15350,0x42b838,0x14c,0x100,0x6503b4810c3ac06f
0x533e1c,0x13db70,15441,0x55f34c,0x3e8,0x100,0x29682054aae4084f
0x533ed8,0x13db90,15442,0x202254,0xf0,0x100,0x19bc50e5b7784a1
0x533f94,0x13dbb0,15443,0x25d494,0x468,0x100,0xf2a9bb881a650734
0x534050,0x13dbd0,15444,0x4a0364,0x380,0x100,0x927e80e1fa9acf98
0x53410c,0x13dbf0,15445,0x2e7414,0x3b4,0x100,0xc0b6ecfc1653ccb2
0x534144,0x13d010,15350,0x42b838,0x14c,0x100,0x6503b4810c3ac06f
0x5341c8,0x13dc10,15446,0x49e064,0xb4,0x100,0xe4dfbc384c61ca05
0x5342b0,0x13dc30,15447,0x420e38,0x58,0x100,0xe98e1d1e5cbdabd9
0x534398,0x13dc50,15448,0x494964,0xbbc,0x100,0x822e6799e08203af
0x534488,0x13dc70,15449,0x5bdefc,0x458,0x100,0xd7c87bad936d5550
0x534570,0x13dc90,15450,0x2ee214,0xe4,0x100,0xd9ff25dd157b80f6
0x534658,0x13dcb0,15451,0x41f838,0x308,0x100,0x885e9f3d4f4b1f0a
0x53474c,0x13dcd0,15452,0x5ab2fc,0x238,0x100,0x1da484785248ea9e
0x534834,0x13dd10,15454,0x4d2644,0x1c,0x100,0x49e3826305573542
0x5348f0,0x13dd30,15455,0x499264,0x48c,0x100,0xbd2a3886f2c27f67
0x5349ac,0x13dd50,15456,0x55c24c,0x2a0,0x100,0xb883edc706310bca
0x534a68,0x13dd70,15457,0x3c10b0,0x2e8,0x100,0x74bbc96b4a44ffd6
0x534b24,0x13dd90,15458,0x291bcc,0x2d8,0x100,0x97e969482e598911
0x534b5c,0x13d010,15350,0x42b838,0x14c,0x100,0x6503b4810c3ac06f
0x534be0,0x13ddb0,15459,0x393a54,0x2f4,0x100,0x5fe7a61d47450772
0x534c9c,0x13ddd0,15460,0x226b34,0xd4,0x100,0xe1621ae278ed33c5
0x534d58,0x13ddf0,15461,0x558b4c,0x260,0x100,0x9d6419f1196c9241
0x534e14,0x13de10,15462,0x53c420,0x2ec,0x100,0x3cf6e0f98f4ea837
0x534ed0,0x13de30,15463,0x52c820,0x220,0x100,0xa1e6b8f3688eadb2
0x534f8c,0x13de50,15464,0x6db378,0x340,0x100,0x4638b7629eea6bc4
0x535048,0x13de70,15465,0x4d7944,0x2ac,0x100,0x5718628bc85ae719
0x535104,0x13de90,15466,0x31243c,0x360,0x100,0x120f7fe1cbd96e74
0x5351c0,0x13deb0,15467,0x260594,0x3e8,0x100,0x287cc2f40a299962
0x53527c,0x13ded0,15468,0x489a64,0x174,0x100,0x11cac296d6c7406a
0x535338,0x13def0,15469,0x6ccac8,0x5d4,0x100,0x17c5a4448ba9628
0x5353f4,0x13df10,15470,0x416f38,0x324,0x100,0xfe52d276971e8f5d
0x53542c,0x13d010,15350,0x42b838,0x14c,0x100,0x6503b4810c3ac06f
0x5354b0,0x13df30,15471,0x426c38,0x458,0x100,0x1215f4dd0333ab
0x53556c,0x13df50,15472,0x4d9244,0x394,0x100,0xe5eddc7c9da5aaa8
0x535628,0x13df70,15473,0x2892cc,0x1a8,0x100,0xd82ff12cbd846e23
0x5356e4,0x13df90,15474,0x52de20,0x18c,0x100,0x6bf2fdc83937cf89
0x5357a0,0x13dfb0,15475,0x42de38,0x1f4,0x100,0x70a65b3dd38b5ad
0x53585c,0x13dfd0,15476,0x68dcd0,0x2d8,0xa8,0xf6e2a3fea4d42084
0x535918,0x13dff0,15477,0x36bd90,0x180,0x100,0x3b1e8023867bfc24
0x5359d4,0x13e010,15478,0x496964,0x2ec,0x100,0x7d3907d5fb7e1a1e
0x535a90,0x13e030,15479,0x28f7cc,0x3e4,0x100,0x1da81f3fe715d430
0x535b4c,0x13e050,15480,0x5ac4fc,0x5d0,0x100,0x327c79ecbd85e3bd
0x535b84,0x13e010,15478,0x496964,0x2ec,0x100,0x7d3907d5fb7e1a1e
0x535c08,0x13e070,15481,0x202654,0x348,0x50,0x4b7827dcb99e7588
0x535cc4,0x13e090,15482,0x60e9e0,0x2c4,0x100,0xa06394b3d0b1248c
0x535d80,0x13e0b0,15483,0x53a620,0x2dc,0x100,0x915b65003c399176
0x535e3c,0x13e0d0,15484,0x6b3118,0x1a4,0x100,0x67a871578a3e8570
0x535ef8,0x13e0f0,15485,0x4cfe44,0x318,0x100,0x9cd240c5a4935800
0x535fb4,0x13e110,15486,0x55b74c,0x1e0,0x100,0xd51545251c340157
0x536070,0x13e130,15487,0x28eecc,0x340,0x100,0x563d411e7c06b537
0x53612c,0x13e150,15488,0x367690,0x274,0x100,0x36dbfe28b464a50c
0x5361e8,0x13e170,15489,0x531520,0x230,0x100,0xa087ecd8875f931
0x5362a4,0x13e190,15490,0x55ac4c,0x3cc,0x100,0x977c445253923a2d
0x536360,0x13e1b0,15491,0x28eccc,0x3d8,0x100,0x275efbe8ee79e376
0x536398,0x13e010,15478,0x496964,0x2ec,0x100,0x7d3907d5fb7e1a1e
0x53641c,0x13e1d0,15492,0x2926cc,0x6c4,0x100,0xaa9d6c43d14e27f4
0x5364d8,0x13e1f0,15493,0x532020,0x2d0,0x100,0x1672b8b00c2e6603
0x536594,0x13e210,15494,0x6cb7c8,0x364,0x100,0xbb66880e49c75d11
0x536650,0x13e230,15495,0x5bcafc,0x244,0x100,0x6ab877495e6b3f12
0x536688,0x13e010,15478,0x496964,0x2ec,0x100,0x7d3907d5fb7e1a1e
0x53670c,0x13e250,15496,0x369890,0x2fc,0x100,0xa1ec92612072916b
0x5367c8,0x13e270,15497,0x41d538,0x4d4,0x100,0xdb8b006b53d9c4c3
0x536884,0x13e290,15498,0x52a820,0x5d4,0x100,0x359bff14fa97067a
0x536940,0x13e2b0,15499,0x491464,0x2cc,0x100,0x66878912af653069
0x5369fc,0x13e2d0,15500,0x486164,0x21c,0x100,0x4f05a2754e3b4172
0x536ab8,0x13e2f0,15501,0x559e4c,0x218,0x100,0xd5d7720fd38bb88a
0x536b74,0x13e310,15502,0x22a634,0x1f0,0x100,0x3a7c41b81a387b13
0x536c30,0x13e330,15503,0x5aa6fc,0x2fc,0x100,0xcbdcee946cd813ff
0x536c68,0x13e010,15478,0x496964,0x2ec,0x100,0x7d3907d5fb7e1a1e
0x536cec,0x13e350,15504,0x399e54,0x4c,0x100,0x69004b086bef690f
0x536da8,0x13e370,15505,0x3b5f74,0x1dc,0x100,0xef5ee74147522293
0x536de0,0x13e010,15478,0x496964,0x2ec,0x100,0x7d3907d5fb7e1a1e
0x536e64,0x13e390,15506,0x2802b4,0x318,0x100,0xe9615af52d46ca64
0x536f20,0x13e3b0,15507,0x55d14c,0x2c4,0x100,0xe908a7e5ee37d922
0x536fdc,0x13e3d0,15508,0x5bd1fc,0x1ec,0x100,0x14ad43f595176003
0x537098,0x13e3f0,15509,0x536220,0x240,0x100,0x4db62dd42170488f
0x537154,0x13e410,15510,0x26e100,0x5dc,0x100,0x236e3ced9f94db26
0x537210,0x13e430,15511,0x489e64,0x14c,0x100,0xca6e04dff95bed35
0x537304,0x13e450,15512,0x2ed314,0xf30,0x100,0x53b144212c1d055e
0x537404,0x13e470,15513,0x486d64,0xac,0x100,0x4fabe6e3b09d79c1
0x5374ec,0x13e490,15514,0x5bc4fc,0x618,0x100,0x92b5862113bdc582
0x537524,0x13e010,15478,0x496964,0x2ec,0x100,0x7d3907d5fb7e1a1e
0x5375dc,0x13e4d0,15516,0x433938,0x4e0,0x100,0x344757ce5ccd14b6
0x537614,0x13e010,15478,0x496964,0x2ec,0x100,0x7d3907d5fb7e1a1e
0x5376d0,0x13e4f0,15517,0x489d64,0x2a8,0x100,0x6e6d75640edf36ca
0x5377b8,0x13e510,15518,0x49b964,0x2d8,0x100,0x1743c3663f9431
0x5377f0,0x13e010,15478,0x496964,0x2ec,0x100,0x7d3907d5fb7e1a1e
0x5378a0,0x13e530,15519,0x55dd4c,0x37c,0x100,0xa43ba1b25c4b5bc0
0x537990,0x13e550,15520,0x25da94,0x734,0x100,0x624931c9e9f65549
0x537a4c,0x13e570,15521,0x4a0864,0x12c4,0x100,0x5e3b956027c5475f
0x537b08,0x13e590,15522,0x55b44c,0x288,0x100,0x1ed2224e76207018
0x537bc4,0x13e5b0,15523,0x267c94,0x3b4,0x100,0x2d2a061bb48e5f32
0x537c80,0x13e5d0,15524,0x2e8714,0x26c,0x100,0x7ca9313033fd4b1a
0x537d3c,0x13e5f0,15525,0x56014c,0x4a0,0x100,0x6f71616efedcfa87
0x537d74,0x13e010,15478,0x496964,0x2ec,0x100,0x7d3907d5fb7e1a1e
0x537df8,0x13e610,15526,0x2e3c14,0x190,0x100,0xff8904f4701ba5b1
0x537eb4,0x13e630,15527,0x429f38,0x460,0x100,0x1d0a78a3c906c53c
0x537f70,0x13e650,15528,0x55d04c,0x220,0x100,0xcee2fe0886bdaa34
0x537fa8,0x13e010,15478,0x496964,0x2ec,0x100,0x7d3907d5fb7e1a1e
0x53802c,0x13e670,15529,0x4d7544,0x300,0x100,0xdfd372220b938260
0x5380e8,0x13e690,15530,0x26df00,0x2c4,0x100,0x93015a94a5925663
0x5381a4,0x13e6b0,15531,0x42b138,0x190,0x100,0x459d37fbec9edc99
0x538260,0x13e6d0,15532,0x6096e0,0xc4,0x100,0x1b733ad64242073
0x53831c,0x13e810,15542,0x47f064,0x11d0,0x100,0xdfaa69d455ab2e0e
0x5383d8,0x13e830,15543,0x52dd20,0x308,0x100,0x46223b0c8b20f394
0x538494,0x13e850,15544,0x488964,0x33c,0x100,0x5d173363da95c058
0x538550,0x13e870,15545,0x224f34,0x29c,0x100,0x334969e94c2be4ce
0x53860c,0x13e890,15546,0x426638,0x34,0x100,0x615b388a3a90433
0x5386c8,0x13e8b0,15547,0x4ce944,0x2ac,0x100,0x6bebfce1b2d504cc
0x538784,0x13e8d0,15548,0x53f320,0x248,0x100,0x27803beac09fcb3
0x538840,0x13e8f0,15549,0x226634,0x320,0x100,0x58e34fe09914beb3
0x5388fc,0x13e910,15550,0x2941cc,0x368,0x100,0x6eeddb6d9fb9b537
0x5389b8,0x13e930,15551,0x496864,0x274,0x100,0xd39f27ada9bacbb3
0x5389f0,0x13e010,15478,0x496964,0x2ec,0x100,0x7d3907d5fb7e1a1e
0x538a74,0x13e950,15552,0x55a64c,0x384,0x100,0x83989c13fdc43503
0x538b30,0x13e970,15553,0x56ab24,0x270,0x100,0x3a3653b17cfbeab5
0x538bec,0x13e990,15554,0x493264,0x32c,0x100,0x597d43196b1bc158
0x538ca8,0x13e9b0,15555,0x4cce44,0x450,0x100,0xe2d2d058cb21b541
0x538d64,0x13e9d0,15556,0x480264,0x454,0x100,0xbda2aa5b59b6a356
0x538d9c,0x13e010,15478,0x496964,0x2ec,0x100,0x7d3907d5fb7e1a1e
0x538e20,0x13e9f0,15557,0x52fe20,0x1dc,0x100,0x67f42d909ffed74
0x538edc,0x13ea10,15558,0x431638,0x3e0,0x100,0x59dcbcec67bb3130
0x538f98,0x13ea30,15559,0x293ccc,0x3d0,0x100,0x63ac165da1fafa1f
0x539054,0x13ea50,15560,0x28c2cc,0x160,0x100,0x2332f2cdcfa82752
0x539110,0x13ea70,15561,0x5bf3fc,0x198,0x100,0xd262a19338fbfd12
0x5391cc,0x13ea90,15562,0x265c94,0x494,0x100,0xc389647e9d749430
0x539288,0x13eab0,15563,0x28b7cc,0x188,0x100,0x42d6d2d4a3484d13
0x539344,0x13ead0,15564,0x234e08,0x180,0x100,0xdb8243942db7a0d8
0x53937c,0x13e010,15478,0x496964,0x2ec,0x100,0x7d3907d5fb7e1a1e
0x539400,0x13eaf0,15565,0x22b434,0x348,0x100,0x28ea01c294c96519
0x5394bc,0x13eb10,15566,0x3c4f98,0x2e4,0xd8,0xbf7e5cf0903bef4b
0x539578,0x13eb30,15567,0x6071e0,0x17c,0x100,0x2837d2d7be114c0a
0x539634,0x13eb50,15568,0x536420,0xd8,0x100,0x52fac2216ecff103
0x5396f0,0x13eb70,15569,0x36f590,0x290,0x100,0x3775c729fdd8f3dc
0x5397ac,0x13eb90,15570,0x6877d0,0xcfc,0x100,0x441a0726ce204521
0x5397e4,0x13e010,15478,0x496964,0x2ec,0x100,0x7d3907d5fb7e1a1e
0x539868,0x13ebb0,15571,0x2ead14,0x19d4,0x100,0x69c679066cf27d33
0x539924,0x13ebd0,15572,0x600de0,0x198,0x100,0x96d44e521f354761
0x5399e0,0x13ebf0,15573,0x52f020,0x3c4,0x100,0x4ab35f03a1cc4df0
0x539a18,0x13e010,15478,0x496964,0x2ec,0x100,0x7d3907d5fb7e1a1e
0x539a9c,0x13ec10,15574,0x420b38,0x6ac,0x100,0x316f82567d2e7a49
0x539b58,0x13ec30,15575,0x5bd8fc,0x31c,0x100,0x91dce75813cb1c10
0x539c14,0x13ec50,15576,0x490764,0x378,0x100,0x57757a83f84edb22
0x539cd0,0x13ec70,15577,0x399d54,0x1d4,0x100,0x4a7f2d1680e41cb8
0x539d8c,0x13ec90,15578,0x258294,0x2d8,0x100,0xd8bbaae54c4a7cc2
0x539e48,0x13ecb0,15579,0x264394,0x280,0x100,0x7d24033b3f124cfd
0x539f04,0x13ecd0,15580,0x538120,0x698,0x100,0xe89781fb09b2583f
0x539fc0,0x13ecf0,15581,0x395154,0xf0,0x100,0xeb15e62fda040bf6
0x53a07c,0x13ed10,15582,0x2e7514,0x28c,0x100,0x94bba45e1a35e825
0x53a164,0x13ed50,15584,0x41b238,0x70,0x100,0x1df93e8052623b80
0x53a254,0x13edf0,15589,0x2e9e14,0x2a8,0x100,0x24b6838a19b7d592
0x53a310,0x13ee10,15590,0x428938,0x430,0x100,0x69546cf6f1edfcba
0x53a3cc,0x13ee30,15591,0x556b4c,0xe0,0x100,0x4a9391c717e70686
0x53a488,0x13ee50,15592,0x4da644,0xd08,0x100,0x5bd99f0b58f3cb52
0x53a544,0x13ee70,15593,0x539620,0x2f4,0x100,0x1e5c06e09906e7bb
0x53a600,0x13ee90,15594,0x5aecfc,0x25c,0x100,0x2bda1738a3168221
0x53a6bc,0x13eeb0,15595,0x229334,0x3c,0x100,0x6eb6f67b6b5b723c
0x53a6f4,0x13e010,15478,0x496964,0x2ec,0x100,0x7d3907d5fb7e1a1e
0x53a778,0x13eed0,15596,0x395154,0x2c8,0x100,0x9f08aeb6fe11974c
0x53a834,0x13eef0,15597,0x258694,0x3d0,0x100,0x33611a863274b14a
0x53a8f0,0x13ef10,15598,0x42d038,0x5ac,0x100,0x56b5ae45195563bc
0x53a9ac,0x13ef30,15599,0x4c8944,0x19c,0x100,0x8ce55541e4960d11
0x53aa68,0x13ef50,15600,0x537920,0x230,0x100,0x3bd754504c0e4a7b
0x53ab24,0x13ef70,15601,0x372590,0x24c,0x100,0x43bca8689ae05173
0x53abe0,0x13ef90,15602,0x2d738c,0x2a8,0x8,0x36b9efaf1700d554
0x53ac9c,0x13efb0,15603,0x28b3cc,0x3ec,0x100,0xf54f9248a3f78060
0x53ad58,0x13efd0,15604,0x2939cc,0xa4,0x100,0x116ab11d2143e858
0x53ae40,0x13eff0,15605,0x537520,0x50,0x100,0xfe43d48fb9cafcc9
0x53af28,0x13f010,15606,0x489b64,0xc4c,0x100,0x7e943d0e4bd2afde
0x53b018,0x13f030,15607,0x52f720,0x38c,0x100,0x66e847374b164fae
0x53b100,0x13f050,15608,0x431c38,0xec,0x100,0x6ef74f9c595c5bed
0x53b1e8,0x13f070,15609,0x5ab7fc,0x31c,0x100,0xe6f1745855d88637
0x53b220,0x13f010,15606,0x489b64,0xc4c,0x100,0x7e943d0e4bd2afde
0x53b304,0x13f090,15610,0x233e08,0x240,0x100,0xda2f7532b1999ccd
0x53b33c,0x13f010,15606,0x489b64,0xc4c,0x100,0x7e943d0e4bd2afde
0x53b3ec,0x13f0d0,15612,0x423438,0x20,0x100,0x9c2bdd51cb569a4a
0x53b4a8,0x13f0f0,15613,0x432338,0x514,0x100,0xfb16f4b428a4e65b
0x53b564,0x13f110,15614,0x28bdcc,0x38c,0x100,0xf7ad29b606aa5b0d
0x53b620,0x13f130,15615,0x60b6e0,0x32c,0x100,0x3ac33d7714b6e8ef
0x53b6dc,0x13f150,15616,0x52d520,0x240,0x100,0x62f20c12ca5d43d4
0x53b798,0x13f170,15617,0x3b8174,0x288,0x100,0x8fbd6d0c2aa9fca8
0x53b854,0x13f190,15618,0x25d194,0x280,0x100,0x3663bf7b4ba038d2
0x53b88c,0x13f010,15606,0x489b64,0xc4c,0x100,0x7e943d0e4bd2afde
0x53b910,0x13f1b0,15619,0x312e3c,0x3e8,0x100,0x94f2906842d7eeae
0x53b948,0x13f010,15606,0x489b64,0xc4c,0x100,0x7e943d0e4bd2afde
0x53b9cc,0x13f1d0,15620,0x488664,0x298,0x100,0x13685ad66183b389
0x53ba88,0x13f1f0,15621,0x6961e4,0x1e8,0x100,0x218cfbaa370c67cb
0x53bb44,0x13f210,15622,0x6c8b80,0x2e8,0x100,0xa5581949505121ef
0x53bc00,0x13f230,15623,0x4c8044,0x208,0x100,0x53d0ef1d98b9d627
0x53bcbc,0x13f250,15624,0x25a394,0x294,0x100,0x5ff904811880dccd
0x53bd78,0x13f270,15625,0x3ae2d0,0x218,0x100,0x125e5b1b7f7436f8
0x53bdb0,0x13f010,15606,0x489b64,0xc4c,0x100,0x7e943d0e4bd2afde
0x53be34,0x13f290,15626,0x496364,0xd8,0x100,0x88854a408e5b7360
0x53be6c,0x13f010,15606,0x489b64,0xc4c,0x100,0x7e943d0e4bd2afde
0x53bef0,0x13f2b0,15627,0x53b220,0x1c4,0x100,0x66fa5bfa66942fe
0x53bfac,0x13f2d0,15628,0x4c7244,0x32c,0x100,0x97f968023531f05b
0x53bfe4,0x13f010,15606,0x489b64,0xc4c,0x100,0x7e943d0e4bd2afde
0x53c068,0x13f2f0,15629,0x42fb38,0x2c0,0x100,0xcd85666595c24513
0x53c124,0x13f310,15630,0x49f064,0x290,0x100,0x66739527fb47ff93
0x53c1e0,0x13f330,15631,0x419338,0x2b8,0x100,0xcf321bfcbe747758
0x53c29c,0x13f350,15632,0x62e6e0,0x434,0x100,0x86f685cb4705ce4b
0x53c2d4,0x13f010,15606,0x489b64,0xc4c,0x100,0x7e943d0e4bd2afde
0x53c358,0x13f370,15633,0x432338,0x388,0x100,0x2d6211e4ce0b8570
0x53c414,0x13f390,15634,0x5b36fc,0x1c0,0x100,0xb79ddcf05e876102
0x53c4d0,0x13f3b0,15635,0x370090,0x2c4,0x100,0xfd1c5279687e1549
0x53c58c,0x13f3d0,15636,0x368190,0x25c,0x100,0x34d042ccd19e6297
0x53c648,0x13f3f0,15637,0x2e6c14,0x3bc,0x100,0x445f4e4fcc8c6340
0x53c704,0x13f410,15638,0x263594,0x5f8,0x100,0xba202fe4ddec35d2
0x53c73c,0x13f010,15606,0x489b64,0xc4c,0x100,0x7e943d0e4bd2afde
0x53c7c0,0x13f430,15639,0x47fb64,0x348,0x100,0xbbe8a6f8fbaf4dcf
0x53c87c,0x13f450,15640,0x261594,0x228,0x100,0xfe4ae16000d35430
0x53c938,0x13f470,15641,0x6ca1c8,0x2dc,0x100,0x7089e03c15c6d684
0x53c970,0x13f010,15606,0x489b64,0xc4c,0x100,0x7e943d0e4bd2afde
0x53c9f4,0x13f490,15642,0x3c0db0,0x170,0x100,0x4a51cbf875ba5de
0x53cab0,0x13f4b0,15643,0x53d520,0x36c,0x100,0xf7b2e97ac6fd1a67
0x53cae8,0x13f010,15606,0x489b64,0xc4c,0x100,0x7e943d0e4bd2afde
0x53cb6c,0x13f4d0,15644,0x262a94,0x1f0,0x100,0x9cde4f2754335c8b
0x53cc28,0x13f4f0,15645,0x4d4544,0x244,0x100,0x5eade5bc2d357ccb
0x53cce4,0x13f510,15646,0x6c9cc8,0x1d8,0x100,0xede9021cb602430c
0x53cda0,0x13f530,15647,0x558a4c,0x22c,0x100,0x3f43d4ffa5d00f91
0x53ce5c,0x13f550,15648,0x3c0cb0,0x2b8,0x100,0x6e020f0b661d4130
0x53cf18,0x13f570,15649,0x4cd144,0x254,0x100,0xcfbcca5a98306b60
0x53cfd4,0x13f590,15650,0x2931cc,0x64c,0x100,0x5059e4ddbd8cb4e2
0x53d090,0x13f5b0,15651,0x62f3e0,0x280,0x100,0x4aa40c74b18b75d2
0x53d0c8,0x13f010,15606,0x489b64,0xc4c,0x100,0x7e943d0e4bd2afde
0x53d14c,0x13f5d0,15652,0x55cb4c,0x394,0x100,0xcbbda5de73c8b099
0x53d208,0x13f5f0,15653,0x3b5d74,0x178,0x100,0xddffb846715c6857
0x53d2c4,0x13f610,15654,0x36f490,0x2b8,0x100,0xf828c8b3ffeb8f0a
0x53d380,0x13f630,15655,0x48b764,0x3b4,0x100,0x7ea8d96045d6c83a
0x53d43c,0x13f650,15656,0x430438,0x408,0x100,0x38bdde6a3d7d7dc6
0x53d4f8,0x13f670,15657,0x4db044,0x6d4,0x100,0xa6d8c9327a15f33b
0x53d5b4,0x13f690,15658,0x2e9714,0x2a4,0x100,0xfce691759dd2cee3
0x53d670,0x13f6b0,15659,0x234f08,0x320,0x100,0x14f54328083132c5
0x53d72c,0x13f6d0,15660,0x499a64,0x2c0,0x100,0xcf13ea2b5c6c86c3
0x53d7e8,0x13f6f0,15661,0x263394,0x1d4,0x100,0x5e9927dbbe702da3
0x53d8a4,0x13f710,15662,0x25f394,0x29c,0x100,0x5651b1746a8a0284
0x53d8dc,0x13f010,15606,0x489b64,0xc4c,0x100,0x7e943d0e4bd2afde
0x53d960,0x13f730,15663,0x375390,0x1c8,0x100,0x5bc74af1bc961527
0x53da1c,0x13f750,15664,0x4a0264,0xe0,0x100,0x9b9183c9a5ca7f85
0x53dad8,0x13f770,15665,0x42c338,0x1c8,0x100,0xd0c1e4334374188b
0x53db94,0x13f790,15666,0x2e5e14,0x424,0x100,0x33380f8ef517980
0x53dc50,0x13f7b0,15667,0x5b3efc,0x548,0x100,0x3be0171a1dc90442
0x53dd0c,0x13f7d0,15668,0x430638,0x32c,0x100,0x616314952dc9edd2
0x53dd44,0x13f010,15606,0x489b64,0xc4c,0x100,0x7e943d0e4bd2afde
0x53ddc8,0x13f7f0,15669,0x395c54,0x974,0x100,0xd08d156005ecf420
0x53deb0,0x13f810,15670,0x25d294,0x8c8,0x100,0x94f958b32f1c95f0
0x53dfa0,0x13f830,15671,0x5b6bfc,0x934,0x100,0x94dc18d9d861b805
0x53e0b8,0x13f850,15672,0x48ba64,0x828,0x100,0x5108757c818c2d2c
0x53e0f0,0x13f010,15606,0x489b64,0xc4c,0x100,0x7e943d0e4bd2afde
0x53e1ac,0x13f870,15673,0x5acafc,0xbc8,0x100,0x66146a706ef4ca2d
0x53e1e4,0x13f010,15606,0x489b64,0xc4c,0x100,0x7e943d0e4bd2afde
0x53e268,0x13f890,15674,0x42d538,0x510,0x100,0xf0943205a5bdd692
0x53e324,0x13f8b0,15675,0x4d4144,0x1ec,0x100,0x3526f1bd498cbc6e
0x53e3e0,0x13f8d0,15676,0x4c7d44,0x1ac,0x100,0x2c7cd36e8528ef19
0x53e49c,0x13f8f0,15677,0x268aa8,0x13c,0x100,0x8477a16960616007
0x53e558,0x13f910,15678,0x28dccc,0x290,0x100,0x6edc4334a1928141
0x53e614,0x13f9b0,15683,0x484a64,0x5c,0x100,0xad59dd671198a0cc
0x53e6d0,0x13f9f0,15685,0x36ab90,0x250,0x100,0x24e1e0fd8b5d9e0e
0x53e7bc,0x13fa10,15686,0x60d0e0,0x9d0,0x100,0x769948879e59da21
0x53e8a8,0x13fa30,15687,0x22c434,0xebc,0x100,0xd02581dd36b5e0b8
0x53e964,0x13fa50,15688,0x425338,0x238,0x100,0x872c2d53c797f6d3
0x53e99c,0x13f010,15606,0x489b64,0xc4c,0x100,0x7e943d0e4bd2afde
0x53ea20,0x13fa70,15689,0x376390,0x34,0x100,0xb8871b8ae2a492cb
0x53eadc,0x13fa90,15690,0x263794,0x194,0x100,0x3f11b255833ec42a
0x53eb98,0x13fab0,15691,0x42b438,0xf0,0x100,0xd19d5026e24c7238
0x53ec80,0x13fad0,15692,0x5b6cfc,0x104,0x100,0x769ee2178f14afa9
0x53ed68,0x13faf0,15693,0x5a97fc,0x24,0x100,0x9be7ebdee97a6e70
0x53ee50,0x13fb10,15694,0x229734,0x58,0x100,0xf66240a10d0d7c07
0x53ef0c,0x13fb30,15695,0x432238,0x104,0x100,0x99c259d05060604d
0x53ef44,0x13f010,15606,0x489b64,0xc4c,0x100,0x7e943d0e4bd2afde
0x53efc8,0x13fb50,15696,0x4a2664,0x2ec,0x100,0x4610171bd0a584d1
0x53f0b0,0x13fb70,15697,0x6c78fc,0xd8,0x100,0xb03e563b20def507
0x53f16c,0x13fb90,15698,0x495364,0x68,0x100,0x45a22db832224dc5
0x53f228,0x13fbb0,15699,0x557b4c,0x5c,0x100,0x692681fe6dea3bc9
0x53f2e4,0x13fbd0,15700,0x2f0314,0x1d0,0x100,0x31a8568a406e273a
0x53f3a0,0x13fbf0,15701,0x4d7744,0xdc,0x100,0x86380b5898e43521
0x53f45c,0x13fc10,15702,0x4d3b44,0x150,0x100,0x351ec335152c456e
0x53f494,0x13f010,15606,0x489b64,0xc4c,0x100,0x7e943d0e4bd2afde
0x53f518,0x13fc70,15705,0x22b334,0xb8,0x100,0x851465d5cd7b29d4
0x53f5d4,0x13fe10,15718,0x6062e0,0x64,0x100,0xa84c92c9748baa79
0x53f6a4,0x13fe30,15719,0x425b38,0x5d0,0x100,0x53b54c8373d185af
0x53f730,0x142a90,16074,0x55d950,0x20,0x0,0x50abc762e3c5d0e5
0x5402e0,0x142b10,16078,0x55ded0,0x20,0x0,0xc3552bc481c84727
0x540e68,0x142b30,16079,0x55e030,0x20,0x0,0x2da70b94d0cf21d5
0x540f50,0x142010,15990,0x5565b0,0x20,0x0,0x985747ded028072a
0x540f94,0x142070,15993,0x5569d0,0x20,0x0,0x5d1b2e3f7cd5e967
0x541014,0x142b70,16081,0x55e2f0,0x20,0x0,0x61a554c8ad861637
0x541114,0x142b90,16082,0x55e450,0x20,0x0,0xcf8489ae446b7191
0x5412b4,0x142bb0,16083,0x55e5b0,0x20,0x0,0x1ccd039a73c063fb
0x541480,0x142bd0,16084,0x55e710,0x20,0x0,0x1496a4312fb5e809
0x542720,0x142c30,16087,0x55eb30,0x20,0x0,0x3788c119dbcebdca
0x542b2c,0x142cd0,16092,0x55f210,0x20,0x0,0x30734b129b409b95
0x542ca0,0x142cf0,16093,0x55f370,0x20,0x0,0xc4a2f5667ca7997c
0x542ef8,0x142d10,16094,0x55f4d0,0x20,0x0,0x329f1d3c6bea29c1
0x543494,0x142d90,16098,0x55fa50,0x20,0x0,0x45137a5522cfcadb
0x5436f8,0x142db0,16099,0x55fbb0,0x20,0x0,0xc4a2f5667ca7997c
0x5438d0,0x142e30,16103,0x560130,0x20,0x0,0xf280b3a3450a2f3b
0x543a40,0x142ef0,16109,0x560970,0x20,0x0,0x547237398f2d2815
0x543cd8,0x142f10,16110,0x560ad0,0x20,0x0,0xfb2dc4c35a010a3f
0x543f34,0x142f90,16114,0x561050,0x20,0x0,0x60c29210c94762ce
0x544164,0x143110,16126,0x5620d0,0x20,0x0,0x49c93798fc42006e
0x5442ec,0x142cd0,16092,0x55f210,0x20,0x0,0x30734b129b409b95
0x54451c,0x142fb0,16115,0x5611b0,0x20,0x0,0x3f40d6637ae68e46
0x5447e8,0x142fd0,16116,0x561310,0x20,0x0,0xba712bf08d50397f
0x544aa8,0x142ff0,16117,0x561470,0x20,0x0,0xb7060083ae18eb9f
0x544c10,0x143010,16118,0x5615d0,0x20,0x0,0x77f80a4631053922
0x544d6c,0x1434b0,16155,0x5648b0,0x20,0x0,0xe2c348218fa86af6
0x544f2c,0x1434d0,16156,0x564a10,0x20,0x0,0x4e119c5587047a51
0x5452b0,0x1434f0,16157,0x564b90,0x20,0x0,0x39ee90053937ab4
0x5455d4,0x143d90,16226,0x56aa70,0x20,0x0,0xaf1bbd0658d4a599
0x545788,0x144110,16254,0x56d0f0,0x20,0x0,0xf541bdd4f38b4cf2
0x5458d0,0x144230,16263,0x56dd50,0x20,0x0,0x14d37de49e63202c
0x545a20,0x144330,16271,0x56e850,0x20,0x0,0xa8c26b6cc0a874a3
0x545c10,0x1449d0,16324,0x573150,0x20,0x0,0xf568d9c9202a5372
0x545f58,0x1449f0,16325,0x5732b0,0x20,0x0,0xafdcf27a8231d206
0x546180,0x144a10,16326,0x573410,0x20,0x0,0xc45ca91dded1e224
0x5462f8,0x144a30,16327,0x573570,0x20,0x0,0x3a2430e79f2afe57
0x546658,0x144a50,16328,0x5736d0,0x20,0x0,0x16c432530dcc9420
0x546848,0x144a70,16329,0x573830,0x20,0x0,0x6e4319109a6abed0
0x546c34,0x144a90,16330,0x573990,0x20,0x0,0x58a60e6574c0a3f2
0x546d2c,0x144ab0,16331,0x573af0,0x20,0x0,0x6880a68241b46ff8
0x5471fc,0x144ad0,16332,0x573c50,0x20,0x0,0x4ce80a12ad1ae3f4
0x5472d0,0x144af0,16333,0x573db0,0x20,0x0,0x60232dbb7b9c2952
0x5473b4,0x144b10,16334,0x573f10,0x20,0x0,0x3fafb423fa088192
0x547498,0x144b30,16335,0x574070,0x20,0x0,0xc8777487b596fd63
0x547594,0x144b50,16336,0x5741d0,0x20,0x0,0xb96e46a1913d9ebc
0x5477a8,0x144010,16246,0x56c5f0,0x20,0x0,0x724c2944d446afeb
0x5478c8,0x144b70,16337,0x574330,0x20,0x0,0xe8d6b3ca87865070
0x547938,0x144bb0,16339,0x5745f0,0x20,0x0,0xd9b0797084b9305c
0x547ce4,0x13f010,15606,0x489b64,0xc4c,0x100,0x7e943d0e4bd2afde
0x547f94,0x144bd0,16340,0x574750,0x20,0x0,0xfdcf7a7ebc6c21d2
0x548b6c,0x144bf0,16341,0x5748b0,0x20,0x0,0x548a839a6f8cc144
0x548f38,0x144c10,16342,0x574a10,0x20,0x0,0x54ec4264d995bb4d
0x549034,0x144c30,16343,0x574b70,0x20,0x0,0xd9e6ed6511d40d17
0x549280,0x144c50,16344,0x574cd0,0x20,0x0,0x1e78d06013a32c01
0x549498,0x144c70,16345,0x574e30,0x20,0x0,0x73acbe8c1c34b93a
0x549690,0x144c90,16346,0x574f90,0x20,0x0,0xb1e8fec7d4d6950a
0x5498b4,0x144cb0,16347,0x5750f0,0x20,0x0,0x3e8d985b9cd29859
0x549cf0,0x144cd0,16348,0x575250,0x20,0x0,0x60e0ee844d11f80b
0x549ffc,0x144cf0,16349,0x5753b0,0x20,0x0,0x3d9173d57c49a21f
0x54a340,0x144d10,16350,0x575510,0x20,0x0,0x4f6bb07e11ddecc8
0x54a530,0x144d30,16351,0x575670,0x20,0x0,0x879ec5a5b057233c
0x54a7f0,0x144d50,16352,0x5757d0,0x20,0x0,0x394085f18e087c0f
0x54aaa0,0x144d70,16353,0x575930,0x20,0x0,0x3ad148c17e1a46cf
0x54ad30,0x144d90,16354,0x575a90,0x20,0x0,0x3883c4ebb2536c74
0x54afb8,0x144db0,16355,0x575bf0,0x20,0x0,0xdf05d630e50ff7a9
0x54b20c,0x144dd0,16356,0x575d50,0x20,0x0,0x77e4e0bf9cdbebf0
0x54b524,0x144df0,16357,0x575eb0,0x20,0x0,0xf2d22de4d49a1af8
0x54b718,0x144e10,16358,0x576010,0x20,0x0,0xb83625ffda0a197
0x54b93c,0x144e30,16359,0x576170,0x20,0x0,0x5d8ef6b0df2b6af3
0x54bad0,0x144e50,16360,0x5762d0,0x20,0x0,0xa78e1d4e68597eb1
0x54bd40,0x144e70,16361,0x576430,0x20,0x0,0x4f0ea5feb784ce3f
0x54c000,0x144e90,16362,0x576590,0x20,0x0,0xf226a4ab0fcef952
0x54c250,0x144eb0,16363,0x5766f0,0x20,0x0,0x9d91adae50eb8481
0x54c6c4,0x144ed0,16364,0x576850,0x20,0x0,0x1cd736a57633d746
0x54ca10,0x144ef0,16365,0x5769b0,0x20,0x0,0x515ebdff712192fa
0x54cc74,0x144f10,16366,0x576b10,0x20,0x0,0xadc7c9a8151b2c34
0x54ce4c,0x144010,16246,0x56c5f0,0x20,0x0,0x724c2944d446afeb
0x54d06c,0x144f30,16367,0x576c70,0x20,0x0,0xf4c3ca1a57bfdfe3
0x54d42c,0x144f50,16368,0x576dd0,0x20,0x0,0x2c040eea62c43988
0x54d6e0,0x144f70,16369,0x576f30,0x20,0x0,0x414729a4faa115ef
0x54d9e8,0x144f90,16370,0x577090,0x20,0x0,0x8b5992ef88d5f2c9
0x54dbd0,0x144fb0,16371,0x5771f0,0x20,0x0,0xd356ebfb5903d2c1
0x54ddcc,0x144fd0,16372,0x577350,0x20,0x0,0x1cde40979fc5467a
0x54e178,0x144ff0,16373,0x5774b0,0x20,0x0,0xcd53846040dde6c2
0x54e31c,0x145010,16374,0x577610,0x20,0x0,0x9147f199a1d9a663
0x54e510,0x145030,16375,0x577770,0x20,0x0,0xd4283d07841ec92a
0x54e6e8,0x145050,16376,0x5778d0,0x20,0x0,0xccf520275afa281e
0x54e928,0x145070,16377,0x577a30,0x20,0x0,0x7a4aad4d4a3e6cb6
0x54ebbc,0x145090,16378,0x577b90,0x20,0x0,0x687fddb3671e602
0x54ed7c,0x1450b0,16379,0x577cf0,0x20,0x0,0xd02f746855726403
0x54f4c4,0x1450d0,16380,0x577e50,0x20,0x0,0x345424e126d956d
0x54f738,0x1450f0,16381,0x577fb0,0x20,0x0,0x9bd493be44cc801f
0x54fb04,0x145110,16382,0x578110,0x20,0x0,0xaf08ad2b49e233bc
0x54fd10,0x145130,16383,0x578270,0x20,0x0,0x43ea02936a2432fc
0x54fe6c,0x145150,16384,0x5783d0,0x20,0x0,0x13978d002a12d7f
0x5500a8,0x145170,16385,0x578530,0x20,0x0,0xe0f8dd2ce22d8152
0x550480,0x145190,16386,0x578690,0x20,0x0,0x136b2aa59371ae9
0x5506dc,0x1451b0,16387,0x5787f0,0x20,0x0,0x827ded8262a3b9e5
0x5508fc,0x1451d0,16388,0x578950,0x20,0x0,0x75c815758e5321ae
0x550be8,0x1451f0,16389,0x578ab0,0x20,0x0,0x292d83818a17d1bd
0x550d34,0x145210,16390,0x578c10,0x20,0x0,0x6d136682dfe72425
0x551254,0x145230,16391,0x578d70,0x20,0x0,0x8bd7faa01631e68e
0x5514a4,0x145250,16392,0x578ed0,0x20,0x0,0x6d361c6c18db2501
0x5516f4,0x145270,16393,0x579030,0x20,0x0,0xd4144e12f52ce95c
0x551870,0x145290,16394,0x579190,0x20,0x0,0xf15a1fe2939bd6c5
0x551b50,0x1452b0,16395,0x5792f0,0x20,0x0,0xc8842c7ac4cacee3
0x551d78,0x1452d0,16396,0x579450,0x20,0x0,0x2c68f447ed884682
0x551f30,0x145010,16374,0x577610,0x20,0x0,0x9147f199a1d9a663
0x552134,0x1452f0,16397,0x5795b0,0x20,0x0,0x4b48d157b4bbe2cf
0x552624,0x145310,16398,0x579710,0x20,0x0,0x599fd9eef569f360
0x5528b0,0x145330,16399,0x579870,0x20,0x0,0xa9cf45875bce84d1
0x552c64,0x145350,16400,0x5799d0,0x20,0x0,0x637528360e667b18
0x552f18,0x145370,16401,0x579b30,0x20,0x0,0xf03eda690a1e276d
0x55317c,0x145390,16402,0x579c90,0x20,0x0,0x7535d2f66caa723f
0x553394,0x1453b0,16403,0x579df0,0x20,0x0,0xac6e2fedb9877acc
0x5535e0,0x1453d0,16404,0x579f50,0x20,0x0,0xf08c689484eeec06
0x5537e0,0x1453f0,16405,0x57a0b0,0x20,0x0,0x5b8e9426858237ba
0x55395c,0x145410,16406,0x57a210,0x20,0x0,0x3bede68a0e86680d
0x553a48,0x145430,16407,0x57a370,0x20,0x0,0xebd910547a26cb41
0x553ef4,0x145450,16408,0x57a4d0,0x20,0x0,0xe1e136d8c23ce7ae
0x554208,0x145470,16409,0x57a630,0x20,0x0,0xc7d911c4ca18b05d
0x554520,0x145490,16410,0x57a790,0x20,0x0,0xfc9488ee971643c4
0x554810,0x1454b0,16411,0x57a8f0,0x20,0x0,0x27cfb8c099c11de9
0x554cac,0x145990,16450,0x259d94,0xd4,0x100,0xe84da63ca7730f4a
0x554dec,0x1454d0,16412,0x57aa50,0x20,0x0,0xd948e782012e258d
0x5550d4,0x1454f0,16413,0x57abb0,0x20,0x0,0xf02c91c2c15ee941
0x5551fc,0x145510,16414,0x57ad10,0x20,0x0,0x1ae3621bea93a034
0x555378,0x145530,16415,0x57ae70,0x20,0x0,0xc67039866ffe9524
0x5554a8,0x145550,16416,0x57afd0,0x20,0x0,0xded07ac2e3a12c25
0x555588,0x145550,16416,0x57afd0,0x20,0x0,0xded07ac2e3a12c25
0x5556b8,0x145570,16417,0x57b130,0x20,0x0,0x8107e335736f174e
0x55580c,0x145590,16418,0x57b290,0x20,0x0,0x95b5e894acf00294
0x555870,0x1455b0,16419,0x57b410,0x20,0x0,0xb6a81e8bcaf79450
0x555970,0x143110,16126,0x5620d0,0x20,0x0,0x49c93798fc42006e
0x555b54,0x1455d0,16420,0x57b570,0x20,0x0,0x6841c1e70b4d37b0
0x555de8,0x1455f0,16421,0x57b6d0,0x20,0x0,0x95b5e894ace26a94
0x555ed0,0x145610,16422,0x57b830,0x20,0x0,0x36dc6bcf5e1bf809
0x5567d4,0x145630,16423,0x57b990,0x20,0x0,0x4c208b1b65e4b047
0x556940,0x145650,16424,0x57baf0,0x20,0x0,0x5d0b73f586f77fb3
0x556abc,0x145670,16425,0x437490,0x258,0x100,0x346736da7ce9f443
0x556af4,0x145010,16374,0x577610,0x20,0x0,0x9147f199a1d9a663
0x556b8c,0x145690,16426,0x4c7944,0x12c,0x100,0xd296a117247a7c33
0x556bc4,0x145010,16374,0x577610,0x20,0x0,0x9147f199a1d9a663
0x556c48,0x1456b0,16427,0x442468,0xc8,0x100,0xa6da91cfe1eb4083
0x556c80,0x145010,16374,0x577610,0x20,0x0,0x9147f199a1d9a663
0x556d04,0x1456d0,16428,0x259f94,0x4c,0x100,0x98d3d7ccc07de96f
0x556dc0,0x1456f0,16429,0x5be7fc,0x200,0x100,0x2403fb7452980f
0x556df8,0x145010,16374,0x577610,0x20,0x0,0x9147f199a1d9a663
0x556eb0,0x145710,16430,0x372690,0x5c,0x100,0x39d90f60a3a39513
0x556fa0,0x145730,16431,0x530420,0x5c,0x100,0xc8a375eb768024ae
0x55708c,0x145750,16432,0x2f2914,0x50,0x100,0xb0c5f72026b99989
0x55717c,0x145770,16433,0x375890,0x224,0x100,0xa4ced9169edc22b0
0x55726c,0x145790,16434,0x28cbcc,0x88,0x100,0x942c90d8c0a851e1
0x557340,0x1457b0,16435,0x48b664,0x1a0,0x100,0xe8bbdb0d8dd33ba5
0x557448,0x1457d0,16436,0x532b20,0x168,0x100,0xbeee7928c4bd3d84
0x557530,0x145850,16440,0x645b20,0x30,0x100,0x549e4832c512f0c7
0x557638,0x145870,16441,0x397854,0xbc0,0x100,0x8686332ae989bcaf
0x5576f4,0x145890,16442,0x36ba90,0xe4,0x100,0x656b771f735fee8f
0x5577b0,0x1458d0,16444,0x4d8044,0x204,0x100,0x2c8fc29fc57aea2
0x55786c,0x1458f0,16445,0x36a890,0x3ec,0x100,0x723e3c2844478509
0x557928,0x145910,16446,0x485064,0x178,0x100,0x3d81bf1bdf9471ba
0x5579e4,0x145930,16447,0x2ef814,0x210,0x100,0xa4a55352395e337
0x557aa0,0x145950,16448,0x42db38,0x270,0x100,0xc03d7fce01aefb8
0x557b5c,0x145970,16449,0x55a24c,0x32c,0x100,0x5726173982e979c0
0x557c18,0x145990,16450,0x259d94,0xd4,0x100,0xe84da63ca7730f4a
0x557d00,0x1459b0,16451,0x490c64,0xba4,0x100,0x9b1d25b8410b5ff1
0x557d38,0x145010,16374,0x577610,0x20,0x0,0x9147f199a1d9a663
0x557dec,0x1459d0,16452,0x3c0eb0,0xba4,0x100,0xca85b27be3be3f53
0x557edc,0x1459f0,16453,0x539b20,0x6c,0x100,0x45ab96311d0d306c
0x557fc4,0x145a10,16454,0x373790,0x19c,0x100,0x4332e20c692634f0
0x5580ac,0x145a30,16455,0x493d64,0x280,0x100,0x9d5792a7b84ade8a
0x558168,0x145a50,16456,0x2116a0,0x22c,0x100,0x99676ecbaac2296b
0x5581a0,0x145010,16374,0x577610,0x20,0x0,0x9147f199a1d9a663
0x558224,0x145a70,16457,0x229434,0x454,0x100,0x617e502e1d626f54
0x55830c,0x145a90,16458,0x490864,0x1a4,0x100,0x82db1c804bc5064f
0x5583f4,0x145ab0,16459,0x6c927c,0x60,0x100,0x2b621ccdc9bdb03b
0x5584dc,0x145ad0,16460,0x3b6574,0x160,0x100,0xb4a2c44bd4f4e17e
0x558598,0x145af0,16461,0x397554,0xf8,0x100,0x1c119698f5440e6b
0x558680,0x145b10,16462,0x375990,0x119c,0x100,0x6dbe6f84b3b12dc0
0x558770,0x145b30,16463,0x4cc844,0x58,0x100,0x972eef43f4baed7b
0x558860,0x145b50,16464,0x2e4e14,0x594,0x100,0x4c4f5f8b91264f52
0x558950,0x145b70,16465,0x396a54,0x98,0x100,0xc6147c18f05bd311
0x558a44,0x145b90,16466,0x53e720,0x2a4,0x100,0x673a95780151e5b9
0x558b00,0x145bb0,16467,0x60b4e0,0x218,0x100,0xff1af7924f6857ef
0x558bbc,0x145bd0,16468,0x427038,0x288,0x100,0x18d253715f96fa71
0x558c78,0x145bf0,16469,0x4d2744,0xc4,0x100,0x3a264773cfbee7f6
0x558d34,0x145c10,16470,0x661d64,0xc0,0x100,0x89c0e428f26b407a
0x558e1c,0x145c30,16471,0x2ede14,0x134,0x100,0x3e26cd87aff54456
0x558e54,0x145010,16374,0x577610,0x20,0x0,0x9147f199a1d9a663
0x558f04,0x145c50,16472,0x376290,0x24,0x100,0xbb6b63906ecc9fee
0x558fc0,0x145c70,16473,0x267d94,0xec,0x100,0xa615ac93c18155df
0x55907c,0x145c90,16474,0x2e7d14,0x228,0x100,0x536c75651c403c2a
0x559138,0x145cb0,16475,0x229d34,0x2d0,0x100,0xffc86a3b21595e0d
0x559170,0x145010,16374,0x577610,0x20,0x0,0x9147f199a1d9a663
0x559220,0x145d10,16478,0x687bd0,0x104,0x100,0x7fae5e5070ffde9e
0x5592dc,0x145d50,16480,0x5accfc,0x13c,0x100,0x23149cc9e21dc508
0x5593c4,0x145d70,16481,0x52c420,0x158,0x100,0xa21e1f41fbed538a
0x559480,0x145d90,16482,0x499f64,0xa4,0x100,0xfb630a1742dfd141
0x559550,0x145db0,16483,0x6145e0,0x5ec,0x100,0xb810b859ff7a3639
0x55960c,0x145e30,16487,0x41e338,0xbc,0x100,0xfddd1e40bea8309a
0x5596c8,0x145e50,16488,0x55e74c,0x2c0,0x100,0xe3cedbade56f05a7
0x559784,0x145e70,16489,0x494164,0x2f8,0x100,0x25494008844958f
0x559840,0x145e90,16490,0x290fcc,0x160,0x100,0x1931660dfe0fe9c5
0x5598fc,0x145f70,16497,0x425a38,0x168,0x100,0xaa3cfa043c09d94
0x5599b8,0x145fd0,16500,0x4ce944,0x200,0x100,0x9676aecb3be8f994
0x559a74,0x145ff0,16501,0x368390,0x1bc,0x100,0x6cfed74fc9780949
0x559b30,0x146050,16504,0x48be64,0x130,0x100,0xfb25f800d1b1ce93
0x559bec,0x146070,16505,0x290ccc,0x190,0x100,0xe0ae781381e19c6c
0x559ca8,0x146090,16506,0x6050e0,0x1d8,0x100,0xcdd65dc4066cea88
0x559d64,0x1461d0,16516,0x4d9844,0x158,0x100,0x4976fb3b3c1c227d
0x559e20,0x1461f0,16517,0x418e38,0x98,0x100,0xf5144f051b74a160
0x559edc,0x146250,16520,0x4ca444,0x70,0x100,0xf207854b42fee02c
0x559f98,0x146270,16521,0x52fc20,0x108,0x100,0x2e73f3dd0d7aff5
0x559fd0,0x146010,16502,0x493864,0x4d4,0x100,0x53d254f67a82a1ac
0x55a054,0x1462b0,16523,0x612ee0,0x94,0x100,0x77bc459eb285913b
0x55a110,0x1463d0,16532,0x377190,0x98,0x100,0x81ba62c393cae230
0x55a1cc,0x146410,16534,0x4d0d44,0xcc,0x100,0xbd30921f20f22f8
0x55a288,0x146450,16536,0x4ca444,0x9c,0x100,0x3deac6e72dd517ae
0x55a344,0x146490,16538,0x6079e0,0x284,0x100,0xf19770d299c825be
0x55a400,0x146510,16542,0x4cae44,0x7c,0x100,0x18e4b572ae11838
0x55a4bc,0x1465d0,16548,0x420738,0x1dc,0x100,0x7d53e4c6d9090257
0x55a578,0x1465f0,16549,0x227c34,0x394,0x100,0xa98c186d3c68d847
0x55a634,0x146610,16550,0x6037e0,0x1b0,0x100,0x92639ed0e64f5292
0x55a6f0,0x146650,16552,0x498764,0x1b0,0x100,0x451f1677ee3d4a86
0x55a7ac,0x146a70,16585,0x495564,0x1d0,0x100,0x9576c4c685aaa139
0x55a868,0x146ad0,16588,0x233c08,0x220,0x100,0x98f2370fdfb2d96
0x55a924,0x146af0,16589,0x5b49fc,0x270,0x100,0x42f0e5d008d18c60
0x55a9e0,0x146b10,16590,0x4a1e64,0x208,0x100,0x1f71d938cb6d7337
0x55aa9c,0x146b30,16591,0x53bd20,0x130,0x100,0xf3b3a4034ff4eb04
0x55aad4,0x146010,16502,0x493864,0x4d4,0x100,0x53d254f67a82a1ac
0x55ab58,0x146b50,16592,0x233008,0x30c,0x100,0x73cb2339f8c07d35
0x55ac14,0x146b70,16593,0x227f34,0x2b4,0x100,0x647d106775e52f10
0x55acd0,0x146b90,16594,0x4d9f44,0x520,0x100,0x3d0e846e982c4f52
0x55ad08,0x146010,16502,0x493864,0x4d4,0x100,0x53d254f67a82a1ac
0x55ad8c,0x146bb0,16595,0x52c020,0x25c,0x100,0x6047fe1515115355
0x55ae48,0x146bd0,16596,0x6c3f1c,0x25c,0x100,0x8a3fb19b38b003e2
0x55ae80,0x146010,16502,0x493864,0x4d4,0x100,0x53d254f67a82a1ac
0x55af04,0x146bf0,16597,0x2e4d14,0x170,0x100,0xc3c301adb39d9e87
0x55afc0,0x146c10,16598,0x371190,0x2c8,0x100,0x6a1474c3a8f6b693
0x55aff8,0x146010,16502,0x493864,0x4d4,0x100,0x53d254f67a82a1ac
0x55b07c,0x146c30,16599,0x262c94,0x3c4,0x100,0xc5529509c198fea1
0x55b138,0x146c50,16600,0x433a38,0x3c8,0x100,0x36aa52b88aaa1828
0x55b1f4,0x146c70,16601,0x3d5eac,0x4e0,0x70,0x6fb6c34e1e2c5d35
0x55b2b0,0x146c90,16602,0x42b338,0x294,0x100,0xfe8d1e1ae144c57
0x55b36c,0x146d10,16606,0x262f94,0xe8,0x100,0x45606f831d67a2ff
0x55b428,0x146e50,16616,0x4d1b44,0x160,0x100,0xfaffc1df67c1cdc9
0x55b4e4,0x146f70,16625,0x418a38,0x1ac,0x100,0xbcb86e4ec31eceea
0x55b5a0,0x146f90,16626,0x49ca64,0x1d8,0x100,0x78c3e310242b0567
0x55b5d8,0x146010,16502,0x493864,0x4d4,0x100,0x53d254f67a82a1ac
0x55b65c,0x146fb0,16627,0x395054,0x244,0x100,0x8de88ad6faf936a1
0x55b718,0x146fd0,16628,0x60fde0,0x1e4,0x100,0xdbab49260603131d
0x55b7d4,0x146ff0,16629,0x397c54,0x24,0x100,0xc85e0ffe45038fd
0x55b890,0x147010,16630,0x60fbe0,0x190,0x100,0xbf2f1f7e0c4c464a
0x55b94c,0x147030,16631,0x6daf78,0x130,0x100,0x781672c92a28d6f7
0x55ba08,0x1472b0,16651,0x41a638,0x14c,0x100,0x9fde7786f2e1fcad
0x55bac4,0x1472d0,16652,0x497364,0x20c,0x100,0xd957747a7592e3f7
0x55bbac,0x1472f0,16653,0x52d620,0xe0,0x100,0x8f04c70a5482306a
0x55bc68,0x147310,16654,0x6ca5c8,0x14c,0x100,0xda7877b013c75602
0x55bd80,0x1474b0,16667,0x28eecc,0x170,0x100,0xe7ca7d32d780b5dc
0x55be74,0x1474d0,16668,0x28b4cc,0xa98,0x100,0xb3b6b96937df68f9
0x55bf64,0x1474f0,16669,0x376990,0x8d4,0x100,0x57b8b09ec60114de
0x55c04c,0x147510,16670,0x530e20,0x34,0x100,0x90404d1ab354b3e4
0x55c150,0x147530,16671,0x48ce64,0x48,0x100,0xc9c9b1ca71854dbf
0x55c250,0x147550,16672,0x25e094,0x7ac,0x100,0x88c1528458233eb1
0x55c338,0x147570,16673,0x48ff64,0x140,0x100,0x1d8cb8e844cb7f12
0x55c3f4,0x147590,16674,0x227034,0x60,0x100,0x6cd767851af21ff8
0x55c4b0,0x1475b0,16675,0x26ea00,0x1c4,0x100,0xb619d3289b0836bf
0x55c56c,0x1475d0,16676,0x481264,0x4c,0x100,0x42719fa093002d0
0x55c628,0x147610,16678,0x4d6944,0x3e0,0x100,0x68204e405d040007
0x55c6e4,0x147630,16679,0x3b5c74,0x1b8,0x100,0x2d69c6fcf6452c7d
0x55c7a0,0x147650,16680,0x433538,0x54,0x100,0x8ea1c29938355a2c
0x55c890,0x147670,16681,0x6030e0,0x68,0x100,0x6b8d4c2aef3a314c
0x55c978,0x147690,16682,0x639388,0x4c,0x100,0x5aec21e5ef2ca675
0x55ca60,0x1476b0,16683,0x5b84fc,0x44,0x100,0x1a3fc7c7277e5e55
0x55cb1c,0x1476d0,16684,0x536b20,0x94c,0x100,0x69e2edb7c59508fe
0x55cbd8,0x147730,16687,0x25b094,0x4f8,0x100,0x79c988b254f46316
0x55cc10,0x147010,16630,0x60fbe0,0x190,0x100,0xbf2f1f7e0c4c464a
0x55cc94,0x1477f0,16693,0x49a064,0x350,0x100,0xe2cd2cc72e68e321
0x55cd50,0x147810,16694,0x25dd94,0xb4,0x100,0xbc5f85e051156934
0x55ce0c,0x147af0,16717,0x310f3c,0x98,0x100,0x38313afdca0b596d
0x55cec8,0x147bd0,16724,0x486e64,0x170,0x100,0xe32f62dda04f16d1
0x55cf84,0x147c30,16727,0x394354,0x190,0x100,0x99af20603b2e34b1
0x55d040,0x147c50,16728,0x3b8074,0x404,0x100,0xf36e0493852f5f8a
0x55d110,0x147ed0,16748,0x369890,0x170,0x100,0x7e2755d1d7a232b1
0x55d1cc,0x148590,16802,0x48b364,0xb0,0x100,0x4f8e180275478298
0x55d288,0x1485b0,16803,0x4d6644,0x15c,0x100,0x64c6a55372ffb5d2
0x55d344,0x1485d0,16804,0x36a990,0x364,0x100,0x5429acc6e3a7c70f
0x55d37c,0x148010,16758,0x4cbc44,0x68,0x100,0xde4a423235ee90aa
0x55d400,0x1485f0,16805,0x4ca244,0x1b8,0x100,0x3e2cac4d22ea6b7e
0x55d4f0,0x148610,16806,0x534e20,0x3a4,0x100,0x6f2c9f651cff93fe
0x55d5ac,0x148630,16807,0x488b64,0x438,0x100,0xdf0b577b8daba54b
0x55d668,0x148650,16808,0x26d300,0xdc,0x100,0x12167d1598d842e3
0x55d750,0x148670,16809,0x2f3214,0x50,0x100,0xc990d1cbe074fbfb
0x55d838,0x148690,16810,0x5aa1fc,0xbec,0x100,0xdfc1a4b0cbceb98b
0x55d928,0x1486b0,16811,0x2915cc,0x3ec,0x100,0x2b918b11d0d9a199
0x55da10,0x1486d0,16812,0x5ba6fc,0xd8,0x100,0xaa74b2c1db760792
0x55da48,0x148010,16758,0x4cbc44,0x68,0x100,0xde4a423235ee90aa
0x55daf8,0x1486f0,16813,0x2e5914,0x268,0x100,0xfb6e8df90a160ced
0x55dbec,0x148710,16814,0x290acc,0x200,0x100,0x85aa120c2459eb72
0x55dc24,0x148010,16758,0x4cbc44,0x68,0x100,0xde4a423235ee90aa
0x55dcd4,0x148750,16816,0x2e7814,0x1c,0x100,0x41fa845e8b89a17f
0x55dd90,0x148770,16817,0x52a820,0x654,0x100,0x4ec0063958080b69
0x55de4c,0x148790,16818,0x2ef914,0x204,0x100,0xe8bec17274f5403c
0x55df08,0x1487b0,16819,0x41ef38,0x210,0x100,0xbc79be8b3271c570
0x55df40,0x148010,16758,0x4cbc44,0x68,0x100,0xde4a423235ee90aa
0x55dfc4,0x1487d0,16820,0x25d594,0x308,0x100,0x6abaa0112e314c57
0x55e080,0x1487f0,16821,0x3acdd0,0x2c4,0x100,0x1d61792fdc374934
0x55e13c,0x148810,16822,0x55bd4c,0x1c8,0x100,0xf59cc345ef2a6902
0x55e174,0x148010,16758,0x4cbc44,0x68,0x100,0xde4a423235ee90aa
0x55e1f8,0x148830,16823,0x4d5044,0x2d0,0x100,0x7d7c2eb03782d2ba
0x55e2b4,0x148850,16824,0x36e590,0x2a0,0x100,0x7ba144ba26977002
0x55e370,0x148870,16825,0x28b9cc,0x260,0x100,0x43fe848c20bf6346
0x55e42c,0x148890,16826,0x425438,0x360,0x100,0xd208b05b7f65f25
0x55e4e8,0x1488b0,16827,0x4d8e44,0x258,0x100,0x299e0f7622712469
0x55e5a4,0x1488d0,16828,0x53b420,0x220,0x100,0x7734fe70b27d8566
0x55e660,0x1488f0,16829,0x482c64,0x330,0x100,0x24a672d998e3ea67
0x55e71c,0x148910,16830,0x427838,0x1e4,0x100,0x9c7e7dbbdcf9b7fb
0x55e754,0x148010,16758,0x4cbc44,0x68,0x100,0xde4a423235ee90aa
0x55e7d8,0x148930,16831,0x4c9544,0x1f8,0x100,0xd8c97760b3021c35
0x55e894,0x148950,16832,0x25ad94,0x198,0x100,0xff264da725a8be88
0x55e950,0x148970,16833,0x2b6a80,0x310,0x100,0xd9b5625d6f66c6b1
0x55ea0c,0x148990,16834,0x370190,0x268,0x100,0x3a717ac8e75eb1d0
0x55ea44,0x148010,16758,0x4cbc44,0x68,0x100,0xde4a423235ee90aa
0x55eac8,0x1489b0,16835,0x25e194,0x2d4,0x100,0xa69252759fd102f5
0x55eb84,0x1489d0,16836,0x499964,0x344,0x100,0x58bd63beb7dbb95b
0x55ec40,0x1489f0,16837,0x53d420,0x25c,0x100,0xe688ea3329078bc6
0x55ecfc,0x148a10,16838,0x41d138,0x3b8,0x100,0x2dacea23e3d46c58
0x55ed34,0x148010,16758,0x4cbc44,0x68,0x100,0xde4a423235ee90aa
0x55edb8,0x148a30,16839,0x48c064,0x1e4,0x100,0x96aca1d17906b477
0x55ee74,0x148a50,16840,0x536120,0x230,0x100,0x7679932a3896ca50
0x55ef30,0x148a70,16841,0x48d564,0x484,0x100,0x1e01570c67598c68
0x55efec,0x148a90,16842,0x2ee514,0x3c0,0x100,0xcf063a8c07ab175
0x55f024,0x148010,16758,0x4cbc44,0x68,0x100,0xde4a423235ee90aa
0x55f0a8,0x148ab0,16843,0x28facc,0x1a8,0x100,0x3bfbda5ccecd77ec
0x55f164,0x148ad0,16844,0x2e7b14,0x298,0x100,0x22134882432d6105
0x55f19c,0x148010,16758,0x4cbc44,0x68,0x100,0xde4a423235ee90aa
0x55f220,0x148af0,16845,0x5a85fc,0x408,0x100,0x5c3b8389c58eabc9
0x55f2dc,0x148b10,16846,0x28aecc,0x744,0x100,0x5e41f509d8236a34
0x55f314,0x148010,16758,0x4cbc44,0x68,0x100,0xde4a423235ee90aa
0x55f398,0x148b30,16847,0x3bcc98,0x26c,0x100,0xd73989be94221bbb
0x55f454,0x148b50,16848,0x31563c,0x2b8,0x100,0x5e45c62cf5064ff6
0x55f510,0x148b70,16849,0x366d90,0x208,0x100,0x52d0add1b1059d98
0x55f5cc,0x148b90,16850,0x399454,0x274,0x100,0x5dcf62cfa8d280d0
0x55f688,0x148bb0,16851,0x396754,0xdc,0x100,0xd888fcee1ded26ff
0x55f744,0x148bd0,16852,0x22be34,0x174,0x100,0x1b6a5a9bd2a18833
0x55f800,0x148bf0,16853,0x493364,0x4b0,0x100,0x46b32ed76f064b0d
0x55f8bc,0x148c10,16854,0x6bc7f8,0x324,0x100,0x380a623bca7f425f
0x55f978,0x148c30,16855,0x49df64,0x31c,0x100,0xa60a0b6cdd8dd52d
0x55fa34,0x148c50,16856,0x22be34,0x2c8,0x100,0x5cd15d420c3323af
0x55fa6c,0x148010,16758,0x4cbc44,0x68,0x100,0xde4a423235ee90aa
0x55faf0,0x148c70,16857,0x3ad7d0,0x610,0x100,0x2990d275ad0127c9
0x55fbd8,0x148c90,16858,0x498a64,0x3c,0x100,0x8482271f5acd6d2b
0x55fc94,0x148cb0,16859,0x431438,0x200,0x100,0xaa472e5c43ef652d
0x55fccc,0x148010,16758,0x4cbc44,0x68,0x100,0xde4a423235ee90aa
0x55fd50,0x148cf0,16861,0x31403c,0xd8,0x100,0xf603011808bb4da1
0x55fe0c,0x148d10,16862,0x3aedd0,0xe8,0x100,0xab7145d5fd8c9fd6
0x55fe44,0x148010,16758,0x4cbc44,0x68,0x100,0xde4a423235ee90aa
0x55fef4,0x148d30,16863,0x538020,0x100,0x100,0x113a489b2e93cd6e
0x55ffdc,0x148d50,16864,0x263494,0x20,0x100,0xadb081b50f8d8eb9
0x560014,0x148010,16758,0x4cbc44,0x68,0x100,0xde4a423235ee90aa
0x5600c4,0x148d70,16865,0x49fa64,0x174,0x100,0x7724f2db2bb06007
0x560180,0x148d90,16866,0x5aa2fc,0x70,0x100,0xf487fe4f15789269
0x56023c,0x148db0,16867,0x53f520,0x50,0x100,0x4ad0181b47e7ffc
0x5602f8,0x148dd0,16868,0x4ca744,0xd8,0x100,0x46aa966ffa685800
0x5603b4,0x148df0,16869,0x48e464,0xe4,0x100,0x2b1ac830a0422b28
0x560470,0x148e10,16870,0x313d3c,0x110,0x100,0x88131dc8457eceb0
0x56052c,0x148e30,16871,0x36fa90,0x64,0x100,0xfa13bd83d5a6ca3a
0x5605b8,0x14ded0,17516,0x5b3250,0x20,0x0,0x44f1a12749e30a72
0x5606a8,0x14d010,17398,0x5a9010,0x20,0x0,0xfebb07da2b94c100
0x560764,0x14df10,17518,0x5b3510,0x20,0x0,0x6ea277bac010f23a
0x560894,0x14d010,17398,0x5a9010,0x20,0x0,0xfebb07da2b94c100
0x5608fc,0x14df30,17519,0x5b3670,0x20,0x0,0x2e81cbb6a3557bce
0x5609cc,0x148010,16758,0x4cbc44,0x68,0x100,0xde4a423235ee90aa
0x560ac0,0x14df50,17520,0x5b37d0,0x20,0x0,0x6f3bdee8c5007c40
0x560c80,0x14df70,17521,0x5b3950,0x20,0x0,0x739527dae7c4ebeb
0x560e68,0x14df90,17522,0x5b3ab0,0x20,0x0,0xbbba31d69a299578
0x56193c,0x14dfd0,17524,0x5b3d70,0x20,0x0,0x500131d8d2c2844d
0x562f84,0x14dff0,17525,0x5b3ed0,0x20,0x0,0xdc20b0b144d7b726
0x563814,0x14e010,17526,0x5b4030,0x20,0x0,0x2bc259d8ebae0d44
0x5646cc,0x14e030,17527,0x5b4190,0x20,0x0,0xa321b1bea37018fd
0x5660d4,0x14e050,17528,0x5b42f0,0x20,0x0,0x307f64a676f80b22
0x566270,0x1506b0,17835,0x5ce950,0x20,0x0,0x9f721f0ce06e1d05
0x566ca8,0x14e250,17544,0x5b58f0,0x20,0x0,0x42c81de1cf38097a
0x566cc4,0x1506b0,17835,0x5ce950,0x20,0x0,0x9f721f0ce06e1d05
0x566fc4,0x150550,17824,0x5cda30,0x20,0x0,0xa0f345fd63bbdd43
0x5673ec,0x1506b0,17835,0x5ce950,0x20,0x0,0x9f721f0ce06e1d05
0x5673f8,0x14e250,17544,0x5b58f0,0x20,0x0,0x42c81de1cf38097a
0x5678d4,0x1506b0,17835,0x5ce950,0x20,0x0,0x9f721f0ce06e1d05
0x5678ec,0x14e250,17544,0x5b58f0,0x20,0x0,0x42c81de1cf38097a
0x5679d8,0x1506b0,17835,0x5ce950,0x20,0x0,0x9f721f0ce06e1d05
0x5679f0,0x14e250,17544,0x5b58f0,0x20,0x0,0x42c81de1cf38097a
0x567f80,0x14e250,17544,0x5b58f0,0x20,0x0,0x42c81de1cf38097a
0x5683d0,0x14e070,17529,0x5b4450,0x20,0x0,0xb4da8a4ea23c25b9
0x56a198,0x14e0d0,17532,0x5b4870,0x20,0x0,0x64808547f5ca9d0b
0x56a394,0x14e0f0,17533,0x5b49d0,0x20,0x0,0xebaf930f4b4848cf
0x56aa30,0x14e150,17536,0x5b4df0,0x20,0x0,0xc1a22ad54c7a678d
0x56aad4,0x150550,17824,0x5cda30,0x20,0x0,0xa0f345fd63bbdd43
0x56ad2c,0x14e190,17538,0x5b50b0,0x20,0x0,0x1ccd039a73c063fb
0x56b10c,0x14e1b0,17539,0x5b5210,0x20,0x0,0xc3552bc481c84727
0x56b514,0x150550,17824,0x5cda30,0x20,0x0,0xa0f345fd63bbdd43
0x56b8e4,0x14f730,17711,0x5c3eb0,0x20,0x0,0x4ee2fc78122adb61
0x56bc2c,0x14e210,17542,0x5b5630,0x20,0x0,0xd849b4a78d140edd
0x56bcbc,0x14e6b0,17579,0x5b8910,0x20,0x0,0x643a615504754292
0x56bd64,0x14e6d0,17580,0x5b8a70,0x20,0x0,0x57b2bb7004d80eae
0x56c028,0x14e230,17543,0x5b5790,0x20,0x0,0x39fff3c8cf292030
0x56c29c,0x14e270,17545,0x5b5a50,0x20,0x0,0x18ce77e7072a7ca0
0x56c61c,0x14e290,17546,0x5b5bb0,0x20,0x0,0xefe959957034de5c
0x56ca60,0x14e2d0,17548,0x5b5e70,0x20,0x0,0xc3552bc481c84727
0x56ccc0,0x14e2f0,17549,0x5b5fd0,0x20,0x0,0x8265ebefe871ae47
0x56d4b4,0x14e390,17554,0x5b66b0,0x20,0x0,0xec02f7f3bad4bdc4
0x56d754,0x14e450,17560,0x5b6ef0,0x20,0x0,0x208632d54c52678e
0x56d8e0,0x14e530,17567,0x5b7890,0x20,0x0,0x7baa8be74cb9d9a9
0x56da34,0x14e0d0,17532,0x5b4870,0x20,0x0,0x64808547f5ca9d0b
0x56db94,0x14e6f0,17581,0x5b8bd0,0x20,0x0,0xc3552bc481c84727
0x56def0,0x14e730,17583,0x5b8e90,0x20,0x0,0x286acf2e18c20133
0x56e430,0x14e030,17527,0x5b4190,0x20,0x0,0xa321b1bea37018fd
0x56e4ac,0x14eaf0,17613,0x5bb7d0,0x20,0x0,0x500131d8d2c2844d
0x56e60c,0x14eb10,17614,0x5bb930,0x20,0x0,0xc941d95a1eb433ef
0x56e6f0,0x14ed50,17632,0x5bd1f0,0x20,0x0,0x44bc68c20be57e0
0x56e948,0x14eb30,17615,0x5bba90,0x20,0x0,0x500131d8d2c2844d
0x56ebc8,0x14eb50,17616,0x5bbbf0,0x20,0x0,0x8e78d74ea21e0077
0x56ecd8,0x14eb90,17618,0x5bbeb0,0x20,0x0,0x30ddc8e6755d47ce
0x56ee40,0x14ebb0,17619,0x5bc010,0x20,0x0,0x64808547f5ca9d0b
0x56f030,0x14ebd0,17620,0x5bc170,0x20,0x0,0x8c0b2174ff6a32b
0x56f1a0,0x14edb0,17635,0x5bd610,0x20,0x0,0x94ccfdcaa5d6cbd
0x56f2d4,0x14edd0,17636,0x5bd770,0x20,0x0,0x36e8bf7684ac6e8e
0x56f570,0x14ee90,17642,0x5bdfb0,0x20,0x0,0x69628102026e7ea0
0x56f620,0x14eed0,17644,0x5be270,0x20,0x0,0x62d881158f204b27
0x56f8b4,0x14eeb0,17643,0x5be110,0x20,0x0,0xe68a538915f459d7
0x56fb30,0x14f610,17702,0x5c3250,0x20,0x0,0x8c88d2a6c7231005
0x570204,0x14f630,17703,0x5c33b0,0x20,0x0,0xcee569b7bb11a5a8
0x5704f8,0x14f650,17704,0x5c3510,0x20,0x0,0x3c5a6708d31ae6ac
0x5712a8,0x14f6b0,17707,0x5c3930,0x20,0x0,0x7212ee85a17a5ea3
0x571618,0x14f6f0,17709,0x5c3bf0,0x20,0x0,0xd707f02260a2387e
0x571994,0x14f770,17713,0x5c4170,0x20,0x0,0xf9a0c6d4c935056d
0x571d9c,0x14f790,17714,0x5c42d0,0x20,0x0,0xa28377d8b5ff6e91
0x571e90,0x14f7b0,17715,0x5c4430,0x20,0x0,0xda9cc559d8dbacbb
0x5722ac,0x14f7d0,17716,0x5c4590,0x20,0x0,0xe8378b309a96d0
0x572388,0x14f7f0,17717,0x5c46f0,0x20,0x0,0xba1e8282ee158324
0x572458,0x14f810,17718,0x5c4850,0x20,0x0,0x614c057882047108
0x572530,0x14f830,17719,0x5c49b0,0x20,0x0,0xa3fd8b6021b822d
0x572630,0x14f850,17720,0x5c4b10,0x20,0x0,0xa292462787f4bbdf
0x572878,0x14f010,17654,0x5bf050,0x20,0x0,0x64808547f5ca9d0b
0x5729bc,0x14f870,17721,0x5c4c70,0x20,0x0,0x1c979a6381b8d6dd
0x572aac,0x14f8b0,17723,0x5c4f30,0x20,0x0,0x9ced72a2282f1c66
0x573200,0x14f8d0,17724,0x5c5090,0x20,0x0,0x7f1d848c3415050
0x573e70,0x14f8f0,17725,0x5c51f0,0x20,0x0,0x2f807b9e9523cbbd
0x5741a4,0x14f910,17726,0x5c5350,0x20,0x0,0x81d2a3d5ca3f83ef
0x57421c,0x14f930,17727,0x5c54b0,0x20,0x0,0x92b775590f620e8e
0x5744f8,0x14f950,17728,0x5c5610,0x20,0x0,0xd46bca24c7cb2e2b
0x5746ac,0x14f970,17729,0x5c5770,0x20,0x0,0x1458778e76110893
0x5749a4,0x14f990,17730,0x5c58d0,0x20,0x0,0xf24438600a8af68c
0x574c10,0x14f9b0,17731,0x5c5a30,0x20,0x0,0xeebe5e3f294c93f5
0x574ff0,0x14f9d0,17732,0x5c5b90,0x20,0x0,0x567f6774d20d41e9
0x575314,0x14f9f0,17733,0x5c5cf0,0x20,0x0,0x3330cd1610e02caf
0x5755b8,0x14fa10,17734,0x5c5e50,0x20,0x0,0xfdc80919a6bbf926
0x5757e4,0x14fa30,17735,0x5c5fb0,0x20,0x0,0x568aa12c3ff24799
0x575a7c,0x14fa50,17736,0x5c6110,0x20,0x0,0xf21d6a432bb25f5c
0x575d6c,0x14fa70,17737,0x5c6270,0x20,0x0,0x537b9cab6c200b37
0x575fa0,0x14fa90,17738,0x5c63d0,0x20,0x0,0xe2ac4faa148292c0
0x576294,0x14fab0,17739,0x5c6530,0x20,0x0,0xe01d46688d4bfb97
0x576598,0x14fad0,17740,0x5c6690,0x20,0x0,0x1b17396d00466cc2
0x57686c,0x14faf0,17741,0x5c67f0,0x20,0x0,0xb405591f620b4b1d
0x576a80,0x14fb10,17742,0x5c6950,0x20,0x0,0xbc515069ba51b429
0x576c1c,0x14fb30,17743,0x5c6ab0,0x20,0x0,0x4ecc00714ec1cf01
0x576e2c,0x14fb50,17744,0x5c6c10,0x20,0x0,0xa1f26bce7dc97727
0x5770e0,0x14fb70,17745,0x5c6d70,0x20,0x0,0x405c4b477c24e1e1
0x5773a8,0x14fb90,17746,0x5c6ed0,0x20,0x0,0xd59ecf620b03e6ed
0x577598,0x14fbb0,17747,0x5c7030,0x20,0x0,0xf40ca64a50b97b5a
0x577894,0x14fbd0,17748,0x5c7190,0x20,0x0,0xa63490d05edd1dd7
0x577a80,0x14fbf0,17749,0x5c72f0,0x20,0x0,0x21bf275f9108704f
0x577cb4,0x14fc10,17750,0x5c7450,0x20,0x0,0xab93a15badcb1ae0
0x577ee4,0x14f010,17654,0x5bf050,0x20,0x0,0x64808547f5ca9d0b
0x578038,0x14fc30,17751,0x5c75b0,0x20,0x0,0xa7bb908589f967c8
0x5783ec,0x14fc50,17752,0x5c7710,0x20,0x0,0x11cb5942e9dc4fc1
0x578644,0x14fc70,17753,0x5c7870,0x20,0x0,0x231a2c4d28e5e83
0x578878,0x14fc90,17754,0x5c79d0,0x20,0x0,0x643b4cedf72238ad
0x5789d4,0x14fcb0,17755,0x5c7b30,0x20,0x0,0xd289cc8fde2eec6b
0x578bb4,0x14fcd0,17756,0x5c7c90,0x20,0x0,0x37456535238676be
0x578f68,0x14fcf0,17757,0x5c7df0,0x20,0x0,0x8f2252e7fd4d815d
0x579130,0x14fd10,17758,0x5c7f50,0x20,0x0,0xb6ffe1293fea4f5f
0x5792f4,0x14fd30,17759,0x5c80b0,0x20,0x0,0x7155fd3d0c923cfd
0x5795d0,0x14fd50,17760,0x5c8210,0x20,0x0,0x301f72853e3d6a3d
0x5797b0,0x14fd70,17761,0x5c8370,0x20,0x0,0x32e5d386636f0c4f
0x579a58,0x14fd90,17762,0x5c84d0,0x20,0x0,0xbb49b08dfe9e8b11
0x579bdc,0x14fdb0,17763,0x5c8630,0x20,0x0,0x6a3d3b3e6320e13b
0x57a120,0x14fdd0,17764,0x5c8790,0x20,0x0,0x49b2f03ac2c42379
0x57a414,0x14fdf0,17765,0x5c88f0,0x20,0x0,0xc1a83c3160448d48
0x57a7f4,0x14fe10,17766,0x5c8a50,0x20,0x0,0x71210b6ae151290c
0x57aa40,0x14fe30,17767,0x5c8bb0,0x20,0x0,0x1704d6ac5dbd6779
0x57acac,0x14fe50,17768,0x5c8d10,0x20,0x0,0x879903defd93c283
0x57af08,0x14fe70,17769,0x5c8e70,0x20,0x0,0x1a31d90151946bc9
0x57b2ac,0x14fe90,17770,0x5c8fd0,0x20,0x0,0x1e0df4aebe105b44
0x57b538,0x14feb0,17771,0x5c9130,0x20,0x0,0x94d6d31f71291e2a
0x57b6ec,0x14fed0,17772,0x5c9290,0x20,0x0,0xd955d6d894d26f75
0x57b8f8,0x14fef0,17773,0x5c93f0,0x20,0x0,0xb5ceeb9c75098bff
0x57b9d8,0x14ff10,17774,0x5c9550,0x20,0x0,0x8aa38580e256db5b
0x57c198,0x14ff30,17775,0x5c96b0,0x20,0x0,0x74a135ef9589dd02
0x57c540,0x14ff50,17776,0x5c9810,0x20,0x0,0x92a122eff4ca1f8f
0x57c810,0x14ff70,17777,0x5c9970,0x20,0x0,0xbf30b78636c5a08c
0x57ca08,0x14ff90,17778,0x5c9ad0,0x20,0x0,0x938f81dcd3f54b90
0x57cd70,0x14ffb0,17779,0x5c9c30,0x20,0x0,0x9835aec03d55e8ff
0x57cf38,0x14ffd0,17780,0x5c9d90,0x20,0x0,0xe291fb65e775743d
0x57d15c,0x14f010,17654,0x5bf050,0x20,0x0,0x64808547f5ca9d0b
0x57d384,0x14fff0,17781,0x5c9ef0,0x20,0x0,0x288e12a21e0574c3
0x57d9a0,0x150010,17782,0x5ca050,0x20,0x0,0xd56da0500f8b2a8d
0x57dcf8,0x150030,17783,0x5ca1d0,0x20,0x0,0x240603277de1aa35
0x57e1e4,0x150050,17784,0x5ca330,0x20,0x0,0xcb07db9d2818aec4
0x57e528,0x150070,17785,0x5ca490,0x20,0x0,0xefa38267e6a699be
0x57e814,0x150090,17786,0x5ca5f0,0x20,0x0,0xc14e02caf3b08526
0x57e9b8,0x1500b0,17787,0x5ca750,0x20,0x0,0xf608ef42e62806da
0x57ebc4,0x1500d0,17788,0x5ca8b0,0x20,0x0,0x34265b43d44b9d98
0x57ed70,0x1500f0,17789,0x5caa10,0x20,0x0,0x1fa475001bd264aa
0x57ef74,0x150110,17790,0x5cab70,0x20,0x0,0x72bd549522d39acd
0x57f068,0x150130,17791,0x5cacd0,0x20,0x0,0xd7afb423fc3fd0c2
0x57f3d8,0x150150,17792,0x5cae30,0x20,0x0,0x5df24209e640e415
0x57f678,0x150170,17793,0x5caf90,0x20,0x0,0x8803822428be7426
0x57f8f0,0x150190,17794,0x5cb0f0,0x20,0x0,0x5db8237c8566ff77
0x57fbc8,0x1501b0,17795,0x5cb250,0x20,0x0,0x46c9217a9dcc5eae
0x57fedc,0x150550,17824,0x5cda30,0x20,0x0,0xa0f345fd63bbdd43
0x58008c,0x14f730,17711,0x5c3eb0,0x20,0x0,0x4ee2fc78122adb61
0x580254,0x150230,17799,0x5cb7d0,0x20,0x0,0x8e42b6fea2358839
0x5803cc,0x150210,17798,0x5cb670,0x20,0x0,0x328ddde64779e31d
0x580480,0x14e6d0,17580,0x5b8a70,0x20,0x0,0x57b2bb7004d80eae
0x5807e8,0x150010,17782,0x5ca050,0x20,0x0,0xd56da0500f8b2a8d
0x5807f8,0x150250,17800,0x5cb930,0x20,0x0,0xa359d4b8628736f6
0x580944,0x150010,17782,0x5ca050,0x20,0x0,0xd56da0500f8b2a8d
0x5809e4,0x150270,17801,0x5cba90,0x20,0x0,0x8e9a803e26b1431e
0x580bbc,0x150290,17802,0x5cbbf0,0x20,0x0,0x27bd70a1f694fc6b
0x580f18,0x1502b0,17803,0x5cbd50,0x20,0x0,0x8f391049950b618b
0x580ffc,0x150d50,17888,0x5d3230,0x20,0x0,0x61fb05cc191136b
0x581044,0x1502d0,17804,0x5cbeb0,0x20,0x0,0x2f998d77251032d4
0x581134,0x150010,17782,0x5ca050,0x20,0x0,0xd56da0500f8b2a8d
0x581178,0x1502f0,17805,0x5cc010,0x20,0x0,0xac9db31449585a73
0x581380,0x150310,17806,0x5cc170,0x20,0x0,0x91ff1a06f96fd49d
0x581514,0x150010,17782,0x5ca050,0x20,0x0,0xd56da0500f8b2a8d
0x5815c8,0x150330,17807,0x5cc2d0,0x20,0x0,0xb34a7a0b5a27962
0x581738,0x150010,17782,0x5ca050,0x20,0x0,0xd56da0500f8b2a8d
0x581748,0x150350,17808,0x5cc430,0x20,0x0,0x428fbaf2f3c9d8e
0x58188c,0x150010,17782,0x5ca050,0x20,0x0,0xd56da0500f8b2a8d
0x5818e8,0x150010,17782,0x5ca050,0x20,0x0,0xd56da0500f8b2a8d
0x581974,0x150370,17809,0x5cc590,0x20,0x0,0x30b856a6a95fe19
0x581bb8,0x150390,17810,0x5cc6f0,0x20,0x0,0x225870e16ff6d524
0x581eb4,0x1503b0,17811,0x5cc850,0x20,0x0,0x8c0d1678339063e5
0x582040,0x1503d0,17812,0x5cc9b0,0x20,0x0,0xdb35d5a6a8fdd137
0x58222c,0x1503f0,17813,0x5ccb10,0x20,0x0,0x93f428297890e46f
0x5823f0,0x150410,17814,0x5ccc70,0x20,0x0,0xf276837f7f8f9a87
0x5825ac,0x150430,17815,0x5ccdd0,0x20,0x0,0xe8101dadafb47bc2
0x58269c,0x150010,17782,0x5ca050,0x20,0x0,0xd56da0500f8b2a8d
0x5826f0,0x150450,17816,0x5ccf30,0x20,0x0,0x918f86af19732a5d
0x582880,0x150470,17817,0x5cd090,0x20,0x0,0x39b75cb913a5acb1
0x582a0c,0x150490,17818,0x5cd1f0,0x20,0x0,0xef7c0e6dcc9abc9a
0x582c64,0x1504d0,17820,0x5cd4b0,0x20,0x0,0xc09a7e0aead969cb
0x5831a0,0x150910,17854,0x5d0370,0x20,0x0,0x402af9f0614c90
0x5833d4,0x151210,17926,0x5d6690,0x20,0x0,0x1aa186cd5b975fd9
0x583624,0x151230,17927,0x5d67f0,0x20,0x0,0x93b77231e26c058c
0x5836cc,0x14e570,17569,0x5b7b50,0x20,0x0,0xde0ff08083d5e1d3
0x583908,0x14e670,17577,0x5b8650,0x20,0x0,0x35f3a3bd253769e3
0x583a68,0x151250,17928,0x5d6950,0x20,0x0,0x15f1e6b3a1c4ef51
0x583c38,0x151270,17929,0x5d6ab0,0x20,0x0,0xfbcac7cc9bcf571f
0x583fe4,0x151290,17930,0x5d6c10,0x20,0x0,0x74d6ba0357c52720
0x584098,0x14e570,17569,0x5b7b50,0x20,0x0,0xde0ff08083d5e1d3
0x584260,0x14e670,17577,0x5b8650,0x20,0x0,0x35f3a3bd253769e3
0x584440,0x1512b0,17931,0x5d6d70,0x20,0x0,0xb2652de348b68da1
0x58457c,0x1512d0,17932,0x5d6ed0,0x20,0x0,0xbb30c019829c3797
0x584730,0x1512f0,17933,0x5d7030,0x20,0x0,0x600a13261a694f9f
0x584894,0x151310,17934,0x5d7190,0x20,0x0,0x9c74bea9c7e968d
0x584d98,0x151330,17935,0x5d72f0,0x20,0x0,0x551f7093314721eb
0x584e90,0x151350,17936,0x5d7450,0x20,0x0,0xccf520275afa281e
0x585444,0x151370,17937,0x5d75b0,0x20,0x0,0x652dc39d56fb3ecd
0x585520,0x151390,17938,0x5d7710,0x20,0x0,0x551f7093314721eb
0x585600,0x1513b0,17939,0x5d7870,0x20,0x0,0x6655728216cc74cd
0x5856e0,0x1513d0,17940,0x5d79d0,0x20,0x0,0xdae7e862ee890b13
0x5857dc,0x1513f0,17941,0x5d7b30,0x20,0x0,0x3b69c20d1b7258ef
0x5859ec,0x151010,17910,0x5d5070,0x20,0x0,0xbcd14fba1376b803
0x585c24,0x151410,17942,0x5d7c90,0x20,0x0,0x3da482166469e637
0x585d10,0x151450,17944,0x5d7f50,0x20,0x0,0xa9a10c79aafd0d52
0x5862f8,0x151470,17945,0x5d80b0,0x20,0x0,0x900614113767e812
0x5865b8,0x14e030,17527,0x5b4190,0x20,0x0,0xa321b1bea37018fd
0x586f7c,0x151490,17946,0x5d8210,0x20,0x0,0xba907a0888c8dd4f
0x58742c,0x1514b0,17947,0x5d8370,0x20,0x0,0x243e0cc5402b00a3
0x58752c,0x1514d0,17948,0x5d84d0,0x20,0x0,0x10afe5b23db5c27f
0x587880,0x1514f0,17949,0x5d8630,0x20,0x0,0x71d1ec4a63b920ea
0x587bf8,0x151510,17950,0x5d8790,0x20,0x0,0x78378458e3e6431d
0x587ecc,0x151530,17951,0x5d88f0,0x20,0x0,0x6ed858a28755033c
0x5881c4,0x151550,17952,0x5d8a50,0x20,0x0,0xe21461ca877c5079
0x588650,0x151570,17953,0x5d8bb0,0x20,0x0,0x24ee1aa16db72b96
0x5888d4,0x151590,17954,0x5d8d10,0x20,0x0,0x3111630072cf67fa
0x588b50,0x1515b0,17955,0x5d8e70,0x20,0x0,0xa9b4e07bfc8ead87
0x588c94,0x1515d0,17956,0x5d8fd0,0x20,0x0,0x582b2d7ab73ecc77
0x588ee4,0x1515f0,17957,0x5d9130,0x20,0x0,0xffd68d161cfd6151
0x5891f0,0x151610,17958,0x5d9290,0x20,0x0,0xb6741c447e8f6a2c
0x5894a0,0x151630,17959,0x5d93f0,0x20,0x0,0x26d9fe9242e88600
0x58978c,0x151650,17960,0x5d9550,0x20,0x0,0x1ac26be144a9dbbb
0x5899a0,0x151670,17961,0x5d96b0,0x20,0x0,0x9476cd5a28b9dd71
0x589c1c,0x151690,17962,0x5d9810,0x20,0x0,0xf47784098642ef5f
0x589e98,0x1516b0,17963,0x5d9970,0x20,0x0,0x580d77a2526ee680
0x58a004,0x1516d0,17964,0x5d9ad0,0x20,0x0,0x7025ee70e981b4d8
0x58a294,0x1516f0,17965,0x5d9c30,0x20,0x0,0x4d1f068dcda6a500
0x58a5c4,0x151710,17966,0x5d9d90,0x20,0x0,0xdcab82f4a4e6693f
0x58a8f8,0x151730,17967,0x5d9ef0,0x20,0x0,0xd53209ff9337768
0x58ab74,0x151750,17968,0x5da050,0x20,0x0,0x2cac4a563bb87c4f
0x58b01c,0x151770,17969,0x5da1b0,0x20,0x0,0xaa5fa7e1b930becf
0x58b2b0,0x151790,17970,0x5da310,0x20,0x0,0x3235d06d0185203e
0x58b584,0x1517b0,17971,0x5da470,0x20,0x0,0x67c5795104e4257f
0x58b818,0x151010,17910,0x5d5070,0x20,0x0,0xbcd14fba1376b803
0x58b998,0x1517d0,17972,0x5da5d0,0x20,0x0,0x4c9084d2f099a89a
0x58be00,0x1517f0,17973,0x5da730,0x20,0x0,0x3217d8e5a90bad67
0x58c020,0x151810,17974,0x5da890,0x20,0x0,0xee06325e75022564
0x58c348,0x151830,17975,0x5da9f0,0x20,0x0,0x8c0fd96ba4f91279
0x58c540,0x151850,17976,0x5dab50,0x20,0x0,0x41577161eb01d99a
0x58c750,0x151870,17977,0x5dacb0,0x20,0x0,0x460bb28a42304fe5
0x58cbb4,0x151890,17978,0x5dae10,0x20,0x0,0xeee5be75c7038ccd
0x58cdec,0x1518b0,17979,0x5daf70,0x20,0x0,0xd3d077e1698f23c6
0x58cfe0,0x1518d0,17980,0x5db0d0,0x20,0x0,0x8b4c5b5bff120c57
0x58d1fc,0x1518f0,17981,0x5db230,0x20,0x0,0x2c5cccf4f765579e
0x58d374,0x151910,17982,0x5db390,0x20,0x0,0xcb1c76c960c51d66
0x58d704,0x151930,17983,0x5db4f0,0x20,0x0,0x3f2d1528aadfb180
0x58d910,0x151950,17984,0x5db650,0x20,0x0,0x1ed66cdfd9cb36db
0x58df08,0x151970,17985,0x5db7b0,0x20,0x0,0x3641a6b2c513f1
0x58e24c,0x151990,17986,0x5db910,0x20,0x0,0xc008c1104a66e69
0x58e6c8,0x1519b0,17987,0x5dba70,0x20,0x0,0x5ba386e62d09545c
0x58e938,0x1519d0,17988,0x5dbbd0,0x20,0x0,0xfff82ca4422b1f
0x58ead4,0x1519f0,17989,0x5dbd30,0x20,0x0,0xd6e96eec858e1fa1
0x58ec8c,0x151a10,17990,0x5dbe90,0x20,0x0,0x6ec930aad788f370
0x58f02c,0x151a30,17991,0x5dbff0,0x20,0x0,0x102c1ad5049707a
0x58f1f8,0x151a50,17992,0x5dc150,0x20,0x0,0xded1aee78ee7e32b
0x58f3dc,0x151a70,17993,0x5dc2b0,0x20,0x0,0x93c46b86b9c0d8c0
0x58f470,0x151a90,17994,0x5dc410,0x20,0x0,0xb9561d62bc6339fb
0x58f654,0x151ab0,17995,0x5dc570,0x20,0x0,0xf613ccaf54a0a4f5
0x58fba8,0x151ad0,17996,0x5dc6d0,0x20,0x0,0xbe59cd253bdfdda5
0x58fedc,0x151af0,17997,0x5dc830,0x20,0x0,0x765ee4d0268bec9d
0x5901a4,0x151b10,17998,0x5dc990,0x20,0x0,0xdaf91f9540e0e98
0x590374,0x151b30,17999,0x5dcaf0,0x20,0x0,0x90787d0f8a53bb2b
0x590698,0x151b50,18000,0x5dcc50,0x20,0x0,0xcef56b19d49bd676
0x59088c,0x151b70,18001,0x5dcdb0,0x20,0x0,0xeb967cfbafab8014
0x590a5c,0x151010,17910,0x5d5070,0x20,0x0,0xbcd14fba1376b803
0x590c80,0x151b90,18002,0x5dcf10,0x20,0x0,0xc4c3951b7bbb7a5d
0x5912f0,0x151bb0,18003,0x5dd070,0x20,0x0,0xc763f029649ff0f
0x5915ec,0x151bd0,18004,0x5dd1d0,0x20,0x0,0xdcc003f36d697413
0x5919ac,0x151bf0,18005,0x5dd330,0x20,0x0,0x1d4483a5cbc9821d
0x591c4c,0x151c10,18006,0x5dd490,0x20,0x0,0xbb901d93142e7d89
0x591f70,0x151c30,18007,0x5dd5f0,0x20,0x0,0x90b894e5763af1ab
0x592134,0x151c50,18008,0x5dd750,0x20,0x0,0x3ff5ee2e5f2f3efa
0x5922dc,0x151c70,18009,0x5dd8b0,0x20,0x0,0x5f7dec57be6c2287
0x592458,0x151c90,18010,0x5dda10,0x20,0x0,0x9bd54a4fd715a99b
0x5925c8,0x151cb0,18011,0x5ddb70,0x20,0x0,0x6dd80a3c9257d3b4
0x5926c0,0x151cd0,18012,0x5ddcd0,0x20,0x0,0x81f2b721d9d73d0
0x592cdc,0x151cf0,18013,0x5dde30,0x20,0x0,0xb7aa997d0c52e272
0x593254,0x151d10,18014,0x5ddf90,0x20,0x0,0x58b91505c42366ee
0x5934c4,0x151d30,18015,0x5de0f0,0x20,0x0,0x3775f30570fc3bdb
0x593848,0x151d50,18016,0x5de250,0x20,0x0,0xc872d3ae04e0af28
0x5943a8,0x151d90,18018,0x5de510,0x20,0x0,0x46361174385c2ce2
0x59456c,0x151db0,18019,0x5de670,0x20,0x0,0x152ab4d41366b5c3
0x594754,0x151dd0,18020,0x5de7d0,0x20,0x0,0xbc22e019104884a5
0x5948f4,0x151df0,18021,0x5de930,0x20,0x0,0x80bc7c7da94f160
0x594a7c,0x151e10,18022,0x5dea90,0x20,0x0,0x971e146b4d9e5d46
0x594c0c,0x151e50,18024,0x5ded50,0x20,0x0,0x35d7a049b80cedf0
0x594da4,0x151e70,18025,0x5deeb0,0x20,0x0,0x7d9276b989101ee0
0x594f6c,0x151eb0,18027,0x5df170,0x20,0x0,0x50f50dac2081cab3
0x595148,0x151ed0,18028,0x5df2d0,0x20,0x0,0x68154329e1ea209b
0x595370,0x151ef0,18029,0x5df430,0x20,0x0,0x6ccfe838d2ff85e8
0x595538,0x151f10,18030,0x5df590,0x20,0x0,0x6dd68ad47513d6e9
0x595724,0x151f30,18031,0x5df6f0,0x20,0x0,0xf975a5b51ce6eec8
0x595880,0x151f50,18032,0x5df850,0x20,0x0,0x36c904dd895d74e5
0x5959fc,0x151f70,18033,0x5df9b0,0x20,0x0,0xa84a7f4238e86e9e
0x595b78,0x151f90,18034,0x5dfb10,0x20,0x0,0x9ea28ef53d3a9c0e
0x595cb8,0x151fb0,18035,0x5dfc70,0x20,0x0,0x88064203172d4086
0x595e44,0x151fd0,18036,0x5dfdd0,0x20,0x0,0xd7afb423fc3fd0c2
0x595fd8,0x151ff0,18037,0x5dff30,0x20,0x0,0x7216ba8c2e4f316c
0x596184,0x152010,18038,0x5e0090,0x20,0x0,0xce6bc58484ed6a64
0x596608,0x152030,18039,0x5e01f0,0x20,0x0,0xc962122b9b34e6a6
0x596714,0x152050,18040,0x5e0350,0x20,0x0,0x6890f2ca1d15d81a
0x596c20,0x152070,18041,0x5e04b0,0x20,0x0,0x410a68cf964974c3
0x596ce8,0x152090,18042,0x5e0610,0x20,0x0,0xa65cb40c46a54031
0x596d34,0x1520b0,18043,0x5e0770,0x20,0x0,0xa7d916bfd987692a
0x596e10,0x1520d0,18044,0x5e08d0,0x20,0x0,0x977060dbe492a357
0x596ef8,0x1520f0,18045,0x5e0a50,0x20,0x0,0x28569e85ea3dbd52
0x59711c,0x152010,18038,0x5e0090,0x20,0x0,0xce6bc58484ed6a64
0x59727c,0x152110,18046,0x5e0bb0,0x20,0x0,0x5245c75fc30c81b9
0x597374,0x152130,18047,0x5e0d10,0x20,0x0,0xc1880530e1384aa6
0x597a28,0x152150,18048,0x5e0e70,0x20,0x0,0x348240cc6eb2dc1c
0x59870c,0x152170,18049,0x5e0fd0,0x20,0x0,0x7a4e095004ee0955
0x598bc0,0x152190,18050,0x5e1130,0x20,0x0,0x1b3afbc5744728f2
0x598cc4,0x1521b0,18051,0x5e1290,0x20,0x0,0xb1f4dc64f14f84a
0x5990c8,0x1521d0,18052,0x5e13f0,0x20,0x0,0x8bcf8adde0008d2d
0x599338,0x1521f0,18053,0x5e1550,0x20,0x0,0xd29f09c4b760bca
0x5995d4,0x152210,18054,0x5e16b0,0x20,0x0,0x102c1ad543bf806
0x5998d0,0x152230,18055,0x5e1810,0x20,0x0,0xb7e6e128e12e1465
0x599ca4,0x152250,18056,0x5e1970,0x20,0x0,0x21362be076b42dfa
0x59a03c,0x152270,18057,0x5e1ad0,0x20,0x0,0xd4ebc4d88f7163a0
0x59a390,0x152290,18058,0x5e1c30,0x20,0x0,0x52cb9139110c86d3
0x59a58c,0x1522b0,18059,0x5e1d90,0x20,0x0,0x61264656a9bd7d98
0x59a920,0x1522d0,18060,0x5e1ef0,0x20,0x0,0x13e7d6ff6140db5d
0x59ac00,0x1522f0,18061,0x5e2050,0x20,0x0,0x4eec2538a4adc45b
0x59adb0,0x152310,18062,0x5e21b0,0x20,0x0,0xa5e099af20693b61
0x59b0a8,0x152330,18063,0x5e2310,0x20,0x0,0xce1cf3e3b93000d0
0x59b2e4,0x152350,18064,0x5e2470,0x20,0x0,0xadbe8e8a749ef316
0x59b5f8,0x152370,18065,0x5e25d0,0x20,0x0,0xa5b76030851a455d
0x59b808,0x152390,18066,0x5e2730,0x20,0x0,0x4593a6132072eb47
0x59b95c,0x1523b0,18067,0x5e2890,0x20,0x0,0x9929d53f70705ef1
0x59bb68,0x1523d0,18068,0x5e29f0,0x20,0x0,0xdd3d6120abc75768
0x59bed0,0x1523f0,18069,0x5e2b50,0x20,0x0,0x4c225b5c80b972ea
0x59c1cc,0x152410,18070,0x5e2cb0,0x20,0x0,0xb69cb4b83e6f7e84
0x59c460,0x152430,18071,0x5e2e10,0x20,0x0,0xe1f9f2a988278ad7
0x59c8b8,0x152450,18072,0x5e2f70,0x20,0x0,0xe2917f28ba889454
0x59cb8c,0x152470,18073,0x5e30d0,0x20,0x0,0x9c715e0f66ae93a3
0x59ceec,0x152490,18074,0x5e3230,0x20,0x0,0x5b985b8cc0258ecb
0x59d198,0x152010,18038,0x5e0090,0x20,0x0,0xce6bc58484ed6a64
0x59d304,0x1524b0,18075,0x5e3390,0x20,0x0,0xce3140b6c31c2b8f
0x59d820,0x1524d0,18076,0x5e34f0,0x20,0x0,0x3dfd03f12bc84f7a
0x59da70,0x1524f0,18077,0x5e3650,0x20,0x0,0x3f0bacfb1c490714
0x59dd18,0x152510,18078,0x5e37b0,0x20,0x0,0x5c9a21108ac9130e
0x59dee8,0x152530,18079,0x5e3910,0x20,0x0,0xe6db7b358655053a
0x59e06c,0x152550,18080,0x5e3a70,0x20,0x0,0x2a14ba60f3d16c2c
0x59e554,0x152570,18081,0x5e3bd0,0x20,0x0,0x6ff998bee4421c0e
0x59e76c,0x152590,18082,0x5e3d30,0x20,0x0,0x95f52916fd33b522
0x59e9f4,0x1525b0,18083,0x5e3e90,0x20,0x0,0xb654df5dd2e6d5d3
0x59ecc8,0x1525d0,18084,0x5e3ff0,0x20,0x0,0x1a8d123b966f95ed
0x59ee14,0x1525f0,18085,0x5e4150,0x20,0x0,0x4027296f8bf5f3bd
0x59f05c,0x152610,18086,0x5e42b0,0x20,0x0,0x525a04960d6cd0dc
0x59f238,0x152630,18087,0x5e4410,0x20,0x0,0xa977c81450da1a3d
0x59f788,0x152650,18088,0x5e4570,0x20,0x0,0x44b1ff70ea265a51
0x59f9d0,0x152670,18089,0x5e46d0,0x20,0x0,0x28509d68139c330a
0x59fd3c,0x152690,18090,0x5e4830,0x20,0x0,0xafa4e6a553922f78
0x5a0000,0x1526b0,18091,0x5e4990,0x20,0x0,0x51a2e7e5455457fa
0x5a0214,0x1526d0,18092,0x5e4af0,0x20,0x0,0xf3ddbec811e2b41c
0x5a0404,0x1526f0,18093,0x5e4c50,0x20,0x0,0x5f8239e118c6253d
0x5a07a0,0x152710,18094,0x5e4db0,0x20,0x0,0xdfac06a78224e155
0x5a0998,0x152730,18095,0x5e4f10,0x20,0x0,0x5d4cd65e8f996bc2
0x5a0b84,0x152750,18096,0x5e5070,0x20,0x0,0xa11b610ce442d7d6
0x5a0e3c,0x152770,18097,0x5e51d0,0x20,0x0,0xf2bab25ffb835077
0x5a1018,0x152790,18098,0x5e5330,0x20,0x0,0xd8f80bbebf355210
0x5a16e4,0x1527b0,18099,0x5e5490,0x20,0x0,0x351add4a4e77d74a
0x5a19b8,0x1527d0,18100,0x5e55f0,0x20,0x0,0x93c8e197ca05376e
0x5a1c40,0x1527f0,18101,0x5e5750,0x20,0x0,0x64887de6d4df7ce0
0x5a1dd4,0x152810,18102,0x5e58b0,0x20,0x0,0x9ddf6b6e97ca5e3a
0x5a2104,0x152830,18103,0x5e5a10,0x20,0x0,0x581f5ad98f26bf59
0x5a22b4,0x152850,18104,0x5e5b70,0x20,0x0,0x7c5ba43fa724946a
0x5a25e8,0x152010,18038,0x5e0090,0x20,0x0,0xce6bc58484ed6a64
0x5a270c,0x152870,18105,0x5e5cd0,0x20,0x0,0xeef3efa2fb2f8648
0x5a29c8,0x152010,18038,0x5e0090,0x20,0x0,0xce6bc58484ed6a64
0x5a2c64,0x152890,18106,0x5e5e30,0x20,0x0,0x9b2e6c229d7abed9
0x5a2f88,0x1528b0,18107,0x5e5f90,0x20,0x0,0x7d6eb064ea69e172
0x5a3264,0x1528d0,18108,0x5e60f0,0x20,0x0,0x97fc945e158c914a
0x5a34dc,0x1528f0,18109,0x5e6250,0x20,0x0,0x20bafbc0c97879e
0x5a37f0,0x152910,18110,0x5e63b0,0x20,0x0,0x15500515ea8d0e4d
0x5a39ec,0x152930,18111,0x5e6510,0x20,0x0,0x388460b25d46ed4a
0x5a3bc4,0x152950,18112,0x5e6670,0x20,0x0,0x9dc09ba908a092e4
0x5a3d58,0x152970,18113,0x5e67d0,0x20,0x0,0xd2a83587a7453a6
0x5a3f30,0x152990,18114,0x5e6930,0x20,0x0,0x55f5acd6a11ca5d
0x5a4024,0x1529b0,18115,0x5e6a90,0x20,0x0,0xc7d11e3f8f09e24c
0x5a46e8,0x1529d0,18116,0x5e6bf0,0x20,0x0,0x730f339cbcf0ddc7
0x5a4c18,0x1529f0,18117,0x5e6d50,0x20,0x0,0x879ec5a5b057233c
0x5a4e08,0x152a10,18118,0x5e6eb0,0x20,0x0,0xf6086903c27f4c1c
0x5a5198,0x152a30,18119,0x5e7010,0x20,0x0,0x4a7980c536307dfb
0x5a5564,0x152a70,18121,0x5e72d0,0x20,0x0,0xc19a3f3dd316afdf
0x5a5790,0x152a90,18122,0x5e7430,0x20,0x0,0xd7f43217445cd313
0x5a598c,0x152ab0,18123,0x5e7590,0x20,0x0,0x2a79e9a741d6785e
0x5a5acc,0x152010,18038,0x5e0090,0x20,0x0,0xce6bc58484ed6a64
0x5a5ba4,0x152ad0,18124,0x5e76f0,0x20,0x0,0x3a554a998df85e27
0x5a5cd0,0x152af0,18125,0x5e7850,0x20,0x0,0xf11425c3c470f10d
0x5a5da4,0x152af0,18125,0x5e7850,0x20,0x0,0xf11425c3c470f10d
0x5a5f4c,0x152b10,18126,0x5e79b0,0x20,0x0,0xb7da88386a655b44
0x5a5fb0,0x152b30,18127,0x5e7b10,0x20,0x0,0x97acfcc207ada93b
0x5a6090,0x152b50,18128,0x5e7c70,0x20,0x0,0xf8ee9fa02265c5d7
0x5a61a0,0x14e530,17567,0x5b7890,0x20,0x0,0x7baa8be74cb9d9a9
0x5a6348,0x152b70,18129,0x5e7dd0,0x20,0x0,0x982d2492ec134e
0x5a6568,0x152b90,18130,0x5e7f30,0x20,0x0,0xf21d59e2272c2dcf
0x5a6720,0x152bb0,18131,0x5e8090,0x20,0x0,0x29f7b77afd0f056d
0x5a6808,0x152bd0,18132,0x5e81f0,0x20,0x0,0xb6fee835fd7b9245
0x5a7d4c,0x152bf0,18133,0x5e8350,0x20,0x0,0x98206fdd67e4252
0x5a7ee4,0x152c10,18134,0x5e84b0,0x20,0x0,0xbd5da76bc28db399
0x5a806c,0x152c30,18135,0x62e4e0,0xd8,0x100,0xa14659577135b1b8
0x5a80a4,0x152010,18038,0x5e0090,0x20,0x0,0xce6bc58484ed6a64
0x5a8128,0x152c50,18136,0x53ea20,0xdc,0x100,0x2e8f9a20561117cf
0x5a81e4,0x152c70,18137,0x31103c,0xe0,0x100,0x3d3f3aef3c9a0a95
0x5a82a0,0x152c90,18138,0x4da544,0x3c,0x100,0x480bfb9b7e1468b8
0x5a82d8,0x152010,18038,0x5e0090,0x20,0x0,0xce6bc58484ed6a64
0x5a835c,0x152cb0,18139,0x2ed014,0x2e0,0x100,0x3ecb9b1527133633
0x5a8418,0x152cd0,18140,0x487664,0x3e4,0x100,0x2b24e8f1e35f9338
0x5a84d4,0x152cf0,18141,0x25a994,0x388,0x100,0x5362eb191f64f769
0x5a8590,0x152d10,18142,0x487664,0x36c,0x100,0x23b50f9728376347
0x5a864c,0x152d30,18143,0x421238,0x188,0x100,0x3b35e37b4ee09af0
0x5a8684,0x152010,18038,0x5e0090,0x20,0x0,0xce6bc58484ed6a64
0x5a8708,0x152d50,18144,0x2947cc,0x19c,0x28,0xe02e02a8ebe20b61
0x5a87c4,0x152d70,18145,0x5a82fc,0xe0,0x100,0x1ab960be7d612af7
0x5a88ac,0x152d90,18146,0x610ae0,0x1c4,0x100,0xf2597913c5d776a2
0x5a8968,0x152db0,18147,0x481864,0x22c,0x100,0x415813be6e3b2bba
0x5a89a0,0x152010,18038,0x5e0090,0x20,0x0,0xce6bc58484ed6a64
0x5a8a50,0x152dd0,18148,0x25d094,0x1b4,0x100,0x692fe9e6a90e0e91
0x5a8b38,0x152df0,18149,0x53aa20,0x148,0x100,0x5c51a5ebedd0485c
0x5a8c20,0x152e10,18150,0x4db244,0x2c,0x100,0x49e2a8b3a65aa2f
0x5a8cf0,0x152e30,18151,0x42cf38,0x59c,0x100,0x409c20f1f0209630
0x5a8dd8,0x152e50,18152,0x2ec514,0xacc,0x100,0x6b00e79ade13064c
0x5a8ec0,0x152e70,18153,0x41a038,0x70,0x100,0xa8fbade0b15433f0
0x5a8f7c,0x152e90,18154,0x2ece14,0xf8,0x100,0x49c3f7bcd38623af
0x5a906c,0x152eb0,18155,0x489064,0x1cec,0x100,0x9dfa1ba16a579e45
0x5a915c,0x152ed0,18156,0x36ff90,0x5cc,0x100,0x7a4c6bd80fa7d967
0x5a9244,0x152ef0,18157,0x49f664,0x280,0x100,0x7c8343b0ad7bdca7
0x5a9300,0x152f10,18158,0x49d664,0x114,0x100,0xbf672c74093c6d4c
0x5a93f0,0x152f30,18159,0x484164,0x1640,0x100,0x79cbd5680fd22454
0x5a94e0,0x152f50,18160,0x60cce0,0x894,0x100,0x54c2a82027bb0c9c
0x5a95d0,0x152f70,18161,0x537b20,0x7e4,0x100,0x5da253c0f23a5e4a
0x5a96b8,0x152f90,18162,0x398354,0x30,0x100,0xcba451c003992bba
0x5a9774,0x152fb0,18163,0x423138,0x480,0x100,0x2f571f48d7b5a240
0x5a9830,0x152fd0,18164,0x427a38,0xe8,0x100,0xb07121a1b2617622
0x5a98ec,0x152ff0,18165,0x5bcefc,0xc8,0x100,0x81c58f05ba1d545d
0x5a9924,0x152010,18038,0x5e0090,0x20,0x0,0xce6bc58484ed6a64
0x5a99d4,0x153010,18166,0x224934,0x1fc,0x100,0xb95acca382f88ed3
0x5a9ac4,0x153030,18167,0x2945cc,0xec4,0x100,0x79aa9e700a17e20f
0x5a9bb4,0x153050,18168,0x391254,0x19fc,0x100,0x2e66568efd222c38
0x5a9ca4,0x153070,18169,0x558f4c,0x22f4,0x100,0xa0f26c99febcf3f9
0x5a9d90,0x153090,18170,0x25b594,0xa4,0x100,0x753d71692401a663
0x5a9e80,0x1530b0,18171,0x368690,0x54,0x100,0x838695ad17657bac
0x5a9f70,0x1530d0,18172,0x3bd298,0x88,0x100,0xa7fadd244ef4f205
0x5aa044,0x1530f0,18173,0x557f4c,0x1a0,0x100,0x86d187864848617a
0x5aa14c,0x153110,18174,0x41fa38,0x168,0x100,0xc5ee7a51e9867ecd
0x5aa234,0x153130,18175,0x433338,0x3c,0x100,0xb774cdf4c6ba3e7d
0x5aa33c,0x153150,18176,0x2e6d14,0xbc0,0x100,0xb5a93db652db3284
0x5aa43c,0x153170,18177,0x310e3c,0x10c,0x100,0xeb94bc4f6e737e07
0x5aa530,0x153190,18178,0x258194,0xb4,0x100,0x8ffa35066f7b68de
0x5aa5ec,0x1531b0,18179,0x481864,0x190,0x100,0xc85ddcd747f1844b
0x5aa6d8,0x1531d0,18180,0x42ba38,0x54,0x100,0x4f4f7114fc798d25
0x5aa7c0,0x1531f0,18181,0x3aedd0,0x2c,0x100,0x793fa9cfc22b5a67
0x5aa8a8,0x153210,18182,0x419438,0x38,0x100,0xae1dd262ce6048cd
0x5aa998,0x153230,18183,0x53da20,0x94,0x100,0xa5f8f44e970fa32e
0x5aaa88,0x153250,18184,0x6097e0,0x5c,0x100,0x7575c66419bcaa52
0x5aab70,0x153270,18185,0x483e64,0x20,0x100,0x6e43466a9053e55
0x5aac58,0x153290,18186,0x42b938,0x2c,0x100,0xdebc17e2eb53a882
0x5aad40,0x1532b0,18187,0x315b3c,0x30,0x100,0x9cfedf92be97fa80
0x5aae34,0x1532d0,18188,0x392c54,0x30,0x100,0x9f1ec9e10ee361c
0x5aaf1c,0x1532f0,18189,0x6c3d1c,0x38,0x100,0x38ebe7bd4d1f0c18
0x5ab004,0x153310,18190,0x288ecc,0x5c,0x100,0x464cee31ba5161b8
0x5ab104,0x153330,18191,0x55a74c,0xa7c,0x100,0x82f80d69cb0cb0e6
0x5ab13c,0x153010,18166,0x224934,0x1fc,0x100,0xb95acca382f88ed3
0x5ab1d4,0x153350,18192,0x266394,0x138,0x100,0xcfa1de65e183d5c5
0x5ab20c,0x153010,18166,0x224934,0x1fc,0x100,0xb95acca382f88ed3
0x5ab2bc,0x153390,18194,0x48b864,0x17c,0x100,0x61552ba0e0bad629
0x5ab2f4,0x153010,18166,0x224934,0x1fc,0x100,0xb95acca382f88ed3
0x5ab378,0x1533d0,18196,0x662164,0x3fc,0x100,0x8131d1444c8f09ee
0x5ab434,0x1533f0,18197,0x28bacc,0x26c,0x100,0x81bd2d6a1de31b59
0x5ab46c,0x153010,18166,0x224934,0x1fc,0x100,0xb95acca382f88ed3
0x5ab4f0,0x153430,18199,0x2ea314,0x80,0x100,0x9e8ebc606e4edf4c
0x5ab5ac,0x153450,18200,0x6031e0,0x13c,0x100,0x53e708356dd3f81c
0x5ab668,0x153470,18201,0x60bce0,0x16c,0x100,0x815defa5cc58fee1
0x5ab770,0x1534d0,18204,0x5b21fc,0x41c,0x100,0x37c28bb288970063
0x5ab860,0x1534f0,18205,0x48c364,0x210,0x100,0x5341acb9cd31b4fa
0x5ab898,0x153010,18166,0x224934,0x1fc,0x100,0xb95acca382f88ed3
0x5ab91c,0x153510,18206,0x378690,0x190,0x100,0x31d4327d271e563f
0x5aba10,0x153530,18207,0x53df20,0x2c8,0x100,0x547607a34637315c
0x5aba48,0x153010,18166,0x224934,0x1fc,0x100,0xb95acca382f88ed3
0x5abacc,0x153550,18208,0x6164e0,0x368,0x100,0x1d1fc0e1c2a44afd
0x5abb88,0x153570,18209,0x28adcc,0x218,0x100,0x7bcbabe73dcc6faf
0x5abc44,0x153590,18210,0x2eb414,0x288,0x100,0x761a50c597cf446b
0x5abd00,0x1535b0,18211,0x4d0344,0xc0,0x100,0xfc18a7f100f002a5
0x5abdbc,0x1535d0,18212,0x4d8844,0xcc,0x100,0x308d441f8a18bd41
0x5abe78,0x1535f0,18213,0x55b04c,0x188,0x100,0xfe0aa36dc50256b1
0x5abeb0,0x153010,18166,0x224934,0x1fc,0x100,0xb95acca382f88ed3
0x5abf34,0x153630,18215,0x489764,0x13c,0x100,0xbe317002bc525618
0x5ac01c,0x153650,18216,0x5bc3fc,0x154,0x100,0x7f32b6a352e8b12a
0x5ac0d8,0x153670,18217,0x41a438,0xa4,0x100,0xd7719bbaf7c71f0f
0x5ac194,0x1536d0,18220,0x60a6e0,0x16c,0x100,0x80813ff0de07ad78
0x5ac1cc,0x153010,18166,0x224934,0x1fc,0x100,0xb95acca382f88ed3
0x5ac250,0x1536f0,18221,0x370d90,0xdc,0x100,0x8baafb79ec014d6c
0x5ac30c,0x153710,18222,0x5b35fc,0x1d8,0x100,0x90a4b34f0ad3d632
0x5ac3c8,0x153750,18224,0x42b738,0x200,0x100,0xa138191777ba43ee
0x5ac484,0x153790,18226,0x432538,0x158,0x100,0xcb38aa9fb2e0ac47
0x5ac540,0x1537b0,18227,0x491a64,0x98,0x100,0xedddc81c0d6ea4e1
0x5ac5fc,0x1537d0,18228,0x41c038,0x1bc,0x100,0x18cb093b49c10422
0x5ac6b8,0x153810,18230,0x2f3e14,0xb4,0x100,0x9990a342957b56e8
0x5ac774,0x153870,18233,0x36c590,0x168,0x100,0x5061bc9fb2b6d
0x5ac830,0x153890,18234,0x4d7844,0x148,0x100,0xf9e228ac6644d87d
0x5ac8ec,0x1538b0,18235,0x495164,0x144,0x100,0xea22f2978213745c
0x5ac9a8,0x153930,18239,0x41ab38,0x340,0x100,0x4209866d345b036c
0x5ac9e0,0x153010,18166,0x224934,0x1fc,0x100,0xb95acca382f88ed3
0x5aca64,0x153950,18240,0x372e90,0x370,0x100,0xa234eb0cf4722989
0x5acb20,0x153970,18241,0x433a38,0x70,0x100,0x77b2c9daf17f6062
0x5acbdc,0x153990,18242,0x4d9444,0x284,0x100,0xc94c11a36b922013
0x5acc98,0x1539b0,18243,0x31793c,0x2c8,0x100,0x7825039ee97ad077
0x5accd0,0x153010,18166,0x224934,0x1fc,0x100,0xb95acca382f88ed3
0x5acd54,0x1539d0,18244,0x4c9b44,0x8c,0x100,0xcc78c2da445e0a47
0x5ace10,0x1539f0,18245,0x6937ec,0x1e0,0x100,0xf5beadb848a7c8df
0x5acecc,0x153a10,18246,0x5bdbfc,0x258,0x100,0x3eec12c395d0bb6
0x5acf88,0x153b50,18256,0x365f90,0xa0,0x100,0xbcb5055b63141d63
0x5ad044,0x153bd0,18260,0x4cb044,0x38,0x100,0x57a7a05ec1314aae
0x5ad100,0x153bf0,18261,0x6151e0,0x13c,0x100,0x9b678b671c18c1bd
0x5ad1bc,0x153c10,18262,0x377090,0x150,0x100,0x60bf8abd61356a86
0x5ad278,0x153c30,18263,0x556b4c,0x2c,0x100,0x3c5e827334e90117
0x5ad334,0x153c70,18265,0x495864,0x1b8,0x100,0x5caaa601751b4f1d
0x5ad3f0,0x153e70,18281,0x25b494,0x98,0x100,0xd1dff51bffb5147c
0x5ad4ac,0x153e90,18282,0x26e300,0xa0,0x100,0x49d8f9df1ce22e4e
0x5ad568,0x153ed0,18284,0x55af4c,0xc4,0x100,0x4848297988866000
0x5ad624,0x153ef0,18285,0x419a38,0x2f8,0x100,0x4e2beda9fcb938
0x5ad6e0,0x153f10,18286,0x36c490,0x278,0x100,0xafe9f33e27dca733
0x5ad79c,0x153f30,18287,0x6332b4,0x7c,0x100,0x69f7021a645868a7
0x5ad7d4,0x153010,18166,0x224934,0x1fc,0x100,0xb95acca382f88ed3
0x5ad858,0x153f50,18288,0x366390,0x174,0x100,0xb64b8a77130ca0e7
0x5ad914,0x153f70,18289,0x394154,0x124,0x100,0xb3da30199e84b460
0x5ad9d0,0x153f90,18290,0x668048,0xac,0x100,0x4e16f6cff4434db7
0x5ada8c,0x153fb0,18291,0x4d3e44,0x2d8,0x100,0xe98c629427df416a
0x5adb48,0x153fd0,18292,0x2ff46c,0x1f0,0x100,0xecb11c77bf651711
0x5adc04,0x153ff0,18293,0x537a20,0x228,0x100,0x321c0f9864fd8afb
0x5adcc0,0x154050,18296,0x2f3714,0x6c,0x100,0xa920522c99468629
0x5add7c,0x154070,18297,0x3b6074,0x164,0x100,0xb0bd0be2a2b7d145
0x5ade38,0x154090,18298,0x30006c,0x154,0x100,0xd6b22bf2df92d5ca
0x5adef4,0x1540b0,18299,0x367590,0xa0,0x100,0x89bcced36be40e9
0x5adf2c,0x154010,18294,0x4d2544,0x134,0x100,0x792c41b95ebfc645
0x5adfb0,0x1540d0,18300,0x262794,0x164,0x100,0xf50d83f4e5318526
0x5adfe8,0x154010,18294,0x4d2544,0x134,0x100,0x792c41b95ebfc645
0x5ae06c,0x1540f0,18301,0x6e2e80,0x13c,0x100,0x187d14f80d95c4bb
0x5ae128,0x154110,18302,0x52a220,0x94,0x100,0x759561635f1df60b
0x5ae1e4,0x154290,18314,0x39a154,0x180,0x100,0x8247607aadb4ba78
0x5ae2a0,0x154330,18319,0x6a0718,0x128,0x100,0x2fc5baac68466458
0x5ae35c,0x154390,18322,0x2e7914,0x1c4,0x100,0xd6c0bc537c6e94d7
0x5ae418,0x154430,18327,0x430e38,0x310,0x100,0x397eec2704c29920
0x5ae4d4,0x154450,18328,0x266394,0x3c4,0x100,0xcba793630cda2410
0x5ae590,0x154470,18329,0x5b5efc,0xcc,0x100,0xd03b05de1c001c85
0x5ae64c,0x154490,18330,0x67eb20,0x364,0x100,0xac5ef199421db5d6
0x5ae708,0x1544b0,18331,0x675b24,0x148,0x100,0xb4b2beb39979322f
0x5ae7c4,0x1544d0,18332,0x695ce4,0xa8,0x100,0xe5c3494132d40c08
0x5ae880,0x1544f0,18333,0x559a4c,0x3ac,0x100,0xa8ed68088886fa1a
0x5ae93c,0x154510,18334,0x55b94c,0x9c,0x100,0xaf42e773e91bf4f6
0x5ae9f8,0x154530,18335,0x36a490,0x1d8,0x100,0x38429eb728c9e553
0x5aeab4,0x154590,18338,0x53c820,0x358,0x100,0x5f4bfb834b00ca14
0x5aeb70,0x154610,18342,0x2809b4,0x1a0,0x100,0x85beace8a46a450d
0x5aec2c,0x154630,18343,0x5ad1fc,0x43c,0x100,0xd2695212ca7522e
0x5aec64,0x154010,18294,0x4d2544,0x134,0x100,0x792c41b95ebfc645
0x5aece8,0x154650,18344,0x6c411c,0x624,0x100,0xdf8fea2f80df223e
0x5aeda4,0x154670,18345,0x55ba4c,0x354,0x100,0x9c743dbdedac9725
0x5aee60,0x1546b0,18347,0x2e8614,0x1e8,0x100,0x19e0d2203e76c78e
0x5aef1c,0x1546d0,18348,0x31653c,0xc0,0x100,0xda62f7f5937cdfb4
0x5aefd8,0x1546f0,18349,0x28ddcc,0x1c4,0x100,0x7e8a731b9cd2a407
0x5af094,0x154710,18350,0x497f64,0x9c,0x100,0x5468306138adc574
0x5af150,0x154730,18351,0x369990,0x140,0x100,0x12273e19cb11e826
0x5af20c,0x154750,18352,0x378d90,0x11c,0x100,0xf926066c2dafb4c2
0x5af2c8,0x154770,18353,0x499b64,0x174,0x100,0x2cdfe9c69234b2ca
0x5af384,0x154790,18354,0x4c8344,0x1f8,0x100,0x1e85b7d0e2998060
0x5af3bc,0x154010,18294,0x4d2544,0x134,0x100,0x792c41b95ebfc645
0x5af440,0x1547b0,18355,0x2eeb14,0x240,0x100,0x9b80b44278a0b4a9
0x5af4fc,0x1547d0,18356,0x4d7644,0x8c,0x100,0x1db9a635b69d942c
0x5af5b8,0x1547f0,18357,0x2ea514,0x3b0,0x100,0x10a0f477420345c7
0x5af674,0x154810,18358,0x4d8244,0x21c,0x100,0x75da5e3e7f3435da
0x5af730,0x154830,18359,0x5abcfc,0x310,0x100,0xf6f0d2dfba72da72
0x5af7ec,0x154850,18360,0x313a3c,0x198,0x100,0x7f2ebd919376e195
0x5af8a8,0x154870,18361,0x3b6c74,0x200,0x100,0xe74ab2ff271705c7
0x5af964,0x154890,18362,0x6e3380,0x194,0x100,0x51b1f7fd527cd34b
0x5afa20,0x1548b0,18363,0x36bb90,0x1fc,0x100,0xdc28baacb5945033
0x5afadc,0x1548d0,18364,0x31323c,0x13c,0x100,0x6d7572384f14d3a0
0x5afb98,0x154990,18370,0x4d0844,0xb8,0x100,0x63b4f5164b0e4ae2
0x5afc54,0x1549b0,18371,0x3bd098,0x54,0x100,0xf9b0d3caa933ab00
0x5afd10,0x154bb0,18387,0x398754,0xe8,0x100,0xb0b5112e7d03748b
0x5afdcc,0x154e10,18406,0x530820,0x7c,0x100,0x3da39ce297f92cfb
0x5afe88,0x154ef0,18413,0x68753c,0x3e0,0x98,0x70060815f777a052
0x5aff44,0x154f10,18414,0x4d3744,0x4a4,0x100,0x2879d2eb6b4a968
0x5b0000,0x154f30,18415,0x489664,0x3c4,0x100,0xbeb36297d68ef20
0x5b0118,0x155310,18446,0x6157e0,0x170,0x100,0x8609a4e147f1a2b
0x5b020c,0x155330,18447,0x41f638,0xa98,0x100,0x36550f4adc83dbdc
0x5b02fc,0x155350,18448,0x426938,0x8d4,0x100,0x2f07e421f7b0ebd6
0x5b03e4,0x155370,18449,0x486864,0x34,0x100,0x2e0d54b6a6b81ef5
0x5b04e8,0x155390,18450,0x53a320,0x48,0x100,0x6c158f3d7f2a267
0x5b05e8,0x1553b0,18451,0x55a94c,0x7ac,0x100,0xe922982ec211f572
0x5b06d0,0x1553d0,18452,0x497a64,0x13c,0x100,0x2986264d28b9734c
0x5b078c,0x1553f0,18453,0x3a3f34,0x74,0x100,0x544bc3cc1fb85432
0x5b0848,0x155410,18454,0x2ea214,0x1ac,0x100,0x7f04de1ebf9e7d3c
0x5b0904,0x155430,18455,0x48cd64,0x1bc,0x100,0x10a3763a0ca4d55f
0x5b09c0,0x155470,18457,0x487364,0x6f8,0x100,0x63742b56eded7636
0x5b0a7c,0x155490,18458,0x399154,0x2d0,0x100,0xe6ba95b1f05310b3
0x5b0ab4,0x155010,18422,0x485f64,0x1b8,0x100,0x5d409f4e7470b077
0x5b0b38,0x1554b0,18459,0x534c20,0x39c,0x100,0x53444b01d8c987eb
0x5b0bf4,0x1554d0,18460,0x4d5344,0x2f0,0x100,0x16e146e39c582c96
0x5b0cb0,0x1554f0,18461,0x373e90,0x1f0,0x100,0xdcafaf0421f3500d
0x5b0d6c,0x155510,18462,0x376090,0x39c,0x100,0x7db2d83c08caf2ba
0x5b0e28,0x155530,18463,0x41a338,0x2f4,0x100,0xf726536260e85c40
0x5b0e60,0x155010,18422,0x485f64,0x1b8,0x100,0x5d409f4e7470b077
0x5b0ee4,0x155550,18464,0x496f64,0xdb8,0x100,0x5a13253232c45a84
0x5b0fa0,0x155570,18465,0x211aa0,0x304,0x100,0x84559bdb073695bc
0x5b105c,0x1555b0,18467,0x535b20,0x36c,0x100,0x2109a550c1535103
0x5b1094,0x155010,18422,0x485f64,0x1b8,0x100,0x5d409f4e7470b077
0x5b1118,0x1555f0,18469,0x394454,0x418,0x100,0x33a9226b8da8d2b3
0x5b11d4,0x155610,18470,0x313c3c,0xe8,0x100,0x7fd93aa186ed575e
0x5b1290,0x155630,18471,0x52de20,0x440,0x100,0x6b5edef67aad958f
0x5b12c8,0x155010,18422,0x485f64,0x1b8,0x100,0x5d409f4e7470b077
0x5b134c,0x155650,18472,0x4d4244,0xdc,0x100,0xdff8d14ddec03957
0x5b1408,0x155670,18473,0x36ba90,0x3a8,0x100,0x6d6744124abb74df
0x5b14c4,0x155690,18474,0x4a2264,0xb4,0x100,0x35e71dc2882544e3
0x5b15ac,0x1556b0,18475,0x531420,0x60,0x100,0x31e0d2cfdc92ce49
0x5b1694,0x1556d0,18476,0x28f7cc,0xcb0,0x100,0xf8faf09f8c2a7561
0x5b1784,0x1556f0,18477,0x49f764,0x340,0x100,0xa375b9b2f295ece6
0x5b186c,0x155710,18478,0x42ff38,0x54,0x100,0xd19b27e5360fd101
0x5b1954,0x155730,18479,0x5b4ffc,0x2f0,0x100,0x287012a0f96fcd13
0x5b1a48,0x155750,18480,0x391854,0x1a8,0x100,0x1466c109b9c265e4
0x5b1b30,0x155790,18482,0x36d090,0x1c,0x100,0xea57106aa9d01e12
0x5b1bec,0x1557b0,18483,0x26e200,0x720,0x100,0x9ee905c4e8f199
0x5b1ca8,0x1557d0,18484,0x41a238,0x5e8,0x100,0xb40294cea1b74588
0x5b1ce0,0x155010,18422,0x485f64,0x1b8,0x100,0x5d409f4e7470b077
0x5b1d64,0x1557f0,18485,0x3a2f34,0x350,0x100,0xa85fd19bbbdec733
0x5b1e20,0x155810,18486,0x2f3114,0x338,0x100,0xe4a3fbd2b728465b
0x5b1edc,0x155830,18487,0x392f54,0x304,0x100,0x5cd58dcb32256a8f
0x5b1f98,0x155850,18488,0x227334,0x21c,0x100,0x3f0e7f31d77ff07c
0x5b2054,0x155870,18489,0x2eda14,0x298,0x100,0xc9ebc021e81f9ce5
0x5b2110,0x155890,18490,0x667948,0x308,0x100,0xb2a907164491a782
0x5b21cc,0x1558b0,18491,0x4cec44,0x210,0x100,0x6472b6fbdbe6a468
0x5b2288,0x1558d0,18492,0x492a64,0x29c,0x100,0xa0358461b4088c58
0x5b22c0,0x155010,18422,0x485f64,0x1b8,0x100,0x5d409f4e7470b077
0x5b2344,0x1558f0,18493,0x5babfc,0x300,0x100,0xec396e2842afe1ff
0x5b2400,0x155910,18494,0x393e54,0x2e0,0x100,0x699628ca1e3e6277
0x5b24bc,0x155930,18495,0x49c764,0x21c,0x100,0x5e28aaea2bfdb302
0x5b2578,0x155950,18496,0x68cbd0,0x1bc,0x100,0xaaa3dbb2a7b835a8
0x5b2634,0x155970,18497,0x378d90,0x210,0x100,0x1ea15583ed4499ef
0x5b26f0,0x155990,18498,0x4c7744,0x230,0x100,0xdf76d932a41f62d7
0x5b2728,0x155010,18422,0x485f64,0x1b8,0x100,0x5d409f4e7470b077
0x5b27ac,0x1559b0,18499,0x2ebd14,0x2a4,0x100,0x6528d0c00bb05d2d
0x5b2868,0x1559d0,18500,0x261094,0x3cc,0x100,0x600b7a0c02a93d9
0x5b2924,0x1559f0,18501,0x28fdcc,0x168,0x100,0x24d294dc231057f6
0x5b29e0,0x155a10,18502,0x42c038,0x3f4,0x100,0xa5aa5f4d38128c63
0x5b2a9c,0x155a30,18503,0x48d364,0x1d0,0x100,0x8a3305f6e77dde4b
0x5b2b58,0x155a90,18506,0x52df20,0x1d0,0x100,0x990ec7c2a24015a8
0x5b2c14,0x155ab0,18507,0x234308,0x1c8,0x100,0xb42d1a86eb5b0861
0x5b2cd0,0x155ad0,18508,0x2ef414,0x1d4,0x100,0xa734791ea73ee8b9
0x5b2d8c,0x155af0,18509,0x224c34,0x2e0,0x100,0x4a58c915de53a25d
0x5b2dc4,0x155010,18422,0x485f64,0x1b8,0x100,0x5d409f4e7470b077
0x5b2e48,0x155b10,18510,0x266594,0x160,0x100,0x90e58543751024db
0x5b2f04,0x155b30,18511,0x2ec914,0x2b4,0x100,0x9d4ef33cc5309645
0x5b2fc0,0x155b50,18512,0x262794,0x384,0x100,0xbef0fdcc3985efe4
0x5b307c,0x155b70,18513,0x2e6714,0x550,0x100,0x17459e7e0f8f2970
0x5b3138,0x155b90,18514,0x25aa94,0x2e8,0x100,0x181626605c22236d
0x5b31f4,0x155bb0,18515,0x52d120,0x244,0x100,0x980423d9ba1cd6d9
0x5b32b0,0x155bd0,18516,0x2f3014,0x3a4,0x100,0x2efc6a8d924f84c3
0x5b32e8,0x155010,18422,0x485f64,0x1b8,0x100,0x5d409f4e7470b077
0x5b336c,0x155bf0,18517,0x60c2e0,0x250,0x100,0x52c614de1966275
0x5b3428,0x155c10,18518,0x223b34,0x278,0x100,0x7e437e91549f90a1
0x5b34e4,0x155c30,18519,0x2ead14,0x1d4,0x100,0x278a5104bc0093d0
0x5b35a0,0x155c50,18520,0x2efb14,0x298,0x100,0x1baaab7727cc4ce2
0x5b365c,0x155c70,18521,0x258394,0x1a8,0x100,0xbb5d7c9d87f7576e
0x5b3718,0x155c90,18522,0x262f94,0xd8,0x100,0x92e2f347b998fd05
0x5b37d4,0x155cb0,18523,0x49a864,0x218,0x100,0x360de164bd7a7ead
0x5b3890,0x155cd0,18524,0x264994,0x258,0x100,0xb91388af09005146
0x5b38c8,0x155010,18422,0x485f64,0x1b8,0x100,0x5d409f4e7470b077
0x5b394c,0x155cf0,18525,0x3b8274,0x7b8,0x48,0x85835f208b8ba393
0x5b3984,0x155010,18422,0x485f64,0x1b8,0x100,0x5d409f4e7470b077
0x5b3a08,0x155d10,18526,0x225434,0x3b0,0x100,0xbb14fc88209a256a
0x5b3ac4,0x155d30,18527,0x6015e0,0x2d8,0x100,0xc5091b55c5e50fac
0x5b3b80,0x155d50,18528,0x4cb344,0x1f8,0x100,0x2470bc19115eceaa
0x5b3c3c,0x155d70,18529,0x36c590,0x598,0x100,0x6046d403a58ce3b8
0x5b3cf8,0x155d90,18530,0x491664,0x36c,0x100,0xb9145e3a8385a259
0x5b3db4,0x155db0,18531,0x68c7d0,0x270,0x100,0x69f30b5d251cf8bb
0x5b3e70,0x155dd0,18532,0x55e34c,0xcc,0x100,0xa476c013cd16f153
0x5b3f2c,0x155e10,18534,0x378990,0x160,0x100,0xc97af84494958d4d
0x5b3fe8,0x155e70,18537,0x36fd90,0x404,0x100,0x2a793a918efac6e5
0x5b40a4,0x155eb0,18539,0x229534,0x358,0x100,0x6ba3393a7574ff94
0x5b4160,0x155ed0,18540,0x3c303c,0x224,0x100,0xe1f1c556bc4cdb5e
0x5b421c,0x155ef0,18541,0x539e20,0x198,0x100,0x9c9c3a002a067668
0x5b42d8,0x155f10,18542,0x534720,0x2e0,0x100,0xc3677b5ad69f5f32
0x5b4310,0x155010,18422,0x485f64,0x1b8,0x100,0x5d409f4e7470b077
0x5b4394,0x155f30,18543,0x42fa38,0xc8,0x100,0x9c9d8963ae06937
0x5b43cc,0x155010,18422,0x485f64,0x1b8,0x100,0x5d409f4e7470b077
0x5b4450,0x155f50,18544,0x28aecc,0x208,0x100,0xdd6a351a509fce03
0x5b450c,0x155f70,18545,0x53d520,0x290,0x100,0x4d0572eabc8aa5c2
0x5b45c8,0x155f90,18546,0x52d020,0x2c4,0x100,0x41c6ed5125162731
0x5b4684,0x155fb0,18547,0x267f94,0x274,0x100,0xafd0d0e40b7fa1c1
0x5b4740,0x155fd0,18548,0x48a464,0xe0,0x100,0x88dd9c79c6b1b678
0x5b47fc,0x155ff0,18549,0x489564,0xc04,0x100,0xc482637cb9a35fd5
0x5b48b8,0x156010,18550,0x6044e0,0x22c,0x100,0xf607ac4f90b130b4
0x5b4974,0x156050,18552,0x52ee20,0x150,0x100,0x941290d5281f02bd
0x5b4a30,0x156070,18553,0x374a90,0x3c,0x100,0xe54b1103a841c167
0x5b4aec,0x156090,18554,0x535e20,0x54,0x100,0xad2ca05230ccb681
0x5b4bd4,0x1560b0,18555,0x3bcf98,0x80,0x100,0x5fbed16074daff7f
0x5b4c90,0x1560d0,18556,0x28ebcc,0x90,0x100,0xdb6d086b06178114
0x5b4d4c,0x1560f0,18557,0x486064,0x20,0x100,0xdbd7ecd5be4a2b2d
0x5b4e08,0x156110,18558,0x2f0e14,0x31c,0x100,0x7286382a4296ff81
0x5b4ec4,0x156130,18559,0x490564,0xdc,0x100,0x5cbc979d76504314
0x5b4fb4,0x156170,18561,0x422938,0x98,0x100,0x9bf27b605706c52f
0x5b50a4,0x1561f0,18565,0x3ae5d0,0x208,0x100,0x3a926cfce20db3f6
0x5b518c,0x156290,18570,0x6c451c,0x68,0x100,0xe9ccf723c60ae0cf
0x5b51c4,0x156010,18550,0x6044e0,0x22c,0x100,0xf607ac4f90b130b4
0x5b5248,0x1562b0,18571,0x5b44fc,0x98,0x100,0xef11584253fe7470
0x5b5304,0x1562f0,18573,0x225434,0x124,0x100,0x29f40387217ec2f4
0x5b53c0,0x156310,18574,0x4354c4,0xac,0x100,0x8b844057ed14609
0x5b547c,0x156330,18575,0x611ae0,0x1b8,0x100,0x1f9551edce8ee83
0x5b556c,0x156350,18576,0x49f464,0x68,0x100,0xb7af3ae9cf1b2942
0x5b5654,0x156370,18577,0x36a390,0x4c,0x100,0xda348f8fc3a5bfd6
0x5b573c,0x156390,18578,0x6036e0,0x44,0x100,0x35b5e4c07eb792d2
0x5b57f8,0x1563b0,18579,0x418a38,0x94c,0x100,0xd6210fb093a9e842
0x5b58c8,0x156470,18585,0x2923cc,0x19c,0x100,0x365235a6aafea504
0x5b5984,0x156630,18599,0x25b694,0xd8,0x100,0xa575842708b77b30
0x5b59bc,0x156010,18550,0x6044e0,0x22c,0x100,0xf607ac4f90b130b4
0x5b5a40,0x1567f0,18613,0x4d0444,0x420,0x100,0xb04c771201da42c7
0x5b5afc,0x156a30,18631,0x4c7144,0x1fc,0x100,0xefe13ec658b55134
0x5b5bb8,0x156e30,18663,0x399b54,0x1d0,0x100,0x1f32f846b841de3a
0x5b5c74,0x156e50,18664,0x4d4144,0x174,0x100,0x438f4d6d01823bc0
0x5b5d30,0x156ed0,18668,0x4da944,0x98,0x100,0xf86c96c4c434f03b
0x5b5dec,0x157090,18682,0x4c9244,0x618,0x100,0xd2379786453d67f4
0x5b5ea8,0x157130,18687,0x2ed514,0xb0,0x100,0xaba475330b4a249c
0x5b5f64,0x157150,18688,0x67e220,0x260,0x100,0xd5ce0d2e725801df
0x5b6020,0x157170,18689,0x2e8214,0xdc,0x100,0x14fe7b2af094297b
0x5b60dc,0x157190,18690,0x227734,0x458,0x100,0x6fea5b164bfa401b
0x5b6114,0x157010,18678,0x41e138,0x9c,0x100,0x4900fbdd06b2ee58
0x5b6198,0x1571b0,18691,0x6c8580,0x1a8,0x100,0x67e47a5cd9353b88
0x5b6254,0x1571d0,18692,0x65a420,0x14c,0x50,0xe26b16afe7f7c61a
0x5b628c,0x157010,18678,0x41e138,0x9c,0x100,0x4900fbdd06b2ee58
0x5b6310,0x1571f0,18693,0x28bacc,0x3a4,0x100,0xb240cfc3977c50fb
0x5b63cc,0x157210,18694,0x422138,0x48c,0x100,0x859593809cb2b62a
0x5b64b4,0x157230,18695,0x487e64,0x84,0x100,0xf98e8e7a2da888d9
0x5b6570,0x157250,18696,0x6c6bcc,0x144,0x100,0x1ec19fb3cef1d9ca
0x5b6658,0x157270,18697,0x25f694,0x4c,0x100,0x1a7f140ecf18dc68
0x5b6714,0x157290,18698,0x4da344,0x198,0x100,0x43bc10127f71dfc0
0x5b674c,0x157010,18678,0x41e138,0x9c,0x100,0x4900fbdd06b2ee58
0x5b67d0,0x1572b0,18699,0x41ff38,0x14c,0x100,0x866ab8e26c1838cf
0x5b68d0,0x1572d0,18700,0x42a038,0x2b8,0x100,0x23716f97e2e0f085
0x5b698c,0x1572f0,18701,0x5b1afc,0x520,0x100,0x4cb0278289d7f362
0x5b6a48,0x157310,18702,0x432938,0xe8,0x100,0x698b77316df9a1fa
0x5b6b04,0x157330,18703,0x616ee0,0x5c4,0x100,0x48f8b06df3c4a0e0
0x5b6bc0,0x157350,18704,0x49a564,0xe0,0x100,0xe876ec2d314ceb19
0x5b6c7c,0x157370,18705,0x417938,0x470,0x100,0xe55d3b2bb5da3f6b
0x5b6d38,0x157390,18706,0x4cb144,0xa4,0x100,0xcc53f3299da0fb19
0x5b6e20,0x1573b0,18707,0x432638,0x54,0x100,0x1388edfa35661141
0x5b6f08,0x1573d0,18708,0x3b7874,0xc7c,0x100,0xd91e15ce5146145e
0x5b6f40,0x157010,18678,0x41e138,0x9c,0x100,0x4900fbdd06b2ee58
0x5b6ff8,0x1573f0,18709,0x398b54,0x4d4,0x100,0xc4d05f3bf9b32c0b
0x5b70e0,0x157410,18710,0x259b94,0xd8,0x100,0x93c67926f5867d8b
0x5b7118,0x157010,18678,0x41e138,0x9c,0x100,0x4900fbdd06b2ee58
0x5b71c8,0x157430,18711,0x52ce20,0x36c,0x100,0x366fa0261813ace4
0x5b72e4,0x157450,18712,0x2e5d14,0x364,0x100,0x1b18355516ba7ff8
0x5b73cc,0x157490,18714,0x203864,0x20,0x100,0xaf741787469c2f3
0x5b7488,0x1574b0,18715,0x267094,0x5e8,0x100,0xf5cc73aa13f58073
0x5b7544,0x1574d0,18716,0x490964,0x2d0,0x100,0x2fac9b4291dcea20
0x5b7600,0x1574f0,18717,0x229534,0x2fc,0x100,0x9f21bce764508599
0x5b76bc,0x157510,18718,0x4d9744,0x274,0x100,0x30c85aee896480f4
0x5b7778,0x157530,18719,0x5bb2fc,0x30c,0x100,0xa4bd504ff4cae4d6
0x5b7834,0x157550,18720,0x487464,0x150,0x100,0xad37778527c62f00
0x5b78f0,0x157570,18721,0x225e34,0x248,0x100,0x41a59090118778e1
0x5b7928,0x157010,18678,0x41e138,0x9c,0x100,0x4900fbdd06b2ee58
0x5b79ac,0x157590,18722,0x421f38,0x2f8,0x100,0x7481e62f5006cd93
0x5b7a68,0x1575b0,18723,0x534620,0x290,0x100,0x33027d12b235cab2
0x5b7b24,0x1575d0,18724,0x433438,0x288,0x100,0xde981c8eee3291b2
0x5b7be0,0x1575f0,18725,0x4c7644,0x22c,0x100,0x53a80934faf9f0bd
0x5b7c9c,0x157610,18726,0x22b534,0x184,0x100,0xbd84e937bb20d1cc
0x5b7d58,0x157630,18727,0x2942cc,0x278,0x100,0xa5f78633f8ca0a37
0x5b7d90,0x157010,18678,0x41e138,0x9c,0x100,0x4900fbdd06b2ee58
0x5b7e14,0x157650,18728,0x6c8c80,0x270,0x100,0x338a7d93e675c73d
0x5b7ed0,0x157670,18729,0x480864,0x1e8,0x100,0x6cbfd65696a65c2a
0x5b7f8c,0x157690,18730,0x2e9814,0x288,0x100,0xe59170f653fef8a3
0x5b8048,0x1576b0,18731,0x6011e0,0x330,0x100,0x860845224037ce03
0x5b8104,0x1576d0,18732,0x4a1c64,0x318,0x100,0x8ba370950ec30df7
0x5b81c0,0x1576f0,18733,0x2e4714,0x354,0x100,0x1a586dbacafd27b7
0x5b827c,0x157710,18734,0x62f0e0,0x294,0x100,0xbc3692dcb52ec20d
0x5b8338,0x157730,18735,0x2eb214,0x2d0,0x100,0x3a7a502a42578897
0x5b83f4,0x157750,18736,0x493564,0x488,0x100,0x53f05dfe08bf333a
0x5b84b0,0x157770,18737,0x232c08,0x204,0x100,0x85ab874aebed9410
0x5b856c,0x157790,18738,0x373990,0x264,0x100,0x7970e93940fe3dd3
0x5b8628,0x1577b0,18739,0x31303c,0x4b0,0x100,0x22c11af2fc42719d
0x5b86e4,0x1577d0,18740,0x428838,0x488,0x100,0x957e9892c30f49f8
0x5b87a0,0x1577f0,18741,0x433c38,0x230,0x100,0x35132cca874169b5
0x5b885c,0x157810,18742,0x53b620,0x1ec,0x100,0xfd265f22c5a46d11
0x5b8918,0x157830,18743,0x397754,0x17c,0x100,0x629a0c67d3f19240
0x5b89d4,0x157850,18744,0x485664,0x224,0x100,0xa1dc87af28fde3ad
0x5b8a90,0x157870,18745,0x55974c,0x1fc,0x100,0x3ac45edff34c578
0x5b8b4c,0x157890,18746,0x36c690,0x390,0x100,0x66263a68b8fa3c49
0x5b8b84,0x157010,18678,0x41e138,0x9c,0x100,0x4900fbdd06b2ee58
0x5b8c08,0x1578b0,18747,0x260494,0x404,0x100,0xf7f78d505c380b5a
0x5b8c40,0x157010,18678,0x41e138,0x9c,0x100,0x4900fbdd06b2ee58
0x5b8cc4,0x1578d0,18748,0x2ec814,0x26c,0x100,0xe588362a4791538c
0x5b8d80,0x1578f0,18749,0x3a4634,0x3ac,0x100,0x9ee8d2224163a308
0x5b8e3c,0x157910,18750,0x63610c,0x1a8,0x100,0x7b48ae7abf8411c5
0x5b8ef8,0x157930,18751,0x36d490,0x1a8,0x100,0x64c487935b5b9997
0x5b8fb4,0x157950,18752,0x538220,0x1f4,0x100,0xab1ce12c2559c1b4
0x5b9070,0x157970,18753,0x480c64,0x1d4,0x100,0xe57b5d0eb4c8cab6
0x5b912c,0x157990,18754,0x689d34,0x1e4,0x100,0xeaa2d894cb2c23e2
0x5b91e8,0x1579b0,18755,0x55cf4c,0x1e0,0x100,0x8671b35013bb25a5
0x5b92a4,0x1579d0,18756,0x258594,0x90,0x100,0x70ece974a7ec5335
0x5b9360,0x1579f0,18757,0x6bc8f8,0x210,0x100,0xa2ab7eb574c19373
0x5b9398,0x157010,18678,0x41e138,0x9c,0x100,0x4900fbdd06b2ee58
0x5b941c,0x157a10,18758,0x4da244,0x54c,0x100,0xcad7b4c8c91e09b8
0x5b94d8,0x157a30,18759,0x25f794,0x334,0x100,0x61c6ec7181d6b7bf
0x5b9594,0x157a50,18760,0x422738,0x2e0,0x100,0x328bfa04bf4256ae
0x5b9650,0x157a70,18761,0x6e3680,0x1c0,0x100,0x3d8bddccd3770cb2
0x5b970c,0x157a90,18762,0x3a3234,0x31c,0x100,0x4e5c38b54ab9075d
0x5b97c8,0x157ab0,18763,0x41cd38,0x3f8,0x100,0xdb3d550a106f5122
0x5b9800,0x157010,18678,0x41e138,0x9c,0x100,0x4900fbdd06b2ee58
0x5b9884,0x157ad0,18764,0x498464,0x664,0x100,0xc4e5fab4cfd4501f
0x5b98bc,0x157010,18678,0x41e138,0x9c,0x100,0x4900fbdd06b2ee58
0x5b9940,0x157af0,18765,0x49ff64,0x304,0x100,0x3dfde55a7e949ca
0x5b99fc,0x157b10,18766,0x3af4d0,0x2a8,0x100,0x82de5143b355b66c
0x5b9ab8,0x157b30,18767,0x2938cc,0x1c0,0x100,0xb462cc2c43a0757d
0x5b9b74,0x157b50,18768,0x49fd64,0x1b8,0x100,0x5ced0bf2f7668006
0x5b9c30,0x157b70,18769,0x53b320,0x324,0x100,0x33ae8d1e6825c705
0x5b9cec,0x157b90,18770,0x2901cc,0xc8,0x100,0x4f47b5e88032fe90
0x5b9d24,0x157010,18678,0x41e138,0x9c,0x100,0x4900fbdd06b2ee58
0x5b9da8,0x157bb0,18771,0x374490,0x170,0x100,0x424529f0d639f3ed
0x5b9de0,0x157010,18678,0x41e138,0x9c,0x100,0x4900fbdd06b2ee58
0x5b9e64,0x157bd0,18772,0x259194,0xac4,0x100,0x6dff2f416be020c1
0x5b9f20,0x157bf0,18773,0x49df64,0xa0,0x100,0x4a737c5a42e854ed
0x5b9fdc,0x157c10,18774,0x4d7044,0x200,0x100,0x93ecd44c7ed43650
0x5ba098,0x157c30,18775,0x2918cc,0x160,0x100,0x4475b79789c87856
0x5ba154,0x157c50,18776,0x49af64,0x1d0,0x100,0x2955f7362dbdb69c
0x5ba210,0x157c70,18777,0x423938,0x178,0x100,0xac4fa9fdfd2cb9de
0x5ba248,0x157010,18678,0x41e138,0x9c,0x100,0x4900fbdd06b2ee58
0x5ba2cc,0x157c90,18778,0x3b7274,0xb8,0x100,0xdb760bcce75d4c59
0x5ba388,0x157cd0,18780,0x3a4c34,0x1b8,0x100,0x1fab55e3310adaf4
0x5ba444,0x157cf0,18781,0x52df20,0x13c,0x100,0x99450da1d7240484
0x5ba500,0x157d10,18782,0x559d4c,0x34c,0x100,0x2ec12b365403f3d
0x5ba5bc,0x157d70,18785,0x4c7444,0x64,0x100,0xaae5ac3d976208
0x5ba678,0x157d90,18786,0x48a164,0x1f4,0x100,0x255a8ffa8cc6cf9
0x5ba734,0x157db0,18787,0x4a2164,0x1bc,0x100,0x16c8443bd7327788
0x5ba81c,0x157dd0,18788,0x661f64,0x44,0x100,0xcf2961ca69d6e34f
0x5ba8d8,0x157df0,18789,0x4d4e44,0x1ac,0x100,0xc9112e944a0ce17b
0x5ba994,0x157e30,18791,0x374190,0x64,0x100,0x3ae7514e7fc6515
0x5baa50,0x157e50,18792,0x60cde0,0x30,0x100,0xc326070dcfc6a171
0x5bab0c,0x157e70,18793,0x55c74c,0x4f0,0x100,0x8355e73e9e55f36d
0x5babc8,0x157e90,18794,0x261d94,0x188,0x100,0xe69d223fb1269a51
0x5bac00,0x157010,18678,0x41e138,0x9c,0x100,0x4900fbdd06b2ee58
0x5bac84,0x157eb0,18795,0x3a3734,0x214,0x100,0x1957f468bbd1da00
0x5bacbc,0x157010,18678,0x41e138,0x9c,0x100,0x4900fbdd06b2ee58
0x5bad40,0x157ed0,18796,0x3b6b74,0x12c,0x100,0x8abc2ca0accba0cf
0x5badfc,0x157ef0,18797,0x5bb3fc,0x1a4,0x100,0x4e1b02764f18f11b
0x5baeb8,0x157f10,18798,0x5abafc,0x184,0x100,0xba1a40e2fd300ac0
0x5baf74,0x157f30,18799,0x4d8d44,0x1a0,0x100,0xbc53f4ef8d35c6c3
0x5bb030,0x157f50,18800,0x2ea114,0x114,0x100,0xb639a9c69b140b68
0x5bb0ec,0x157f70,18801,0x266794,0x64,0x100,0x1657ba93a9493f4b
0x5bb1a8,0x157f90,18802,0x2e5214,0x1a0,0x100,0x8f90595c68b7fcf
0x5bb264,0x157fb0,18803,0x419c38,0x140,0x100,0xfdbcc3afc9d094b6
0x5bb354,0x157fd0,18804,0x4c7444,0x38c,0x100,0xb25568de47957d89
0x5bb410,0x157ff0,18805,0x67ef20,0x4a8,0x100,0xfe3ac07a8d597a4e
0x5bb4cc,0x158010,18806,0x26e900,0xd8,0x100,0xec7760714e044ea4
0x5bb504,0x158010,18806,0x26e900,0xd8,0x100,0xec7760714e044ea4
0x5bb588,0x158030,18807,0x480864,0x544,0x100,0xbb6cb9d7dfcc2346
0x5bb644,0x158050,18808,0x49d864,0x384,0x100,0x4e5ccc5c9be9879f
0x5bb67c,0x158010,18806,0x26e900,0xd8,0x100,0xec7760714e044ea4
0x5bb72c,0x158070,18809,0x3b5a74,0x54,0x100,0xd5410e81fcad05
0x5bb814,0x158090,18810,0x480164,0xcec,0x100,0x896d1711888787bc
0x5bb904,0x1580b0,18811,0x53ae20,0x4c0,0x100,0x7ac48ccc543b667e
0x5bb9ec,0x1580d0,18812,0x539320,0xe4,0x100,0xbebbc2478c3cd7fa
0x5bbad4,0x1580f0,18813,0x55984c,0x40c,0x100,0x60a70f510e7d4662
0x5bbbf0,0x158110,18814,0x375790,0x274,0x100,0xd0965683da5b7bf5
0x5bbcac,0x158130,18815,0x4d5d44,0x6bc,0x100,0x4c88bba7277dc80b
0x5bbd68,0x158150,18816,0x41b938,0x29c,0x100,0x6685109bf60367f0
0x5bbe24,0x158170,18817,0x394a54,0x2f4,0x100,0xd0f26f5d1b7058c
0x5bbee0,0x158190,18818,0x369990,0x1b4,0x100,0xd225e6ecac77864e
0x5bbf18,0x158010,18806,0x26e900,0xd8,0x100,0xec7760714e044ea4
0x5bbf9c,0x1581b0,18819,0x2f2914,0x194,0x100,0xc7ceea2a30f7b4ff
0x5bc058,0x1581d0,18820,0x2eff14,0x360,0x100,0x822a3f703d2b4cb1
0x5bc114,0x1581f0,18821,0x2890cc,0x240,0x100,0xa20978089da21887
0x5bc1d0,0x158210,18822,0x49f764,0x158,0x100,0xc572099385f19fd5
0x5bc28c,0x158230,18823,0x36a590,0x328,0x100,0x4629cf5768a1ad14
0x5bc348,0x158250,18824,0x2902cc,0x204,0x100,0x25472fdf869faa25
0x5bc404,0x158270,18825,0x226334,0x158,0x100,0xbf8f299ab325a574
0x5bc4c0,0x158290,18826,0x48ad64,0x214,0x100,0x7333394b384b9061
0x5bc57c,0x1582b0,18827,0x25ef94,0x2a8,0x100,0xf2a6c64b5a2bb575
0x5bc638,0x1582d0,18828,0x228534,0x350,0x100,0x3ebd2a1cb5d003d3
0x5bc670,0x158010,18806,0x26e900,0xd8,0x100,0xec7760714e044ea4
0x5bc6f4,0x1582f0,18829,0x48ec64,0x314,0x100,0x577419eef9441d77
0x5bc7b0,0x158310,18830,0x5ad3fc,0x2e8,0x100,0xeed7b4c4c1d3fa28
0x5bc86c,0x158330,18831,0x391654,0x350,0x100,0x6514784eda4d8efa
0x5bc928,0x158350,18832,0x421938,0x534,0x100,0xbdb6cace26096d13
0x5bc9e4,0x158370,18833,0x6939ec,0x1dc,0x100,0x69564764b2e39f0d
0x5bcaa0,0x158390,18834,0x420c38,0x274,0x100,0x5378962422cabd9e
0x5bcb5c,0x1583b0,18835,0x41c238,0x460,0x100,0xbb784b3efbb9f798
0x5bcc18,0x1583d0,18836,0x2e4414,0x518,0x100,0xe3526a76a40717cf
0x5bccd4,0x1583f0,18837,0x28e2cc,0x21c,0x100,0x5f8676133cc72834
0x5bcd90,0x158410,18838,0x203a64,0x27c,0x100,0x3de95483527ca8e9
0x5bce4c,0x158430,18839,0x367090,0x148,0x100,0x71a15a3e0f9d66ff
0x5bcf08,0x158450,18840,0x482f64,0x2d0,0x100,0x79ce1f24d8d48fe2
0x5bcfc4,0x158470,18841,0x25c794,0x1b8,0x100,0x792215c52ef9f31c
0x5bd080,0x158490,18842,0x530720,0x24c,0x100,0x699cd50b7f8458fa
0x5bd13c,0x1584b0,18843,0x28c3cc,0x40c,0x100,0xee7802ac56a55cd8
0x5bd174,0x158010,18806,0x26e900,0xd8,0x100,0xec7760714e044ea4
0x5bd1f8,0x1584d0,18844,0x538620,0x55c,0x100,0xc85cc470b20a9bec
0x5bd2b4,0x1584f0,18845,0x480f64,0x258,0x100,0x5ece1ded8011facc
0x5bd370,0x158510,18846,0x537020,0x2c4,0x100,0x56157337beca7c70
0x5bd42c,0x158530,18847,0x267c94,0x3a8,0x100,0xc7dbc7a2db28516d
0x5bd464,0x158010,18806,0x26e900,0xd8,0x100,0xec7760714e044ea4
0x5bd4e8,0x158550,18848,0x25a594,0x1d4,0x100,0x5f7be9dc01cdf6f6
0x5bd520,0x158010,18806,0x26e900,0xd8,0x100,0xec7760714e044ea4
0x5bd5a4,0x158570,18849,0x2b5864,0x230,0x100,0x3eda9d955b57954d
0x5bd660,0x158590,18850,0x480564,0x198,0x100,0x4c1c162f38c2720
0x5bd71c,0x1585b0,18851,0x4cef44,0x1fc,0x100,0x866ad8b38610ba54
0x5bd7d8,0x1585d0,18852,0x5a84fc,0x1ec,0x100,0x95dda00d1ce313c4
0x5bd894,0x1585f0,18853,0x6d4348,0x1d0,0x100,0x6bf717dc59133354
0x5bd950,0x158610,18854,0x31213c,0x2b0,0x100,0x8893458bc2cc555f
0x5bd988,0x158010,18806,0x26e900,0xd8,0x100,0xec7760714e044ea4
0x5bda0c,0x158630,18855,0x4c8f44,0x24c,0x100,0x47d867fdac4df214
0x5bdac8,0x158650,18856,0x42d238,0x6d0,0x100,0xb6789469d49e3678
0x5bdb84,0x158670,18857,0x4a0f64,0x2e0,0x100,0xa178980004533f4a
0x5bdc40,0x158690,18858,0x5b4afc,0x290,0x100,0x1569fa12e9c83c4c
0x5bdc78,0x158010,18806,0x26e900,0xd8,0x100,0xec7760714e044ea4
0x5bdcfc,0x1586b0,18859,0x5b8cfc,0x190,0x100,0xda71cf30d82cc3e5
0x5bddb8,0x1586d0,18860,0x6e3580,0x328,0x100,0xa36778ff34ce1930
0x5bddf0,0x158010,18806,0x26e900,0xd8,0x100,0xec7760714e044ea4
0x5bde74,0x1586f0,18861,0x486c64,0x448,0x100,0xfb91a5f20439dbbe
0x5bdf30,0x158710,18862,0x28c6cc,0x56c,0x100,0xb198c98d201e73c0
0x5bdfec,0x158730,18863,0x2ed714,0x328,0x100,0x47a5feffebc04a1c
0x5be0a8,0x158750,18864,0x265694,0x280,0x100,0x3b22dfc71883b5cf
0x5be164,0x158770,18865,0x36a790,0x1e4,0x100,0xa6847ced924d5821
0x5be220,0x158790,18866,0x420238,0x1f8,0x100,0x34a6aab948bfbb1a
0x5be2dc,0x1587b0,18867,0x6106e0,0x318,0x100,0x2ea152fa2e6d1ab3
0x5be398,0x1587d0,18868,0x481964,0xe0,0x100,0xc6e3c6fd8fb56c0
0x5be454,0x1587f0,18869,0x67dd20,0x1d8,0x100,0x5228e8de992fd6d2
0x5be510,0x158810,18870,0x25a694,0x6d8,0x100,0x785ebf46803f17ba
0x5be5cc,0x158830,18871,0x369d90,0x52c,0x100,0x6331858f1cbc1eaa
0x5be604,0x158010,18806,0x26e900,0xd8,0x100,0xec7760714e044ea4
0x5be688,0x158850,18872,0x5b9dfc,0x1e8,0x100,0xa318a4d7c659d6f0
0x5be744,0x158870,18873,0x484964,0x398,0x100,0xb5a87302888ec388
0x5be800,0x158890,18874,0x608de0,0x3e4,0x100,0x9da66352ec41320e
0x5be838,0x158010,18806,0x26e900,0xd8,0x100,0xec7760714e044ea4
0x5be8bc,0x1588b0,18875,0x4d5044,0x20c,0x100,0x4ff7b3100bbdc746
0x5be978,0x1588d0,18876,0x289fcc,0x200,0x100,0x7cc00aab24b7933e
0x5bea34,0x1588f0,18877,0x316a3c,0x1c,0x100,0xb40ca340cb680881
0x5bea6c,0x158010,18806,0x26e900,0xd8,0x100,0xec7760714e044ea4
0x5beaf0,0x158910,18878,0x225034,0x6c,0x100,0x149570c99bbfdea9
0x5beb28,0x158010,18806,0x26e900,0xd8,0x100,0xec7760714e044ea4
0x5bebac,0x158930,18879,0x2f0214,0x120,0x100,0x20d1be771a7e959
0x5bec68,0x158950,18880,0x225334,0x1a4,0x100,0x8c6b5ca3ffb0dffb
0x5bed50,0x158970,18881,0x53e320,0xf4,0x100,0xce02698447fa9859
0x5bed88,0x158010,18806,0x26e900,0xd8,0x100,0xec7760714e044ea4
0x5bee38,0x158990,18882,0x42f938,0x28,0x100,0x8e8a1adc9fc17ad5
0x5bef20,0x1589b0,18883,0x483c64,0x70,0x100,0xb97ad1c170ee29ed
0x5bef58,0x158010,18806,0x26e900,0xd8,0x100,0xec7760714e044ea4
0x5befdc,0x1589d0,18884,0x4d1744,0x11c,0x100,0x211236c30a00dab9
0x5bf098,0x1589f0,18885,0x601ee0,0x2e4,0x100,0x55c9b9b90938afc9
0x5bf180,0x158a10,18886,0x481564,0xe0,0x100,0x7aa47391826f1fcd
0x5bf23c,0x158a30,18887,0x4d2344,0x190,0x100,0xc607bc40a6888b64
0x5bf2f8,0x158a50,18888,0x41c338,0x6c,0x100,0x87cb3ea69526c71b
0x5bf3b4,0x158a70,18889,0x42e938,0x64,0x100,0x8254a7273cec2feb
0x5bf470,0x158a90,18890,0x2f0914,0x1ec,0x100,0x512b072c0f8be0ec
0x5bf52c,0x158ab0,18891,0x211ba0,0xe0,0x100,0xc53fdea425e4114c
0x5bf5e8,0x158ad0,18892,0x6052e0,0x110,0x100,0x8e828c5a446dd83b
0x5bf6a4,0x158af0,18893,0x42a238,0x64,0x100,0xd527d778088bc251
0x5bf734,0x15dcf0,19549,0x620b50,0x20,0x0,0x1319073e47708528
0x5bf770,0x15dd10,19550,0x620cb0,0x20,0x0,0x63e8ad4f9a570951
0x5bf9b8,0x158010,18806,0x26e900,0xd8,0x100,0xec7760714e044ea4
0x5bfaa0,0x15dd30,19551,0x620e10,0x20,0x0,0xca7aaf12fb5b935f
0x5bfb40,0x15e330,19599,0x625030,0x20,0x0,0x74e2f14dbcd5e823
0x5bfcf4,0x15e350,19600,0x625190,0x20,0x0,0x3fe261ac8bbc0601
0x5bff1c,0x15dd50,19552,0x620f70,0x20,0x0,0x6975e311f63e28d0
0x5c004c,0x15d010,19446,0x617d90,0x20,0x0,0xa63e0c67d81443b8
0x5c01d8,0x15dd70,19553,0x6210d0,0x20,0x0,0x29b417b107cf382d
0x5c03b8,0x15dd90,19554,0x621230,0x20,0x0,0x50b5af2a0765a806
0x5c05c8,0x15ddb0,19555,0x621390,0x20,0x0,0x54b92ad5e075d6fb
0x5c07f0,0x15ddf0,19557,0x621650,0x20,0x0,0x3af0c72415bd383b
0x5c0b28,0x15de10,19558,0x6217b0,0x20,0x0,0xc3e1ba6bfff3799a
0x5c0d94,0x15de30,19559,0x621910,0x20,0x0,0xe574cb58f6dd9e26
0x5c10c8,0x15de70,19561,0x621bd0,0x20,0x0,0x40b6fca6f8f3effc
0x5c13ec,0x15de90,19562,0x621d30,0x20,0x0,0x69a6d1690bacf4b6
0x5c17ec,0x15ded0,19564,0x621ff0,0x20,0x0,0xdedead03fba80bc8
0x5c21e8,0x15df10,19566,0x6222b0,0x20,0x0,0x9344aab2988255ed
0x5c28e0,0x15df30,19567,0x622410,0x20,0x0,0xf15d10a2799e93dc
0x5c2bd0,0x15df50,19568,0x622570,0x20,0x0,0xe32e41463ba5301b
0x5c4010,0x15df70,19569,0x6226d0,0x20,0x0,0xdef25dc5b50320c4
0x5c43f0,0x15df90,19570,0x622830,0x20,0x0,0xf82af28b6505f3fc
0x5c45a8,0x15dfd0,19572,0x622af0,0x20,0x0,0x1275045f45a3e7b1
0x5c4848,0x15dff0,19573,0x622c50,0x20,0x0,0x7cdbf1ec06d4ce51
0x5c5634,0x15e010,19574,0x622db0,0x20,0x0,0xf94fc53aea879c2c
0x5c61ec,0x15e030,19575,0x622f10,0x20,0x0,0x5db03509bff97349
0x5c70bc,0x15e050,19576,0x623070,0x20,0x0,0x779499655cb37bc5
0x5c7cec,0x15e070,19577,0x6231d0,0x20,0x0,0x1df71d270bfe436a
0x5c7e8c,0x15e090,19578,0x623330,0x20,0x0,0x7333a27edb257bc
0x5c82b8,0x15e0b0,19579,0x623490,0x20,0x0,0x7cdb98cb8fb9f416
0x5c97d0,0x15e150,19584,0x623b70,0x20,0x0,0x1acff079a3566235
0x5c9ae8,0x15e170,19585,0x623cd0,0x20,0x0,0x1a6ad1150746dd49
0x5c9d50,0x15e190,19586,0x623e30,0x20,0x0,0x3a08b5e4c5ba9504
0x5ca914,0x15e030,19575,0x622f10,0x20,0x0,0x5db03509bff97349
0x5ca99c,0x15e230,19591,0x624530,0x20,0x0,0xbdc7deb8cba461ff
0x5cac30,0x15e2b0,19595,0x624ab0,0x20,0x0,0x78879f97cfbf2753
0x5cad64,0x15e2d0,19596,0x624c10,0x20,0x0,0x44432d5bb77c7aab
0x5cae80,0x15e3b0,19603,0x6255b0,0x20,0x0,0xa55e5f2f77f221ff
0x5cb07c,0x15e790,19634,0x628050,0x20,0x0,0x10f70a6f90c2625f
0x5cb26c,0x15e7b0,19635,0x6281b0,0x20,0x0,0xcb66e6ee1620fa3a
0x5cb6fc,0x15e7d0,19636,0x628310,0x20,0x0,0x8a02565e9f1873a8
0x5cb938,0x15e7f0,19637,0x628470,0x20,0x0,0x80462a0d93978371
0x5cbb14,0x15e9f0,19653,0x629a70,0x20,0x0,0xa4cc2b7e2841d854
0x5cbe08,0x15ea10,19654,0x629bd0,0x20,0x0,0x34f00210f15ffc0e
0x5cbfe0,0x15ea30,19655,0x629d30,0x20,0x0,0x2621930bf0b85d71
0x5cc164,0x15ed10,19678,0x62bcd0,0x20,0x0,0xdd85063f9de01287
0x5cc48c,0x15f490,19738,0x630f70,0x20,0x0,0x854e64f01a5c7cda
0x5cc854,0x15f4b0,19739,0x6310d0,0x20,0x0,0xa080ef54c282661b
0x5ccb40,0x15f4d0,19740,0x631230,0x20,0x0,0x3eccd94616176165
0x5cd010,0x15e030,19575,0x622f10,0x20,0x0,0x5db03509bff97349
0x5cd094,0x15f4f0,19741,0x631390,0x20,0x0,0xcdf2517ef50a66cb
0x5cd20c,0x15f510,19742,0x6314f0,0x20,0x0,0x9a5cb017452c2ce4
0x5cd524,0x15f530,19743,0x631650,0x20,0x0,0xd175d4139ce3f86c
0x5cd7b8,0x15f550,19744,0x6317b0,0x20,0x0,0xb8fc6346e3b1137e
0x5cd884,0x15f570,19745,0x631910,0x20,0x0,0xe3a0a1f18c734532
0x5cd9a4,0x15f590,19746,0x631a70,0x20,0x0,0xe46d876666df0674
0x5cdaac,0x15f030,19703,0x62df30,0x20,0x0,0x18ce77e7072a7ca0
0x5cdae4,0x15f5b0,19747,0x631bd0,0x20,0x0,0x1534281be4d1bdda
0x5cdd10,0x15f5d0,19748,0x631d30,0x20,0x0,0x6ca33339c2260ab3
0x5cde7c,0x15f610,19750,0x631ff0,0x20,0x0,0xf68c46524ebfad99
0x5cdfbc,0x15f630,19751,0x632150,0x20,0x0,0x3ae18e9cf85bd758
0x5ce594,0x1606d0,19884,0x63d850,0x20,0x0,0x908015a3fd9b5615
0x5ce7e4,0x1606f0,19885,0x63d9b0,0x20,0x0,0xa95fa673d47e9bda
0x5ce88c,0x15e430,19607,0x625b30,0x20,0x0,0x22c8e5778e8cf039
0x5ceaec,0x160710,19886,0x63db10,0x20,0x0,0x3173f8b9b7a7db14
0x5ceca4,0x160730,19887,0x63dc70,0x20,0x0,0xed1a96e491840071
0x5cf09c,0x160750,19888,0x63ddd0,0x20,0x0,0x747bf0dd9029a84c
0x5cf150,0x15e430,19607,0x625b30,0x20,0x0,0x22c8e5778e8cf039
0x5cf440,0x160770,19889,0x63df30,0x20,0x0,0x7766d6f95537f139
0x5cf820,0x160790,19890,0x63e090,0x20,0x0,0xdbc10ed1cb24534c
0x5cf924,0x1607b0,19891,0x63e1f0,0x20,0x0,0xa6c1d23b5814dd85
0x5cfe54,0x1607d0,19892,0x63e350,0x20,0x0,0x655f34efbdf16875
0x5cff28,0x1607f0,19893,0x63e4b0,0x20,0x0,0x988821a6fc3259d2
0x5d0010,0x160810,19894,0x63e610,0x20,0x0,0x2d6e274f9e635da8
0x5d0100,0x160830,19895,0x63e770,0x20,0x0,0x989e8bc78239c5dc
0x5d0204,0x160850,19896,0x63e8d0,0x20,0x0,0x762e034ccba506ba
0x5d0428,0x160010,19830,0x638df0,0x20,0x0,0xde2231b9d8c7f784
0x5d05d4,0x160870,19897,0x63ea30,0x20,0x0,0xae34cebb08b398aa
0x5d06bc,0x1608b0,19899,0x63ecf0,0x20,0x0,0x478ba13eaf840198
0x5d0ae8,0x1608d0,19900,0x63ee50,0x20,0x0,0x9621cb5a55525fa0
0x5d177c,0x1608f0,19901,0x63efb0,0x20,0x0,0xf813cd9822cf225c
0x5d1c60,0x160910,19902,0x63f110,0x20,0x0,0x739527dae7c4ebeb
0x5d1d78,0x160930,19903,0x63f270,0x20,0x0,0x3773d5527080800a
0x5d20a4,0x160950,19904,0x63f3d0,0x20,0x0,0xa1359ff2e747b26b
0x5d2484,0x160970,19905,0x63f530,0x20,0x0,0x92b0cdcde19e4152
0x5d279c,0x160990,19906,0x63f690,0x20,0x0,0xedfd103c0e870aa6
0x5d2b10,0x1609b0,19907,0x63f7f0,0x20,0x0,0x30aca400c8e22eb1
0x5d2e1c,0x1609d0,19908,0x63f950,0x20,0x0,0xbee24ec5cf680fe8
0x5d30c8,0x1609f0,19909,0x63fab0,0x20,0x0,0x1ebfd832fcaa7235
0x5d3358,0x160a10,19910,0x63fc10,0x20,0x0,0xada6601606c77a11
0x5d3500,0x160a30,19911,0x63fd70,0x20,0x0,0x1fc87d2490144f55
0x5d3700,0x160a50,19912,0x63fed0,0x20,0x0,0xbfc1a19826842f88
0x5d38f0,0x160a70,19913,0x640030,0x20,0x0,0xb3d94c0088e84e64
0x5d3a8c,0x160a90,19914,0x640190,0x20,0x0,0x53426bf81ed659db
0x5d3d48,0x160ab0,19915,0x6402f0,0x20,0x0,0x9b49794f32338d6c
0x5d3ed8,0x160ad0,19916,0x640450,0x20,0x0,0x6ffcd2a4683fc821
0x5d4160,0x160af0,19917,0x6405b0,0x20,0x0,0xa8381f1d98ab73c4
0x5d431c,0x160b10,19918,0x640710,0x20,0x0,0x6ee1490738d1a2dd
0x5d44c4,0x160b30,19919,0x640870,0x20,0x0,0x44e52ab2ead8be68
0x5d4640,0x160b50,19920,0x6409d0,0x20,0x0,0x1dda8faaf0676f9
0x5d48bc,0x160b70,19921,0x640b30,0x20,0x0,0x7cee76e4276977bf
0x5d4be8,0x160b90,19922,0x640c90,0x20,0x0,0xf192df3a81a711b7
0x5d4e4c,0x160bb0,19923,0x640df0,0x20,0x0,0xd10d503044f08749
0x5d52ac,0x160bd0,19924,0x640f50,0x20,0x0,0xdbc132264e2ce7ab
0x5d5590,0x160bf0,19925,0x6410b0,0x20,0x0,0x156ea6d01daa8df6
0x5d58e0,0x160c10,19926,0x641210,0x20,0x0,0x76719af7126e9114
0x5d5bd4,0x160c30,19927,0x641370,0x20,0x0,0x1befc3721ad9d790
0x5d5f60,0x160c50,19928,0x6414d0,0x20,0x0,0x1e7a73c0f7a8c78a
0x5d6184,0x160c70,19929,0x641630,0x20,0x0,0xab4d9a0a9b116920
0x5d6454,0x160c90,19930,0x641790,0x20,0x0,0xc7aea32a6a77f87b
0x5d65e4,0x160cb0,19931,0x6418f0,0x20,0x0,0xfad8a4afd4f8f81
0x5d6760,0x160cd0,19932,0x641a50,0x20,0x0,0xbdbe2b94f9886c40
0x5d6bb0,0x160cf0,19933,0x641bb0,0x20,0x0,0x5ff363e3ebd75e03
0x5d6db4,0x160d10,19934,0x641d10,0x20,0x0,0xaaea7616560758a6
0x5d6fe0,0x160d30,19935,0x641e70,0x20,0x0,0xf18772659be499b0
0x5d726c,0x160d50,19936,0x641fd0,0x20,0x0,0x58e2b13ad17c145b
0x5d741c,0x160d70,19937,0x642130,0x20,0x0,0xaff5c5eb151ae0ae
0x5d766c,0x160d90,19938,0x642290,0x20,0x0,0xe53f333f9f68b5ba
0x5d7874,0x160db0,19939,0x6423f0,0x20,0x0,0xba4a0f5fc326fedf
0x5d7edc,0x160dd0,19940,0x642550,0x20,0x0,0xebda0f10ceac1e05
0x5d8220,0x160df0,19941,0x6426b0,0x20,0x0,0x934e50ed04c2b9ae
0x5d86b0,0x160e10,19942,0x642810,0x20,0x0,0xd86539bc96e8f81c
0x5d8990,0x160e30,19943,0x642970,0x20,0x0,0xf102072f07285b17
0x5d8b90,0x160e50,19944,0x642ad0,0x20,0x0,0xf200c87ca5bb949c
0x5d8dec,0x160e70,19945,0x642c30,0x20,0x0,0x565821bf29a98635
0x5d9070,0x160e90,19946,0x642d90,0x20,0x0,0x81a7cd4fbf23b768
0x5d92d0,0x160eb0,19947,0x642ef0,0x20,0x0,0x418b3816d50068b2
0x5d9510,0x160ed0,19948,0x643050,0x20,0x0,0x684e6e8616488a6b
0x5d97c4,0x160ef0,19949,0x6431b0,0x20,0x0,0x9b07777676147972
0x5d991c,0x160f10,19950,0x643310,0x20,0x0,0x8b810320854e045f
0x5d9f4c,0x160f30,19951,0x643470,0x20,0x0,0xa3d9deb0adaae08b
0x5da284,0x160f50,19952,0x6435d0,0x20,0x0,0x69647a4da3d8cdbe
0x5da600,0x160f70,19953,0x643730,0x20,0x0,0xd865b33e5a600ccf
0x5da7c8,0x160f90,19954,0x643890,0x20,0x0,0x3c730ff0fc4a615a
0x5daa38,0x160fb0,19955,0x6439f0,0x20,0x0,0x8254ddd3812f22b5
0x5dacb4,0x160fd0,19956,0x643b50,0x20,0x0,0x3b428dc84bb38ea3
0x5dae88,0x160010,19830,0x638df0,0x20,0x0,0xde2231b9d8c7f784
0x5db080,0x160ff0,19957,0x643cb0,0x20,0x0,0xf287ee1f549efb83
0x5db68c,0x161010,19958,0x643e10,0x20,0x0,0xe1cab8ba7f6e1197
0x5db974,0x161030,19959,0x643f70,0x20,0x0,0x8bfe97af2b9cc031
0x5dbca8,0x161050,19960,0x6440d0,0x20,0x0,0xd59f5d07f68c4d2e
0x5dbf78,0x161070,19961,0x644230,0x20,0x0,0x39c08dd5d40a9332
0x5dc250,0x161090,19962,0x644390,0x20,0x0,0x2494d905f4fa73e8
0x5dc418,0x1610b0,19963,0x6444f0,0x20,0x0,0x236983bccf9c4b84
0x5dc65c,0x1610d0,19964,0x644650,0x20,0x0,0xc6e74fc394882eb2
0x5dc7c4,0x1610f0,19965,0x6447b0,0x20,0x0,0xb7f28e17aa05b9f2
0x5dc94c,0x161110,19966,0x644910,0x20,0x0,0xc0af654abbc46445
0x5dca38,0x161130,19967,0x644a70,0x20,0x0,0x3e93f0bd9b82434c
0x5dd068,0x161150,19968,0x644bd0,0x20,0x0,0x65050f84556b8522
0x5dd544,0x161170,19969,0x644d30,0x20,0x0,0xcf89112be88e4313
0x5dd7d0,0x161190,19970,0x644e90,0x20,0x0,0x2944a3cb2dc03910
0x5ddde8,0x1611b0,19971,0x644ff0,0x20,0x0,0x82e80311873fc2f7
0x5de210,0x161030,19959,0x643f70,0x20,0x0,0x8bfe97af2b9cc031
0x5de2a0,0x1611d0,19972,0x645150,0x20,0x0,0xfe9dcfbf0d149b8b
0x5de3dc,0x1611f0,19973,0x6452b0,0x20,0x0,0x735bee2e716195ce
0x5de598,0x161210,19974,0x645410,0x20,0x0,0x7858426e8d0eef5
0x5de848,0x161230,19975,0x645570,0x20,0x0,0xc7a6fe54d4ed3d05
0x5de974,0x161250,19976,0x6456d0,0x20,0x0,0x9daaffccd96599b0
0x5dea5c,0x161030,19959,0x643f70,0x20,0x0,0x8bfe97af2b9cc031
0x5deaa8,0x161270,19977,0x645830,0x20,0x0,0xd9b76c89e4043a14
0x5deccc,0x161290,19978,0x645990,0x20,0x0,0x77743b8034b9c9d6
0x5def7c,0x1612b0,19979,0x645af0,0x20,0x0,0xb8c31c96ed2dd52e
0x5df178,0x1612d0,19980,0x645c50,0x20,0x0,0x622223455ef24621
0x5df5c4,0x1612f0,19981,0x645db0,0x20,0x0,0xcbfac0373f5af1bd
0x5df6c8,0x161310,19982,0x645f30,0x20,0x0,0x18ce77e7072a7ca0
0x5dfbf0,0x161330,19983,0x646090,0x20,0x0,0x97ca3b7329bc8323
0x5dfcd0,0x161350,19984,0x6461f0,0x20,0x0,0x98431b4b7b776e8f
0x5dfda0,0x161370,19985,0x646350,0x20,0x0,0x10dbbfabb401817d
0x5dfe84,0x161390,19986,0x6464b0,0x20,0x0,0xf73dab317ecd5944
0x5dff84,0x1613b0,19987,0x646610,0x20,0x0,0xc9ab80d36f04d35a
0x5e017c,0x161010,19958,0x643e10,0x20,0x0,0xe1cab8ba7f6e1197
0x5e0348,0x1613d0,19988,0x646770,0x20,0x0,0x76430a5739f203a0
0x5e0448,0x161410,19990,0x646a30,0x20,0x0,0xb67f7215464710a6
0x5e0a60,0x161430,19991,0x646b90,0x20,0x0,0x676fed28e3cb0cc2
0x5e1668,0x161450,19992,0x646cf0,0x20,0x0,0xd5a5cec5323ae079
0x5e1a4c,0x161470,19993,0x646e50,0x20,0x0,0x3641745033681b2a
0x5e1ae4,0x161490,19994,0x646fb0,0x20,0x0,0xf7cc7b8d0d0b8999
0x5e1d9c,0x1614b0,19995,0x647110,0x20,0x0,0x881458463feafc25
0x5e2044,0x1614d0,19996,0x647270,0x20,0x0,0x772eb41531a879f7
0x5e2284,0x1614f0,19997,0x6473d0,0x20,0x0,0xea834cb0d0d29147
0x5e2588,0x161510,19998,0x647530,0x20,0x0,0xe34e6f3379d1f802
0x5e2894,0x161530,19999,0x647690,0x20,0x0,0x77f8e6169301fe2
0x5e2b5c,0x161550,20000,0x6477f0,0x20,0x0,0x81adf4ae7028b5d8
0x5e2e5c,0x161570,20001,0x647950,0x20,0x0,0x72f53cb44e0c5495
0x5e30f0,0x161590,20002,0x647ab0,0x20,0x0,0x1bd6679fcb6dca03
0x5e32fc,0x1615b0,20003,0x647c10,0x20,0x0,0xbfb68b52986deeda
0x5e352c,0x1615d0,20004,0x647d70,0x20,0x0,0x56ba32dff511d5b1
0x5e370c,0x1615f0,20005,0x647ed0,0x20,0x0,0xb18bd995a83746d1
0x5e39c4,0x161610,20006,0x648030,0x20,0x0,0x76c7881dcf3b9b88
0x5e3b3c,0x161630,20007,0x648190,0x20,0x0,0x8df983784a5700aa
0x5e3d04,0x161650,20008,0x6482f0,0x20,0x0,0xe6cb684024e6b47a
0x5e3ec0,0x161670,20009,0x648450,0x20,0x0,0x4bb21f2f8e0cf9cc
0x5e4020,0x161690,20010,0x6485b0,0x20,0x0,0x939545ee5c3e268b
0x5e422c,0x1616b0,20011,0x648710,0x20,0x0,0x4b32387eb71e4a46
0x5e453c,0x1616d0,20012,0x648870,0x20,0x0,0xf9d8c45c7f6cac42
0x5e4868,0x1616f0,20013,0x6489d0,0x20,0x0,0x76ee478b6f3a0d57
0x5e4b28,0x161710,20014,0x648b30,0x20,0x0,0x50753aba5343759e
0x5e4f5c,0x161730,20015,0x648c90,0x20,0x0,0xe5bcb281a5074025
0x5e52bc,0x161750,20016,0x648df0,0x20,0x0,0xea57fe3dd5e99de7
0x5e5684,0x161770,20017,0x648f50,0x20,0x0,0xa02e69d54f7ff2b5
0x5e5844,0x161010,19958,0x643e10,0x20,0x0,0xe1cab8ba7f6e1197
0x5e59a0,0x161790,20018,0x6490b0,0x20,0x0,0xc8de4d34e575ee7f
0x5e5cc4,0x1617b0,20019,0x649210,0x20,0x0,0x185a0afa7acc180a
0x5e5f8c,0x1617d0,20020,0x649370,0x20,0x0,0x668c1f4ea5269fec
0x5e61d0,0x1617f0,20021,0x6494d0,0x20,0x0,0x18ce77e7072a7ca0
0x5e6434,0x161810,20022,0x649630,0x20,0x0,0x9e70ab135cecf1c7
0x5e65b8,0x161830,20023,0x649790,0x20,0x0,0xd923e2f7260d11f6
0x5e6a58,0x161850,20024,0x6498f0,0x20,0x0,0x551f7093314721eb
0x5e6ca8,0x161870,20025,0x649a50,0x20,0x0,0x872ff57a5d4339d9
0x5e6ed4,0x161890,20026,0x649bb0,0x20,0x0,0x4f3ef3a97191e370
0x5e71f0,0x1618b0,20027,0x649d10,0x20,0x0,0x9f087cf521bead30
0x5e73ec,0x1618d0,20028,0x649e70,0x20,0x0,0x9240d95a0d12216c
0x5e766c,0x1618f0,20029,0x649fd0,0x20,0x0,0x7e91e5c25918c3f1
0x5e7874,0x161910,20030,0x64a130,0x20,0x0,0x2ce0ed29398a329a
0x5e7e14,0x161930,20031,0x64a290,0x20,0x0,0xc472efb298fc820d
0x5e80c0,0x161950,20032,0x64a3f0,0x20,0x0,0x53ecf9bd1d80bd78
0x5e8438,0x161970,20033,0x64a550,0x20,0x0,0x1114198115f18803
0x5e8664,0x161990,20034,0x64a6b0,0x20,0x0,0xbf14aa65b485be77
0x5e89e4,0x1619b0,20035,0x64a810,0x20,0x0,0xf83dd217b5704843
0x5e8bb8,0x1619d0,20036,0x64a970,0x20,0x0,0x2cf0c9f09ee4f694
0x5e8f3c,0x1619f0,20037,0x64aad0,0x20,0x0,0x5604a5d2ecffbdf0
0x5e9100,0x161a10,20038,0x64ac30,0x20,0x0,0xed4a90ad8fd53305
0x5e9324,0x161a30,20039,0x64ad90,0x20,0x0,0x14baf8922a28fc06
0x5e9608,0x161a50,20040,0x64aef0,0x20,0x0,0xbcfb5f52bb14c29a
0x5e9760,0x161a70,20041,0x64b050,0x20,0x0,0x4afaa7449c859322
0x5e9eb4,0x161a90,20042,0x64b1b0,0x20,0x0,0xe5f56892db85617d
0x5ea1c0,0x161ab0,20043,0x64b310,0x20,0x0,0xcfb0a1674eef0153
0x5ea4cc,0x161ad0,20044,0x64b470,0x20,0x0,0xbd7d44595f4139a3
0x5ea760,0x161af0,20045,0x64b5d0,0x20,0x0,0x967be8d26c12c491
0x5eaa4c,0x161b10,20046,0x64b730,0x20,0x0,0x263a9ddf5cab95a1
0x5eac78,0x161b30,20047,0x64b890,0x20,0x0,0x510e7cf7007f4cd6
0x5eaec0,0x161010,19958,0x643e10,0x20,0x0,0xe1cab8ba7f6e1197
0x5eb0a8,0x161b50,20048,0x64b9f0,0x20,0x0,0x18515f20059a565e
0x5eb6c8,0x161b70,20049,0x64bb50,0x20,0x0,0x96a6742892581a31
0x5eb9f0,0x161b90,20050,0x64bcb0,0x20,0x0,0xeb6626b194a6c084
0x5ebdb0,0x161bb0,20051,0x64be10,0x20,0x0,0x25a9048d58d97ddf
0x5ec0ec,0x161bd0,20052,0x64bf70,0x20,0x0,0x710e7630dce83c51
0x5ec2e0,0x161bf0,20053,0x64c0d0,0x20,0x0,0x1dacbb2c1d7c545b
0x5ec520,0x161c10,20054,0x64c230,0x20,0x0,0x4238a08d38a6747e
0x5ec6c4,0x161c30,20055,0x64c390,0x20,0x0,0xad78f14b469be3ff
0x5ec804,0x161c50,20056,0x64c4f0,0x20,0x0,0x8a778895edb312a0
0x5eca7c,0x161c70,20057,0x64c650,0x20,0x0,0x4eea6ff365ca5b66
0x5ecb64,0x161c90,20058,0x64c7b0,0x20,0x0,0x8c6b09b7916ac4bf
0x5ecfc8,0x161cb0,20059,0x64c910,0x20,0x0,0x24a39700e6dc71e4
0x5ed284,0x161cd0,20060,0x64ca70,0x20,0x0,0x43187ffee44f01e7
0x5ed618,0x161cf0,20061,0x64cbd0,0x20,0x0,0x301c126130ade703
0x5ed8f0,0x161d10,20062,0x64cd30,0x20,0x0,0x4785d6151a8d8909
0x5edcb0,0x161d30,20063,0x64ce90,0x20,0x0,0x7ceb969e3493d8f0
0x5ede74,0x161d90,20066,0x64d2b0,0x20,0x0,0x87d8c770f8398129
0x5ee324,0x161db0,20067,0x64d410,0x20,0x0,0x3f4e765df9c44648
0x5ee420,0x161dd0,20068,0x64d570,0x20,0x0,0x4142ffff9bbb1fd2
0x5ee900,0x161df0,20069,0x64d6d0,0x20,0x0,0x953f11c2e9dfe17b
0x5ee9d4,0x161e10,20070,0x64d830,0x20,0x0,0x4dc9c377f6cbeec0
0x5eeabc,0x161e30,20071,0x64d990,0x20,0x0,0x6579e93c6750b6a5
0x5eebac,0x161e50,20072,0x64daf0,0x20,0x0,0xcb29e406c2967813
0x5eec9c,0x161e70,20073,0x64dc50,0x20,0x0,0x930513e764ed60bc
0x5eeec4,0x161010,19958,0x643e10,0x20,0x0,0xe1cab8ba7f6e1197
0x5ef020,0x161e90,20074,0x64ddb0,0x20,0x0,0x748c5d4444cf9056
0x5ef10c,0x161eb0,20075,0x64df10,0x20,0x0,0xe1d5bc5a7dbd635f
0x5ef76c,0x161ed0,20076,0x64e070,0x20,0x0,0xc492f0e7392dca46
0x5f0374,0x161ef0,20077,0x64e1d0,0x20,0x0,0x8e61bca3201aa0b1
0x5f0898,0x161f10,20078,0x64e330,0x20,0x0,0xeb736eff873e8402
0x5f0998,0x161f30,20079,0x64e490,0x20,0x0,0x6ec7a797fcea8ab8
0x5f0ca0,0x161f50,20080,0x64e5f0,0x20,0x0,0x9f7a407dd6954da
0x5f0ef8,0x161f70,20081,0x64e750,0x20,0x0,0x6d6c1fd720d571bd
0x5f1274,0x161f90,20082,0x64e8b0,0x20,0x0,0xf3e9220b2afe9b5c
0x5f1554,0x161fb0,20083,0x64ea10,0x20,0x0,0xe432f1ad4dcc2575
0x5f19ac,0x161fd0,20084,0x64eb70,0x20,0x0,0x4089ca1c6c69eb49
0x5f1bf0,0x161ff0,20085,0x64ecd0,0x20,0x0,0x9c1457238b108f6a
0x5f1efc,0x162010,20086,0x64ee30,0x20,0x0,0x62f39e9988b35731
0x5f2124,0x162030,20087,0x64ef90,0x20,0x0,0x3bca41f2e57f754f
0x5f234c,0x162050,20088,0x64f0f0,0x20,0x0,0x829a15891c325e06
0x5f25c8,0x162070,20089,0x64f250,0x20,0x0,0xc75c19fdf415226d
0x5f27b8,0x162090,20090,0x64f3b0,0x20,0x0,0x152f1592a9fc7ffb
0x5f2ae4,0x1620b0,20091,0x64f510,0x20,0x0,0x565deb00724aa1c5
0x5f2d18,0x1620d0,20092,0x64f670,0x20,0x0,0xc5eda9dda0ad6ae
0x5f2fc4,0x1620f0,20093,0x64f7d0,0x20,0x0,0xda057a139152501f
0x5f3250,0x162110,20094,0x64f930,0x20,0x0,0x1ddf3da2430c7714
0x5f33fc,0x162130,20095,0x64fa90,0x20,0x0,0xedfe74e11ba6789c
0x5f34ec,0x162150,20096,0x64fbf0,0x20,0x0,0x27f6292fd2449edb
0x5f3838,0x162170,20097,0x64fd50,0x20,0x0,0x3c2049a37fedaf25
0x5f3c38,0x162190,20098,0x64feb0,0x20,0x0,0x86b41cafa120f2cf
0x5f3f18,0x1621b0,20099,0x650010,0x20,0x0,0x48664a600b9f7be9
0x5f4448,0x1621d0,20100,0x650170,0x20,0x0,0xe01834d694db9a37
0x5f4664,0x1621f0,20101,0x6502d0,0x20,0x0,0x38e61716c69212f1
0x5f4988,0x162210,20102,0x650430,0x20,0x0,0xfaad9d5895859345
0x5f4ad0,0x162010,20086,0x64ee30,0x20,0x0,0x62f39e9988b35731
0x5f4c74,0x162230,20103,0x650590,0x20,0x0,0xc3976b7ece383393
0x5f4fcc,0x162250,20104,0x6506f0,0x20,0x0,0xb7ac67bf7a4c4c47
0x5f5240,0x162270,20105,0x650850,0x20,0x0,0xd21e8cb8c5099940
0x5f553c,0x162290,20106,0x6509b0,0x20,0x0,0x1f5c6560dde97325
0x5f576c,0x1622b0,20107,0x650b10,0x20,0x0,0x6f6905d41efcec32
0x5f5930,0x1622d0,20108,0x650c70,0x20,0x0,0xa599bed74672b22
0x5f5de4,0x1622f0,20109,0x650dd0,0x20,0x0,0xd3194dcbc274e6c1
0x5f5f98,0x162310,20110,0x650f30,0x20,0x0,0xe7732b9f2b0cff18
0x5f6124,0x162010,20086,0x64ee30,0x20,0x0,0x62f39e9988b35731
0x5f6160,0x162330,20111,0x651090,0x20,0x0,0x1ccd039a73c063fb
0x5f6454,0x162350,20112,0x6511f0,0x20,0x0,0x9eda987d6c66c458
0x5f653c,0x162370,20113,0x651370,0x20,0x0,0xaf4a929040d4b02
0x5f679c,0x162390,20114,0x6514d0,0x20,0x0,0xa0006c428af96df7
0x5f69d0,0x1623b0,20115,0x651630,0x20,0x0,0x6154efabbcf65422
0x5f7070,0x1623d0,20116,0x651790,0x20,0x0,0xbb80dd6ed6b1cd83
0x5f7398,0x1623f0,20117,0x6518f0,0x20,0x0,0xa664f01dd02cc82f
0x5f77c4,0x162410,20118,0x651a50,0x20,0x0,0xce3542f196dec13b
0x5f7a28,0x162430,20119,0x651bb0,0x20,0x0,0xaab6a31bc0aa5849
0x5f7c68,0x162450,20120,0x651d10,0x20,0x0,0xbc90296ea8967ba0
0x5f7e9c,0x162470,20121,0x651e70,0x20,0x0,0x6f5ee12735701f87
0x5f8270,0x162490,20122,0x651fd0,0x20,0x0,0xdade8e3ef0d286d3
0x5f8500,0x1624b0,20123,0x652130,0x20,0x0,0x3ae0019219dfda93
0x5f8740,0x1624d0,20124,0x652290,0x20,0x0,0x39ca785a398e6e18
0x5f8a7c,0x1624f0,20125,0x6523f0,0x20,0x0,0x3a894f8b06bd5f0e
0x5f8c88,0x162510,20126,0x652550,0x20,0x0,0xabab710cc93b57cd
0x5f94ac,0x162530,20127,0x6526b0,0x20,0x0,0x7ff6f21d10c60b8f
0x5f9828,0x162550,20128,0x652810,0x20,0x0,0xa0680defe5195d07
0x5f9bb8,0x162570,20129,0x652970,0x20,0x0,0xe57231ebe3462b73
0x5f9da4,0x162590,20130,0x652ad0,0x20,0x0,0x4a9c37f36fbd906
0x5f9fc8,0x1625b0,20131,0x652c30,0x20,0x0,0x684c475fea8cd309
0x5fa224,0x1625d0,20132,0x652d90,0x20,0x0,0xad24635e054056e0
0x5fa494,0x162010,20086,0x64ee30,0x20,0x0,0x62f39e9988b35731
0x5fa674,0x1625f0,20133,0x652ef0,0x20,0x0,0x500131d8d2c2844d
0x5fab80,0x162610,20134,0x653050,0x20,0x0,0x253a66972b540cc5
0x5fae4c,0x162630,20135,0x6531b0,0x20,0x0,0xbb9292cd5f711313
0x5fb1ec,0x162650,20136,0x653310,0x20,0x0,0xab13d2b122d1b1de
0x5fb480,0x162670,20137,0x653470,0x20,0x0,0xcf0206cdb0acf9
0x5fb7e4,0x162690,20138,0x6535d0,0x20,0x0,0xde3a0d8faeabf50d
0x5fb980,0x1626b0,20139,0x653730,0x20,0x0,0xb9887e279c0e7f41
0x5fbb64,0x1626d0,20140,0x653890,0x20,0x0,0xbc6382f79157ad3e
0x5fbe08,0x1626f0,20141,0x6539f0,0x20,0x0,0xe551fb6ad2ca6a54
0x5fc070,0x162710,20142,0x653b50,0x20,0x0,0xefe5874fa24f7ee1
0x5fc158,0x162730,20143,0x653cb0,0x20,0x0,0x4eced9212cb44975
0x5fc530,0x162750,20144,0x653e10,0x20,0x0,0xe6a58a676a3e692f
0x5fc7f4,0x162770,20145,0x653f70,0x20,0x0,0x4f16e6a7da4d9ce5
0x5fcabc,0x162790,20146,0x6540d0,0x20,0x0,0xb367218c0dfea3ab
0x5fce04,0x1627b0,20147,0x654230,0x20,0x0,0xe764cdcbe076162d
0x5fd04c,0x1627f0,20149,0x6544f0,0x20,0x0,0xc82797fcb8d40c99
0x5fd13c,0x162810,20150,0x654650,0x20,0x0,0xef44200fc2bbb897
0x5fd418,0x162830,20151,0x6547b0,0x20,0x0,0x56d31d24a708b5d8
0x5fd50c,0x162850,20152,0x654910,0x20,0x0,0xdcb4968f084f6a9
0x5fd6e8,0x162870,20153,0x654a70,0x20,0x0,0xbfe07bdf6a54b253
0x5fd7cc,0x162870,20153,0x654a70,0x20,0x0,0xbfe07bdf6a54b253
0x5fd940,0x162890,20154,0x654bd0,0x20,0x0,0xe799e3dd1a47218b
0x5fd9a4,0x1628b0,20155,0x654d30,0x20,0x0,0x4463aec009da0db3
0x5fdbb0,0x1628f0,20157,0x654ff0,0x20,0x0,0x24bd5011c9f269d8
0x5fdca0,0x1623f0,20117,0x6518f0,0x20,0x0,0xa664f01dd02cc82f
0x5fdd94,0x162910,20158,0x655150,0x20,0x0,0xf1e7108c32ea914f
0x5fdf28,0x162930,20159,0x6552b0,0x20,0x0,0x913e33f0740e59b9
0x5fe050,0x162010,20086,0x64ee30,0x20,0x0,0x62f39e9988b35731
0x5fe0a8,0x162a30,20167,0x655db0,0x20,0x0,0x820281ebafab5eb5
0x5fe210,0x162b50,20176,0x656a10,0x20,0x0,0x2e81ffb0816fcec3
0x5fe378,0x162b70,20177,0x656b70,0x20,0x0,0x1323ded1ced6b367
0x5fe4e0,0x162b90,20178,0x656cd0,0x20,0x0,0xfff8775dfe97c605
0x5fe70c,0x162bb0,20179,0x656e30,0x20,0x0,0x29dd0a75809e3994
0x5fe868,0x162bd0,20180,0x656f90,0x20,0x0,0x82a01dbd543678af
0x5ff800,0x162bf0,20181,0x6570f0,0x20,0x0,0x39b05201fa48be45
0x5ff974,0x162c10,20182,0x657250,0x20,0x0,0x110fc98468a11873
0x5ffb50,0x162c30,20183,0x481764,0x3ec,0x100,0x5f6e31755ef29bd
0x5ffc20,0x162c50,20184,0x492064,0x18c,0x100,0x9d2700c8cc84d36f
0x5ffc58,0x162010,20086,0x64ee30,0x20,0x0,0x62f39e9988b35731
0x5ffcdc,0x162c90,20186,0x53f220,0xd4,0x100,0xbcfbe09ef5c5eb50
0x5ffd98,0x162cb0,20187,0x488764,0xf0,0x100,0x1379c4095163387
0x5ffe54,0x162cd0,20188,0x426e38,0x164,0x100,0xa327ad9a74d3bb57
0x5fff10,0x162cf0,20189,0x366f90,0xd8,0x100,0xd7b6aa1c59d0f1
0x5fffcc,0x162d10,20190,0x2b889c,0x34c,0x100,0x882d366a38227fcb
0x600088,0x162d30,20191,0x5bbdfc,0xf0,0x100,0xd54e35b96b2af4c
0x600144,0x162d50,20192,0x225a34,0x17c,0x100,0x3631d785f17c355e
0x600238,0x162d70,20193,0x391954,0x2a4,0x100,0x484bca5e5a924e36
0x600324,0x162d90,20194,0x605ae0,0x54,0x100,0xced898d6433743ca
0x600414,0x162db0,20195,0x28e7cc,0x54,0x100,0xd69400a8bd12fee4
0x6004fc,0x162dd0,20196,0x485e64,0x3c,0x100,0x9e4e6d520c387eed
0x6005b8,0x162df0,20197,0x429a38,0x474,0x100,0xbb3b92ac3bc6181b
0x600674,0x162e10,20198,0x2e6214,0x1cc,0x100,0xe8a7bc106b1a2f23
0x600764,0x162e30,20199,0x36cf90,0x214,0x100,0x88418dc0a5262170
0x60079c,0x162010,20086,0x64ee30,0x20,0x0,0x62f39e9988b35731
0x600820,0x162e50,20200,0x6e2498,0x2a4,0x100,0x63ab9b8da2648f7b
0x600858,0x162010,20086,0x64ee30,0x20,0x0,0x62f39e9988b35731
0x6008dc,0x162e70,20201,0x499164,0xd8,0x100,0x64cac34acef7f4b1
0x600998,0x162e90,20202,0x52b720,0x638,0x100,0xd8b9460295b309a
0x6009d0,0x162010,20086,0x64ee30,0x20,0x0,0x62f39e9988b35731
0x600a80,0x162eb0,20203,0x48dc64,0x378,0x100,0xe2f1074318210e1e
0x600b3c,0x162ed0,20204,0x417e38,0x438,0x100,0xd0b4f046271a02e3
0x600bf8,0x162ef0,20205,0x5bacfc,0x1d8,0x100,0x581790753032a314
0x600ce8,0x162f10,20206,0x5a94fc,0xc58,0x100,0xac8edcd582428a0e
0x600da4,0x162f30,20207,0x42ee38,0xb4,0x100,0x252eca32eead343b
0x600e60,0x162fb0,20211,0x6115e0,0x460,0x100,0x674006fe3f6ec2c5
0x600f48,0x162fd0,20212,0x47fb64,0x1c0,0x100,0xb17a23fcc9181fe1
0x601030,0x162ff0,20213,0x4d4344,0x1dc,0x100,0xa65b4661e89ede0b
0x601118,0x163010,20214,0x4a1064,0x5c,0x100,0x493b88b29dc63c06
0x601150,0x163010,20214,0x4a1064,0x5c,0x100,0x493b88b29dc63c06
0x6011d4,0x163030,20215,0x4cca44,0xf8,0x100,0x14b823079df58bb
0x601290,0x163050,20216,0x6072e0,0x13c,0x100,0x4a44b02725f8448
0x601380,0x163070,20217,0x49dd64,0x230,0x100,0x2bc0d04caaf981ca
0x60146c,0x163090,20218,0x4ce344,0x330,0x100,0xf35aaeb5ed32d253
0x601554,0x1630b0,20219,0x495464,0x34,0x100,0x4b74c088ee5cfe14
0x60163c,0x1630d0,20220,0x613fe0,0x30,0x100,0x6c4d794d854e5201
0x601730,0x1630f0,20221,0x6d1d74,0x3c,0x100,0x8a3264ce7f243ab3
0x601818,0x163110,20222,0x494e64,0x1c,0x100,0xb57e59154d5b38f1
0x601900,0x163130,20223,0x25c794,0x38,0x100,0x2d535dab84a9f1a4
0x6019bc,0x163150,20224,0x4c8844,0x334,0x100,0xb37ea84edbe78d0a
0x601aa8,0x163170,20225,0x4cba44,0x3e0,0x100,0xa93bcb3ead53cd43
0x601b9c,0x163190,20226,0x430d38,0x9fc,0x100,0x1115e8bf276cac58
0x601c9c,0x1631b0,20227,0x491264,0xac,0x100,0xb709680731ac69c0
0x601d8c,0x1631d0,20228,0x4cba44,0x704,0x100,0x622dce94a13c98d4
0x601e48,0x1631f0,20229,0x25e594,0x218,0x100,0x12585b0cd1994339
0x601f04,0x163210,20230,0x5bccfc,0x288,0x100,0x561e75a548e6bb1
0x602004,0x163230,20231,0x374f90,0x1438,0x100,0x641be3dd24af8bbe
0x60203c,0x163010,20214,0x4a1064,0x5c,0x100,0x493b88b29dc63c06
0x6020ec,0x163250,20232,0x6db778,0x12c,0x100,0x75bfbe1ca78cfe49
0x602124,0x163010,20214,0x4a1064,0x5c,0x100,0x493b88b29dc63c06
0x6021ec,0x163270,20233,0x371990,0xce0,0x100,0x12baf98cbcb0d5b9
0x6022ec,0x163290,20234,0x2e5c14,0xc0,0x100,0x73f2fc13f1e6dbb
0x6023e0,0x1632b0,20235,0x2ebb14,0x40,0x100,0xe23fafd36e609633
0x6024d0,0x1632d0,20236,0x65a320,0x48,0x100,0x884ed0a05a9f2516
0x6025b8,0x1632f0,20237,0x60b5e0,0x20,0x100,0xa5ec060d03b745be
0x6026a8,0x163330,20239,0x41f338,0x84,0x100,0x6b43173b8d4ea20e
0x6027a8,0x163350,20240,0x28b1cc,0x78,0x100,0x5246f92710ea1f61
0x6028a8,0x163370,20241,0x4d1244,0x10c,0x100,0x61d5bd0795510a22
0x6029a8,0x163390,20242,0x36e890,0xb38,0x100,0x93d7c2b4dfbf1197
0x602a98,0x1633b0,20243,0x539120,0x88,0x100,0x9341ca900c6fee85
0x602b98,0x1633d0,20244,0x422838,0xe68,0x100,0xb08f298b9eaca10c
0x602c80,0x1633f0,20245,0x4cd044,0x280,0x100,0x41ea92e93e914160
0x602d80,0x163410,20246,0x3a4434,0xc54,0x100,0x5c9e2df21c757e46
0x602e70,0x163430,20247,0x3ae1d0,0x70,0x100,0xd04ea69f8053c725
0x602ea8,0x163010,20214,0x4a1064,0x5c,0x100,0x493b88b29dc63c06
0x602f58,0x163450,20248,0x42e838,0x144,0x100,0x685f77030d7ec6cd
0x603048,0x163470,20249,0x691348,0x28,0x100,0xe685718bf763b33c
0x603080,0x163010,20214,0x4a1064,0x5c,0x100,0x493b88b29dc63c06
0x60313c,0x163490,20250,0x645d20,0x3cc,0x100,0xf8438e1836106c83
0x60322c,0x1634b0,20251,0x4c7c44,0x74,0x100,0x58bce098294e6ed0
0x603314,0x1634d0,20252,0x421638,0x11d0,0x100,0x9b9b3c6628148dad
0x60334c,0x163010,20214,0x4a1064,0x5c,0x100,0x493b88b29dc63c06
0x603404,0x1634f0,20253,0x2f2e14,0xb8,0x100,0x6864ba327cab93ae
0x6034ec,0x163510,20254,0x3adad0,0x30,0x100,0xd99d13d512a42c69
0x6035d8,0x163530,20255,0x2c7c6c,0x1fc,0x100,0x64b44e6d5e27a309
0x6036c8,0x163550,20256,0x260d94,0x210,0x100,0x8bf1aeb7edc4b941
0x603700,0x163010,20214,0x4a1064,0x5c,0x100,0x493b88b29dc63c06
0x6037b8,0x163570,20257,0x425e38,0x88,0x100,0x4f29c9381a28c9b3
0x60388c,0x163590,20258,0x376f90,0x1a0,0x100,0xb4af0a587a483ff3
0x603994,0x1635b0,20259,0x2e7614,0x168,0x100,0x2511604bd59575f5
0x603a9c,0x1635d0,20260,0x228834,0xbc0,0x100,0x8933844d8a236e46
0x603b58,0x1635f0,20261,0x226134,0x368,0x100,0x6c6071705d344acf
0x603c14,0x163610,20262,0x42dd38,0x190,0x100,0x6ef278f68e96d869
0x603cd0,0x163630,20263,0x316a3c,0xc0,0x100,0x3324c03b7dcfa7f9
0x603db8,0x163650,20264,0x4ccf44,0x14c,0x100,0xf07063c1ea2d752
0x603ea0,0x163670,20265,0x41c938,0x110,0x100,0xa23f23d7a3744569
0x603f5c,0x163690,20266,0x498764,0xf0,0x100,0x7613ab3b6261824b
0x604018,0x1636b0,20267,0x235308,0x388,0x100,0x48bd72e7dd08439e
0x6040d4,0x1636f0,20269,0x2927cc,0x484,0x100,0xdd8bdc2996ef885a
0x604190,0x163730,20271,0x5b8dfc,0x260,0x100,0xb9047359df5c34a5
0x604278,0x163750,20272,0x262b94,0x2b4,0x100,0xc0526cb4774f0731
0x604360,0x163770,20273,0x267194,0x70,0x100,0xa3265f463054efcd
0x60441c,0x163790,20274,0x41c038,0xa4,0x100,0x8e9813ea56b353a1
0x6044d8,0x1637f0,20277,0x486a64,0x178,0x100,0xfe1a11fe7a6ba781
0x604594,0x163850,20280,0x532720,0x200,0x100,0xbd708f7ad8934226
0x604650,0x163870,20281,0x4d8244,0x1bc,0x100,0xc5befa4b40073494
0x60470c,0x1638b0,20283,0x4d4744,0x190,0x100,0xce706df4e66c7f44
0x6047c8,0x1638f0,20285,0x5af6fc,0x168,0x100,0x92d980d5502cf774
0x604884,0x163950,20288,0x537320,0x158,0x100,0x5292aea25bfab0c
0x604940,0x163970,20289,0x234408,0x98,0x100,0xc7e4c296082ad445
0x6049fc,0x163990,20290,0x488864,0x1ac,0x100,0x60789881930e3c2
0x604afc,0x163a30,20295,0x47f264,0x1fc,0x100,0x48adf9e6e23301be
0x604bb8,0x163a50,20296,0x41cc38,0x38c,0x100,0xbcb900b01fe14964
0x604c74,0x163a90,20298,0x227834,0x2c,0x100,0x89de18baf21df47e
0x604d30,0x163bd0,20308,0x2ec314,0x78,0x100,0x9fb3f7702094a0f8
0x604dec,0x163bf0,20309,0x288bcc,0x64,0x100,0x1eec997a5aa95bd0
0x604ea8,0x163c30,20311,0x422038,0x38,0x100,0x907428f6e23abeea
0x604f64,0x163c50,20312,0x496b64,0xdc,0x100,0x389870e73173ff06
0x605020,0x163c70,20313,0x3bd698,0x3a4,0x90,0x9aa96ba0838d20b1
0x6050dc,0x163cd0,20316,0x2f3614,0xc4,0x100,0xced2e29670e50904
0x605198,0x163cf0,20317,0x369390,0x24c,0x100,0x87cc3ed2f3cbe712
0x605254,0x163d10,20318,0x52e620,0x200,0x100,0x9f5fc410d23a58da
0x605310,0x163d30,20319,0x6499a0,0xc4,0xb8,0xd0fa0c6e96df1fef
0x6053cc,0x163d50,20320,0x3a3d34,0x1c4,0x100,0x8e15098841c9614a
0x605488,0x163d70,20321,0x6bab68,0x13c,0xe0,0x115840d72c7bb508
0x605544,0x163df0,20325,0x491964,0x6c,0x100,0x61bfa3da8ecaa70f
0x605600,0x163f10,20334,0x226f34,0x54,0x100,0xd36f1f14841d043f
0x6056bc,0x163f50,20336,0x5b0efc,0x300,0x100,0x1980537f05b94dc
0x605778,0x163f70,20337,0x53b220,0x1dc,0x100,0xadc5e506f7c4f605
0x6057b0,0x163010,20214,0x4a1064,0x5c,0x100,0x493b88b29dc63c06
0x605834,0x164030,20343,0x227334,0x190,0x100,0x5ac483b99353c39
0x6058f0,0x164050,20344,0x36c890,0x34,0x100,0xeb2d7213e62bb865
0x6059ac,0x1640f0,20349,0x6cb9c8,0x290,0x100,0xf6c02d434ecafe21
0x605a68,0x164170,20353,0x367890,0x98,0x100,0x33cf77ed73d8fe4
0x605b24,0x1641b0,20355,0x259894,0xb8,0x100,0x323cd4f117029f22
0x605be0,0x164210,20358,0x423038,0x17c,0x100,0x572e10f0d84e1227
0x605c9c,0x164230,20359,0x5ffae0,0x5c,0x100,0xa66cec326624ae99
0x605d58,0x1642f0,20365,0x6039e0,0x150,0x100,0xe153d73625b6d899
0x605e40,0x164390,20370,0x49c764,0x2c,0x100,0x659766b52bb93384
0x605efc,0x164450,20376,0x4dc144,0xd8,0x48,0x47e304e784e629b1
0x605f34,0x164010,20342,0x377490,0xb8,0x100,0xcce02b08b8c483a
0x605fb8,0x164490,20378,0x2907cc,0x370,0x100,0xd2ffd29e8e20bef5
0x606074,0x1644b0,20379,0x267e94,0x70,0x100,0xc232adf9a1090259
0x606130,0x1644f0,20381,0x42d838,0x284,0x100,0x23e6cbf08e2cc87
0x6061ec,0x164510,20382,0x25f294,0x1e0,0x100,0xae35783369ff9ac9
0x6062a8,0x164530,20383,0x429638,0x13c,0x100,0xebec3e6a7302be00
0x606364,0x1645f0,20389,0x365890,0x94,0x100,0xc53cdeff0786a59c
0x606420,0x164610,20390,0x68ced0,0x120,0x100,0xeb0e860650ad0062
0x606458,0x164010,20342,0x377490,0xb8,0x100,0xcce02b08b8c483a
0x6064dc,0x164630,20391,0x493864,0x1bc,0x100,0x10fee55bab18e37b
0x606598,0x1646b0,20395,0x6171e0,0xa4,0x28,0x6005438029a0139b
0x6065d0,0x164010,20342,0x377490,0xb8,0x100,0xcce02b08b8c483a
0x606654,0x164890,20410,0x2922cc,0x80,0x100,0xd3355528f375851e
0x606710,0x1649b0,20419,0x6c441c,0x180,0x100,0x1d1d706cb99a0d85
0x6067cc,0x164a30,20423,0x651150,0x258,0x100,0x1bcc484bbb1d403
0x606888,0x164a90,20426,0x531b20,0x148,0x100,0xc4bd503dedcab91c
0x606944,0x164b70,20433,0x25a394,0x348,0x100,0x9cc977b0820bec8e
0x60697c,0x164010,20342,0x377490,0xb8,0x100,0xcce02b08b8c483a
0x606a00,0x164bd0,20436,0x202454,0xa0,0x100,0x7d6291f562027524
0x606abc,0x164c30,20439,0x368d90,0x3ac,0x100,0x6181f4d09100ea87
0x606b78,0x164c50,20440,0x377290,0x9c,0x100,0x17642974ef10af06
0x606c34,0x164c70,20441,0x52a520,0x1d8,0x100,0x4b783cb892546183
0x606cf0,0x164ef0,20461,0x2f0714,0x1c4,0x100,0xad1f59010147e65d
0x606de0,0x164f70,20465,0x370790,0x98,0x100,0x7b861c1ec1c96e6d
0x606e9c,0x164f90,20466,0x25c494,0xdc,0x100,0xb41127ae3adcbf4f
0x606f58,0x164fb0,20467,0x41e238,0x3d0,0x100,0x47aeb030f5798c1b
0x607014,0x164fd0,20468,0x4d1b44,0x270,0x100,0x9aa895fcf0245d65
0x6070d0,0x164ff0,20469,0x366a90,0x88,0x100,0x6fd93f323e1e6ad9
0x60718c,0x165010,20470,0x41aa38,0x2e8,0x100,0xaef70df7ff8535ef
0x607248,0x165030,20471,0x419338,0x12c,0x100,0xa9879f398e2221be
0x607304,0x165050,20472,0x5b43fc,0x160,0x100,0x252876b2dd57739a
0x60733c,0x165010,20470,0x41aa38,0x2e8,0x100,0xaef70df7ff8535ef
0x6073c0,0x165070,20473,0x4da444,0xb0,0x100,0x17ad3755f40cc7c3
0x60747c,0x165090,20474,0x496b64,0x164,0x100,0x881f25201b5592f2
0x607538,0x1650b0,20475,0x2ee314,0x148,0x100,0x4ceb635563caca2e
0x6075f4,0x1650d0,20476,0x2e6f14,0xb4,0x100,0xe83d51d5e4f932af
0x6076b0,0x1650f0,20477,0x314d3c,0x84,0x100,0x8bbdf57cbad6f661
0x60776c,0x165110,20478,0x2ef214,0x180,0x100,0x577f0656ca50c110
0x607828,0x165130,20479,0x68e964,0x118,0xb8,0xbe00fbe226f6d258
0x6078e4,0x165150,20480,0x539a20,0xa4,0x100,0x9d72b1f1c0b91a9c
0x6079a0,0x165170,20481,0x52b920,0xdc,0x100,0x5e3ab6a4a2d7664f
0x607a5c,0x165190,20482,0x48be64,0x10c,0x100,0xddfab04b40afcbbe
0x607a94,0x165010,20470,0x41aa38,0x2e8,0x100,0xaef70df7ff8535ef
0x607b18,0x1651f0,20485,0x2f4114,0x170,0x100,0x732478852fecc6d6
0x607bd4,0x165210,20486,0x47f164,0xb4,0x100,0x272c03abd76318c7
0x607c90,0x165230,20487,0x2eb314,0x17c,0x100,0x5bfa120874a225f2
0x607d4c,0x1652b0,20491,0x536920,0x1d0,0x100,0x4173683d76fe894
0x607e08,0x1652f0,20493,0x5be9fc,0xe4,0x100,0xda0aaf7daffb6bbe
0x607ec4,0x165310,20494,0x53c420,0xe4,0x100,0xf32b515c4a64cedd
0x607f80,0x165350,20496,0x55864c,0x260,0x100,0x6c267493e7b768a3
0x607fb8,0x165010,20470,0x41aa38,0x2e8,0x100,0xaef70df7ff8535ef
0x60803c,0x1653f0,20501,0x2ea614,0xe8,0x100,0x77df98b3b00896
0x6080f8,0x165490,20506,0x28d6cc,0x94,0x100,0x3ac8498393de3464
0x6081b4,0x1655f0,20517,0x485a64,0x7c,0x100,0x54f3d32f0c3607e2
0x608270,0x165670,20521,0x424838,0x250,0x100,0x5e55d41fdcc3a9db
0x60832c,0x165690,20522,0x62f2e0,0x280,0x100,0xa829ec352d6e855d
0x608364,0x165010,20470,0x41aa38,0x2e8,0x100,0xaef70df7ff8535ef
0x6083e8,0x1656b0,20523,0x4c7844,0x21c,0x100,0xd449af49c107bff3
0x6084a4,0x1656d0,20524,0x369290,0x22c,0x100,0x74b7107ce6135344
0x608560,0x1656f0,20525,0x22c134,0x340,0x100,0x69f2bdb2acac1f79
0x60861c,0x165750,20528,0x229a34,0x20c,0x100,0x907f3224c4863e8d
0x6086d8,0x165770,20529,0x63600c,0x21c,0x100,0x34ce994023fb7052
0x608794,0x165890,20538,0x227e34,0x1a8,0x100,0xdbdd0b4164120882
0x608850,0x165930,20543,0x64fc50,0xe4,0x100,0x595f9b47dab80366
0x608968,0x165b50,20560,0x52f520,0x170,0x100,0x30b37b2cd882fc60
0x608a5c,0x165b70,20561,0x366190,0xa98,0x100,0xe6e03833ee77e73d
0x608b4c,0x165b90,20562,0x5b63fc,0x8d4,0x100,0xa851d947266a4af
0x608c34,0x165bb0,20563,0x418038,0x34,0x100,0x2978789267285694
0x608d38,0x165bd0,20564,0x3a4034,0x48,0x100,0xc0b361b771461d3c
0x608e38,0x165bf0,20565,0x2f0514,0x7ac,0x100,0xf77aaf063bd0997a
0x608f20,0x165c10,20566,0x49b464,0x70,0x100,0x3310f7fe9ee40bae
0x608fdc,0x165c30,20567,0x4ce444,0x90,0x100,0xb9b340cd802ebc18
0x609098,0x165c50,20568,0x3af0d0,0x94,0x100,0x5fbe70194144f4c8
0x609180,0x165c70,20569,0x31123c,0x2ec,0x100,0x9b2b90f92dc6227a
0x60923c,0x165c90,20570,0x498364,0x60,0x100,0x4eb8b7d18989d7a
0x6092f8,0x165cb0,20571,0x235208,0x1ac,0x100,0x14f0d19bf6d4f4ee
0x6093b4,0x165cd0,20572,0x6111e0,0x70,0x100,0x2219bce8e6fd28c0
0x609470,0x165cf0,20573,0x2f4614,0x124,0x100,0xb3c81125f5fefb80
0x60952c,0x165d10,20574,0x376d90,0xb0,0x100,0xa75991645236fd85
0x6095e8,0x165d30,20575,0x5af3fc,0xb4,0x100,0x5af8d75bceb79120
0x6096a4,0x165d50,20576,0x223b34,0x1b8,0x100,0x530043858f15e1aa
0x609794,0x165d70,20577,0x28bfcc,0x68,0x100,0xb8bf4a1b7688adf4
0x60987c,0x165d90,20578,0x5b3bfc,0x4c,0x100,0x2ec595a9164a79ce
0x609964,0x165db0,20579,0x28abcc,0x44,0x100,0x976f59a45596a6ac
0x609a20,0x165dd0,20580,0x368290,0x94c,0x100,0x90845204ff40bd8e
0x609adc,0x166010,20598,0x4cec44,0xd4,0x100,0x2427727eecd69455
0x609bac,0x1660b0,20603,0x422638,0x178,0x100,0xe662e6597be09198
0x609c68,0x1661f0,20613,0x48df64,0x420,0x100,0x906241d7576a805e
0x609d24,0x166210,20614,0x5a87fc,0x138,0x100,0xe8298c63827e8312
0x609de0,0x166370,20625,0x41f738,0x51c,0x100,0x6a272f0d120a520f
0x609e9c,0x166390,20626,0x427c38,0x2b8,0x100,0xe60453813a13d5aa
0x609ed4,0x166010,20598,0x4cec44,0xd4,0x100,0x2427727eecd69455
0x609f58,0x1664f0,20637,0x225334,0xf0,0x100,0x1625c2d19a96f6de
0x60a014,0x166750,20656,0x52e220,0x8c,0x100,0xfe5302711ba9a9e6
0x60a0d0,0x1667d0,20660,0x227834,0x190,0x100,0xa6b6d15e5063d4dc
0x60a18c,0x166830,20663,0x4d9e44,0x15c,0x100,0x3061222fdb4acde2
0x60a248,0x166890,20666,0x60e7e0,0x160,0x100,0x9b44b2b74cafef8f
0x60a304,0x1668d0,20668,0x265f94,0x404,0x100,0xbc1e18bffa183392
0x60a3c0,0x166af0,20685,0x28eacc,0xb8,0x100,0xabb42b8d5a8d746d
0x60a47c,0x166b10,20686,0x2e4014,0x258,0x100,0x1ffae5cb49aecb99
0x60a538,0x166b30,20687,0x4c9044,0x338,0x100,0xeec4786c63bb3d99
0x60a5f4,0x166b50,20688,0x52b020,0x190,0x100,0x678b1569c66bf28b
0x60a62c,0x166010,20598,0x4cec44,0xd4,0x100,0x2427727eecd69455
0x60a6b0,0x166b70,20689,0x25e694,0x3e0,0x100,0x89fe6e362ccd19c2
0x60a76c,0x166b90,20690,0x28dacc,0x3b4,0x100,0xdd2194341b3170f6
0x60a828,0x166bb0,20691,0x26dc00,0x34c,0x100,0x104639219bd2c306
0x60a8e4,0x166bd0,20692,0x41f938,0x404,0x100,0x8bd5951f379c2f2c
0x60a9a0,0x166bf0,20693,0x30066c,0x340,0x100,0x4fe1453dc3b87f4d
0x60aa5c,0x166c10,20694,0x60e0e0,0xdc,0x100,0xd0a33e6f2eba5acc
0x60ab18,0x166c30,20695,0x4dbe44,0x558,0x100,0x9d8af5f7c5db162e
0x60abd4,0x166c50,20696,0x379590,0x3f4,0xc0,0x4c4bfe2096f1dee
0x60ac90,0x166c70,20697,0x2e8a14,0xa4,0x100,0xe532e8cbfe0649f7
0x60ad78,0x166c90,20698,0x535e20,0x64,0x100,0x192f119833ce468
0x60ae60,0x166cb0,20699,0x3ae3d0,0xca8,0x100,0x339e0fd8ee1c481c
0x60af50,0x166cd0,20700,0x537e20,0x4fc,0x100,0x2a331eb84a03f973
0x60b038,0x166cf0,20701,0x5b48fc,0xdc,0x100,0x531332ac63d638ed
0x60b120,0x166d10,20702,0x41af38,0x34c,0x100,0x200802e4116c85f
0x60b23c,0x166d30,20703,0x4d5b44,0x3d0,0x100,0x61b003bd76bac1df
0x60b324,0x166d70,20705,0x429d38,0x20,0x100,0x19d668457e96b711
0x60b3e0,0x166d90,20706,0x31203c,0x414,0x100,0x6fc036b8d4e0164d
0x60b49c,0x166db0,20707,0x226834,0x330,0x100,0x4c450b8bdb473e41
0x60b558,0x166dd0,20708,0x432838,0x294,0x100,0x712189e9c22926a9
0x60b590,0x166010,20598,0x4cec44,0xd4,0x100,0x2427727eecd69455
0x60b614,0x166df0,20709,0x3a4534,0x210,0x100,0xdae14d21e62083e
0x60b6d0,0x166e10,20710,0x6118e0,0x194,0x100,0x6d3ea71d14734ff1
0x60b78c,0x166e30,20711,0x68d5d0,0x1fc,0x100,0x46d9413c15bfaea1
0x60b848,0x166e50,20712,0x2e4914,0x2b8,0x100,0x8704b9dadad9e08a
0x60b904,0x166e70,20713,0x36aa90,0x16c,0x100,0xd8acfb2ea48aac94
0x60b9c0,0x166e90,20714,0x36fc90,0x2a4,0x100,0xd4d771683456ffb2
0x60ba7c,0x166eb0,20715,0x2f3414,0x1a8,0x100,0x8f62c8e27f168205
0x60bb38,0x166ed0,20716,0x264b94,0x2a4,0x100,0x5238e167ec13a4b5
0x60bbf4,0x166ef0,20717,0x22a334,0x1b0,0x100,0x71eae2eb32af72e1
0x60bcb0,0x166f10,20718,0x3b6174,0x174,0x100,0x7f1ff6995ac4f210
0x60bd6c,0x166f30,20719,0x55c54c,0x16c,0x100,0x1fe2fe96c920262
0x60be28,0x166f50,20720,0x4d4444,0x2e8,0x100,0x8c4acf2c245023cb
0x60bee4,0x166f70,20721,0x53f620,0x280,0xd0,0xd487464aeaa19487
0x60bfa0,0x166f90,20722,0x4db444,0x334,0x100,0xb0a1f06794ce87bf
0x60c05c,0x166fb0,20723,0x42f438,0x2e0,0x100,0x9ecffccbe82ae537
0x60c118,0x166fd0,20724,0x2f0c14,0x34c,0x100,0xf40b32372c20791b
0x60c1d4,0x166ff0,20725,0x31403c,0x390,0x100,0x84cdcb3b710cca02
0x60c290,0x167010,20726,0x4d0144,0x184,0x100,0x6908ce8ce39a684e
0x60c34c,0x167030,20727,0x3ad5d0,0x4a4,0x100,0xeea1d73a96354e0f
0x60c408,0x167050,20728,0x2efb14,0x250,0x100,0x8723d011f9c2f279
0x60c4c4,0x167070,20729,0x490064,0x46c,0x100,0xfbd1ad21aa8be3a5
0x60c580,0x167090,20730,0x417f38,0x454,0x100,0x2771bdb7466dedcc
0x60c63c,0x1670b0,20731,0x480764,0x1ac,0x100,0x2f04a012f61443e9
0x60c6f8,0x1670d0,20732,0x539320,0x29c,0x100,0x57f857fa05ad87ac
0x60c7b4,0x1670f0,20733,0x488a64,0x1e0,0x100,0x4cf38365791265ea
0x60c870,0x167110,20734,0x5afefc,0x254,0x100,0x7cd0f001124901d7
0x60c92c,0x167130,20735,0x5a9ffc,0x2f8,0x100,0xdb6c7f6487d39ff2
0x60c9e8,0x167150,20736,0x425c38,0x66c,0x100,0x22c2465d86347aff
0x60caa4,0x167170,20737,0x489164,0x350,0x100,0xc9558dea928afd62
0x60cb60,0x167190,20738,0x371e90,0x2e0,0x100,0x3c166d5e0f9c1ced
0x60cc1c,0x1671b0,20739,0x53c020,0x28c,0x100,0x8cfa672385b72d62
0x60ccd8,0x1671d0,20740,0x2f1514,0x238,0x100,0x47fb0d161df076c3
0x60cd10,0x167010,20726,0x4d0144,0x184,0x100,0x6908ce8ce39a684e
0x60cd94,0x1671f0,20741,0x397a54,0x214,0x100,0x663337fa1a74bfd8
0x60ce50,0x167210,20742,0x52a320,0x278,0x100,0xa774a12a0bee2a07
0x60cf0c,0x167230,20743,0x42c238,0x26c,0x100,0x558219dcd36b12e8
0x60cfc8,0x167250,20744,0x22a034,0x234,0x100,0x83e668c8715fec5b
0x60d084,0x167270,20745,0x437590,0x150,0x30,0x5ee7e270d1a93ab0
0x60d140,0x167290,20746,0x491764,0x2c0,0x100,0xa6c71c2afa9bac3d
0x60d1fc,0x1672b0,20747,0x48a764,0x220,0x100,0x6855af3c45f61a72
0x60d2b8,0x1672d0,20748,0x52a320,0x630,0x100,0x6bd5b8a810e8bec7
0x60d2f0,0x167010,20726,0x4d0144,0x184,0x100,0x6908ce8ce39a684e
0x60d374,0x1672f0,20749,0x48ee64,0x330,0x100,0x52a06e3bbe7a1b54
0x60d430,0x167310,20750,0x425238,0x39c,0x100,0xd8c86502a390f979
0x60d4ec,0x167330,20751,0x60a4e0,0x1b8,0x100,0x50216ff6e530acbb
0x60d524,0x167010,20726,0x4d0144,0x184,0x100,0x6908ce8ce39a684e
0x60d5a8,0x167350,20752,0x6159e0,0x254,0x100,0xeb72762818b2e8ef
0x60d5e0,0x167010,20726,0x4d0144,0x184,0x100,0x6908ce8ce39a684e
0x60d664,0x167370,20753,0x2019d0,0x3d8,0x60,0x9d36ddbe4e6e2785
0x60d720,0x167390,20754,0x52f820,0x60c,0x100,0xf6f471916e9b9572
0x60d7dc,0x1673b0,20755,0x2ee314,0x2ec,0x100,0x3f0e808ff4e36461
0x60d898,0x1673d0,20756,0x48e264,0x2d4,0x100,0x6999fb03c72a91d5
0x60d954,0x1673f0,20757,0x366090,0x250,0x100,0xe633d94b506b75eb
0x60da10,0x167410,20758,0x55de4c,0x1a8,0x100,0x1659922b5062974d
0x60da48,0x167010,20726,0x4d0144,0x184,0x100,0x6908ce8ce39a684e
0x60dacc,0x167430,20759,0x317b3c,0x2e8,0x100,0x4aa3fdcfd88e20e3
0x60db04,0x167010,20726,0x4d0144,0x184,0x100,0x6908ce8ce39a684e
0x60db88,0x167450,20760,0x25fe94,0xe0,0x100,0xd92b030ec1222414
0x60dc44,0x167470,20761,0x493364,0x170,0x100,0x7f1b0a503a48feff
0x60dc7c,0x167010,20726,0x4d0144,0x184,0x100,0x6908ce8ce39a684e
0x60dd00,0x167490,20762,0x52e120,0x4e4,0x100,0xa19127863f8b1278
0x60dd38,0x167010,20726,0x4d0144,0x184,0x100,0x6908ce8ce39a684e
0x60ddbc,0x1674b0,20763,0x314e3c,0x630,0x100,0x45224129b947c0ce
0x60de78,0x1674d0,20764,0x47f464,0x268,0x100,0xfecb51bab96b5395
0x60df34,0x1674f0,20765,0x602de0,0xdc,0x100,0x636b98b68342671a
0x60dff0,0x167510,20766,0x538e20,0x368,0x100,0xc7abb486fbaffa80
0x60e0ac,0x167530,20767,0x227534,0x158,0x100,0x414dbfb711643994
0x60e0e4,0x167010,20726,0x4d0144,0x184,0x100,0x6908ce8ce39a684e
0x60e168,0x167550,20768,0x498964,0x124,0x100,0x641e4fd8252980cc
0x60e224,0x167570,20769,0x499264,0x1cc,0x100,0x985c8ba2e22e2891
0x60e2e0,0x167590,20770,0x3b6a74,0xc0,0x100,0x1e1cf38233acd29d
0x60e39c,0x1675b0,20771,0x650c50,0x138,0x100,0x6dcfbd83ba961f29
0x60e458,0x1675d0,20772,0x48b264,0x118,0x100,0x8aa7cc8f4b854687
0x60e514,0x1675f0,20773,0x394554,0x180,0x100,0x96e73a2e65c38f3b
0x60e5d0,0x167610,20774,0x2f3514,0x210,0x100,0x362db5d951f3fe16
0x60e68c,0x167630,20775,0x259694,0x238,0x100,0x47f2e2496d5d4441
0x60e748,0x167650,20776,0x533b20,0x80,0x100,0x23cac604d059e4db
0x60e804,0x167670,20777,0x430038,0x1f0,0x100,0x50f6d5f2340943e1
0x60e8c0,0x167690,20778,0x4c9944,0x44,0x100,0x4844ccb8ddfda09e
0x60e9b0,0x1676b0,20779,0x41a838,0x2bc,0x100,0x761c08865f5fea6e
0x60ea6c,0x1676d0,20780,0x55834c,0x450,0x100,0xaf5b603e92750a36
0x60eaa4,0x167010,20726,0x4d0144,0x184,0x100,0x6908ce8ce39a684e
0x60eb28,0x1676f0,20781,0x292ccc,0xf0,0x100,0xc0c67dc1b84ff64a
0x60ebe4,0x167710,20782,0x49f064,0x548,0x100,0x83a2456e672359df
0x60eca0,0x167730,20783,0x36fe90,0xe0,0x100,0x33ca5ec122c2c91c
0x60ed5c,0x167750,20784,0x291ecc,0x3e4,0x100,0x7c4b411ca975fe0
0x60ee18,0x167770,20785,0x537c20,0xb8,0x100,0x14cef5a28aa8488f
0x60eed4,0x167790,20786,0x48fd64,0x34c,0x100,0xf9ee338ea40f9d56
0x60efbc,0x1677b0,20787,0x64fe50,0x54,0x88,0xca94b2b6de59474f
0x60f0a4,0x1677d0,20788,0x22ca4c,0xbf8,0x100,0xd24aaf39c7eeabc7
0x60f0dc,0x167010,20726,0x4d0144,0x184,0x100,0x6908ce8ce39a684e
0x60f194,0x1677f0,20789,0x489864,0x40c,0x100,0x845c5cf28e441d6b
0x60f27c,0x167810,20790,0x41f538,0x50,0x100,0xdaf9fc1f398b3b21
0x60f364,0x167830,20791,0x41f438,0x2e4,0x100,0x2821e9316a1bef0e
0x60f458,0x167850,20792,0x5acbfc,0x2b0,0x100,0x333af7939a06fd26
0x60f540,0x167890,20794,0x372090,0x20,0x100,0x9bb40b88a23cc5ee
0x60f5fc,0x1678b0,20795,0x534820,0x62c,0x100,0x944424ecc4328ed6
0x60f6b8,0x1678d0,20796,0x433138,0x244,0x100,0x1e9b9b71bb17ec0
0x60f774,0x1678f0,20797,0x28e6cc,0x2d0,0x100,0x987b4d8656bc36d2
0x60f7ac,0x167010,20726,0x4d0144,0x184,0x100,0x6908ce8ce39a684e
0x60f830,0x167910,20798,0x483764,0x2c8,0x100,0xa91acaaf3b49dc08
0x60f868,0x167010,20726,0x4d0144,0x184,0x100,0x6908ce8ce39a684e
0x60f8ec,0x167930,20799,0x36b090,0x248,0x100,0xe72c970a6cd4d2ac
0x60f9a8,0x167950,20800,0x369590,0x288,0x100,0x40c6d9233fde8783
0x60fa64,0x167970,20801,0x48f264,0x210,0x100,0x52ef1a2b518ebd5a
0x60fb20,0x167990,20802,0x492264,0x2c0,0x100,0x35ae3bf8f613e7d8
0x60fbdc,0x1679b0,20803,0x2f1e14,0x1b0,0x100,0x70ea4927a2e25af7
0x60fc98,0x1679d0,20804,0x4c8544,0x2f8,0x100,0x780ff7cf9f339643
0x60fcd0,0x167010,20726,0x4d0144,0x184,0x100,0x6908ce8ce39a684e
0x60fd54,0x1679f0,20805,0x3ac8d0,0x18c,0x100,0x76d82212f31f208f
0x60fd8c,0x167010,20726,0x4d0144,0x184,0x100,0x6908ce8ce39a684e
0x60fe10,0x167a10,20806,0x6ae4c4,0x164,0x100,0x81bcb6ed99357461
0x60fe48,0x167010,20726,0x4d0144,0x184,0x100,0x6908ce8ce39a684e
0x60fecc,0x167a30,20807,0x4a1a64,0x1cc,0x100,0x5a21da8bc93e2231
0x60ff88,0x167a50,20808,0x5b4bfc,0x1c8,0x100,0x3821e8ce41c04fd7
0x610044,0x167a70,20809,0x264294,0x170,0x100,0xc947152816eecfbe
0x610100,0x167a90,20810,0x28c2cc,0x208,0x100,0xbd486470eee254ff
0x6101bc,0x167ab0,20811,0x5b62fc,0x258,0x100,0xcb1ef0b6dc9b330f
0x610278,0x167ad0,20812,0x398754,0x2f0,0x100,0x953a5cb720918b7b
0x6102b0,0x167010,20726,0x4d0144,0x184,0x100,0x6908ce8ce39a684e
0x610334,0x167af0,20813,0x488764,0x340,0x100,0x5b745ee24cd6a373
0x6103f0,0x167b10,20814,0x48da64,0x368,0x100,0xc895b32f703aac84
0x6104ac,0x167b30,20815,0x49cc64,0x3b4,0x100,0x9a4c71f6a029161
0x6104e4,0x167010,20726,0x4d0144,0x184,0x100,0x6908ce8ce39a684e
0x610568,0x167b50,20816,0x4ce244,0x328,0x100,0x9638dd14c738c1c1
0x610624,0x167b70,20817,0x603fe0,0x2ac,0x100,0x19b74d5fae2c3eba
0x6106e0,0x167b90,20818,0x377590,0x44c,0x100,0x802215737b944ad
0x61079c,0x167bb0,20819,0x535120,0x4b8,0x100,0x70bcefba56ae9fe2
0x6107d4,0x167010,20726,0x4d0144,0x184,0x100,0x6908ce8ce39a684e
0x610858,0x167bd0,20820,0x530920,0x250,0x100,0x95d054107eafeae7
0x610890,0x167010,20726,0x4d0144,0x184,0x100,0x6908ce8ce39a684e
0x610914,0x167bf0,20821,0x42c638,0x20c,0x100,0x293f3a260cd770ba
0x61094c,0x167010,20726,0x4d0144,0x184,0x100,0x6908ce8ce39a684e
0x6109d0,0x167c10,20822,0x613ee0,0x208,0x100,0xb306c3c8ca6d185d
0x610a8c,0x167c30,20823,0x49d164,0x324,0x100,0x7cd78970a1ab413a
0x610b48,0x167c50,20824,0x399354,0x1d8,0x100,0x2848ca35f0447712
0x610b80,0x167010,20726,0x4d0144,0x184,0x100,0x6908ce8ce39a684e
0x610c04,0x167c70,20825,0x2f4514,0x28c,0x100,0x89158c5fe7335733
0x610c3c,0x167010,20726,0x4d0144,0x184,0x100,0x6908ce8ce39a684e
0x610cc0,0x167c90,20826,0x2f1e14,0x31c,0x100,0x4160d6569f94d70
0x610d7c,0x167cb0,20827,0x2ec214,0x5a4,0x100,0x3561edb1335b550b
0x610e38,0x167cd0,20828,0x55e94c,0x2ac,0x100,0xc0da271a198578a
0x610ef4,0x167cf0,20829,0x4c9044,0x238,0x100,0x3218f5114fb0ee3f
0x610fb0,0x167d10,20830,0x53a420,0x39c,0x100,0x9b14853922a9b96a
0x61106c,0x167d30,20831,0x424b38,0x1a8,0x100,0xb9d8f788b89599bf
0x611128,0x167d50,20832,0x25f194,0x384,0x100,0xb1342a26ea2fa1f5
0x611160,0x167010,20726,0x4d0144,0x184,0x100,0x6908ce8ce39a684e
0x6111e4,0x167d70,20833,0x53b920,0x20c,0x100,0xbd31999cae2b24c9
0x6112a0,0x167d90,20834,0x4d4c44,0x1e4,0x100,0x8c1ffe7c1bb5ae43
0x61135c,0x167db0,20835,0x556c4c,0x20c,0x100,0xef6ae8648cbc8cac
0x611394,0x167010,20726,0x4d0144,0x184,0x100,0x6908ce8ce39a684e
0x611418,0x167dd0,20836,0x428838,0x13c,0x100,0x58f5996d9b1396fb
0x6114d4,0x167df0,20837,0x218eec,0x2e8,0x100,0xc9a9a21857b308d9
0x611590,0x167e10,20838,0x53a220,0x2d0,0x100,0x6223d03ce9c5f4ec
0x61164c,0x167e30,20839,0x4d3644,0x75c,0x100,0x3e6b1c6c29b91ed9
0x611708,0x167e50,20840,0x25f594,0x31c,0x100,0xee450f6fc3bba64b
0x6117c4,0x167e70,20841,0x537f20,0x318,0x100,0x38062d4152e3fb7a
0x611880,0x167e90,20842,0x53ac20,0x278,0x100,0x35e1061b8bc981b4
0x61193c,0x167eb0,20843,0x69bc0c,0x300,0x100,0xcb7dadfd2f804da0
0x6119f8,0x167ed0,20844,0x480a64,0x3b8,0x100,0xeaa508f3ef05f4d2
0x611ab4,0x167ef0,20845,0x376490,0x438,0x100,0x9e9dcaa5d6c210c7
0x611b70,0x167f10,20846,0x3a4b34,0x630,0x100,0x4a3da117a9c7469a
0x611c2c,0x167f30,20847,0x533c20,0x328,0x100,0x680b4ad3cf35ee9
0x611c64,0x167010,20726,0x4d0144,0x184,0x100,0x6908ce8ce39a684e
0x611ce8,0x167f50,20848,0x492764,0x34c,0x100,0x85b166e07f2da34b
0x611da4,0x167f70,20849,0x2eba14,0x1a0,0x100,0x15d2894109c5a556
0x611e60,0x167f90,20850,0x431038,0x228,0x100,0x38711de73419f24c
0x611f1c,0x167fb0,20851,0x25c294,0x200,0x100,0x44d9970090df412f
0x611fd8,0x167fd0,20852,0x398b54,0xe0,0x100,0xa8488cfb2f359d0a
0x612094,0x167ff0,20853,0x613be0,0x260,0x100,0x94de7547a38d94f1
0x6120cc,0x167010,20726,0x4d0144,0x184,0x100,0x6908ce8ce39a684e
0x612150,0x168010,20854,0x53c520,0x2b4,0x100,0x68ecd4d0b681e8b7
0x61220c,0x168030,20855,0x430138,0x2cc,0x100,0xf53d7766f3407eaf
0x6122c8,0x168050,20856,0x379090,0x398,0x100,0xc70591f7774bde3
0x612384,0x168070,20857,0x42ce38,0xc8,0x100,0xd28e46d8bbefe3f
0x6123bc,0x168010,20854,0x53c520,0x2b4,0x100,0x68ecd4d0b681e8b7
0x612440,0x168090,20858,0x36ec90,0x3f0,0x100,0x634bcf83ed55e16a
0x612528,0x1680b0,20859,0x41ad38,0x3c,0x100,0x412f6e8c71e05a4b
0x612560,0x168010,20854,0x53c520,0x2b4,0x100,0x68ecd4d0b681e8b7
0x6125e4,0x1680d0,20860,0x607de0,0x1a4,0x100,0xc6923a0ad3fd0532
0x6126a0,0x1680f0,20861,0x28f5cc,0x50,0x100,0x68aa6962026d0140
0x612788,0x168110,20862,0x2f3314,0x168,0x100,0x94751bbc126bc4b1
0x612844,0x168130,20863,0x53cd20,0x1ac,0x100,0x97a24e37ff38a8d9
0x61292c,0x168170,20865,0x22a334,0x70,0x100,0x92537f6742921a3f
0x612a1c,0x1681d0,20868,0x60a2e0,0x40c,0x100,0x81a34ef4fa257ca2
0x612ad8,0x1681f0,20869,0x492564,0x4c0,0x100,0x2682540ba8a09db0
0x612b10,0x168010,20854,0x53c520,0x2b4,0x100,0x68ecd4d0b681e8b7
0x612b94,0x168210,20870,0x433138,0xe4,0x100,0x2ddeb448b063c89b
0x612c50,0x168230,20871,0x4d7144,0x50c,0x100,0xcd5f7b5e1f2a942a
0x612d0c,0x168250,20872,0x538b20,0xd4,0x100,0x1ffd7684aa518f1a
0x612dc8,0x168270,20873,0x370290,0xe0,0x100,0x25f8ec22a7cae05
0x612e84,0x168290,20874,0x2916cc,0x38c,0x100,0x892b7cf282ea5c59
0x612f6c,0x1682b0,20875,0x4d0b44,0x60,0x100,0x1723ba9b239b23a6
0x613054,0x1682d0,20876,0x4caa44,0xc40,0x100,0xb8614024a447e027
0x613144,0x1682f0,20877,0x227634,0x544,0x100,0x9215197bcbeae202
0x61322c,0x168310,20878,0x226e34,0xdc,0x100,0xf84215763767a9d7
0x613314,0x168330,20879,0x648fd4,0x328,0x100,0x5c874f9143abe3c7
0x613408,0x168350,20880,0x419638,0x230,0x100,0xf46bfe0e5d8c261e
0x613440,0x168010,20854,0x53c520,0x2b4,0x100,0x68ecd4d0b681e8b7
0x6134c4,0x168370,20881,0x2f0a14,0x620,0x100,0xd110c3b9963c967a
0x613580,0x168390,20882,0x52ec20,0x38c,0x100,0x2003ed8c29aab607
0x61363c,0x1683b0,20883,0x667f48,0x2d0,0x100,0xaf933e5d58aa663e
0x6136f8,0x1683d0,20884,0x53b620,0x1c0,0x100,0xdf0884f60d7c9619
0x6137b4,0x1683f0,20885,0x421c38,0x318,0x100,0xfc8ff17741fc7d23
0x6137ec,0x168010,20854,0x53c520,0x2b4,0x100,0x68ecd4d0b681e8b7
0x613870,0x168410,20886,0x4ce644,0x23c,0x100,0x264162256d39c4bf
0x61392c,0x168430,20887,0x427d38,0x2b4,0x100,0xcc66332a84b37a1a
0x6139e8,0x168450,20888,0x3ac9d0,0x27c,0x100,0x216134f959d11f32
0x613aa4,0x168470,20889,0x429138,0xdc,0x100,0xe648574fa1c3756
0x613b60,0x168490,20890,0x6cbdc8,0x310,0x100,0x6c2397406004f583
0x613c1c,0x1684b0,20891,0x52b120,0x350,0x100,0x18476be591de84a9
0x613cd8,0x1684d0,20892,0x55924c,0x408,0x100,0x9c2b26c54033c09
0x613d10,0x168010,20854,0x53c520,0x2b4,0x100,0x68ecd4d0b681e8b7
0x613d94,0x1684f0,20893,0x423e38,0x20c,0x100,0xf4e80f2b6875a69d
0x613dcc,0x168010,20854,0x53c520,0x2b4,0x100,0x68ecd4d0b681e8b7
0x613e50,0x168510,20894,0x2918cc,0x318,0x100,0x6c8350ffcf09da9c
0x613f0c,0x168530,20895,0x314a3c,0x370,0x100,0xbe05a5e09e819c62
0x613fc8,0x168550,20896,0x485364,0x234,0x100,0xf7342d2a70032ecf
0x614084,0x168570,20897,0x395654,0x2c8,0x100,0x2e243684897c8aba
0x614140,0x168590,20898,0x4d2044,0x544,0x100,0xf1f1537c6b49562
0x614178,0x168010,20854,0x53c520,0x2b4,0x100,0x68ecd4d0b681e8b7
0x6141fc,0x1685b0,20899,0x666d48,0x4d0,0x100,0x9ca2d3ada17d7952
0x6142b8,0x1685d0,20900,0x368090,0x1b0,0x100,0x6319b52b229c8df3
0x614374,0x1685f0,20901,0x487f64,0x1c8,0x100,0x600608816705122
0x614430,0x168610,20902,0x287fcc,0xc4,0x100,0x2ddb0b0a37440004
0x614468,0x168010,20854,0x53c520,0x2b4,0x100,0x68ecd4d0b681e8b7
0x6144ec,0x168630,20903,0x485764,0x304,0x100,0x8dcc73fb29ef6b06
0x614524,0x168010,20854,0x53c520,0x2b4,0x100,0x68ecd4d0b681e8b7
0x6145a8,0x168650,20904,0x5a91fc,0x20c,0x100,0x946fec80a3d055aa
0x614664,0x168670,20905,0x55bb4c,0x278,0x100,0xc4467fda6ad29c58
0x614720,0x168690,20906,0x42c538,0x2f4,0x100,0x5242f002ee5e334f
0x6147dc,0x1686b0,20907,0x425338,0x6b4,0x100,0x13b238c1ab563a85
0x614898,0x1686d0,20908,0x6ae0c4,0x320,0x100,0x36fd8054a4d17e0a
0x6148d0,0x168010,20854,0x53c520,0x2b4,0x100,0x68ecd4d0b681e8b7
0x614954,0x1686f0,20909,0x3a3634,0x26c,0x100,0x4da3e72a77d5c97e
0x614a10,0x168710,20910,0x317a3c,0x400,0x100,0xf692118793294aeb
0x614acc,0x168730,20911,0x4ccb44,0x20c,0x100,0x47f149986dc894e5
0x614b88,0x168750,20912,0x2f0e14,0x244,0x100,0x5ba055512c78cc20
0x614c44,0x168770,20913,0x5b80fc,0x250,0x100,0xfc73892fb3311123
0x614d00,0x168790,20914,0x41b338,0x290,0x100,0x93ed6c120874dc55
0x614d38,0x168010,20854,0x53c520,0x2b4,0x100,0x68ecd4d0b681e8b7
0x614dbc,0x1687b0,20915,0x3a3b34,0x230,0x100,0x2bff58e021f739cf
0x614e78,0x1687d0,20916,0x532620,0x1d8,0x100,0x1c41bb588a261136
0x614eb0,0x168010,20854,0x53c520,0x2b4,0x100,0x68ecd4d0b681e8b7
0x614f34,0x1687f0,20917,0x61f2a0,0x358,0x100,0x421c8027967f45c7
0x614ff0,0x168810,20918,0x3b7074,0x25c,0x100,0x451aafef077a1f3
0x615028,0x168010,20854,0x53c520,0x2b4,0x100,0x68ecd4d0b681e8b7
0x6150ac,0x168830,20919,0x25d094,0x84c,0x100,0x124fabe5f814fcda
0x615168,0x168850,20920,0x395b54,0x370,0x100,0x7bff1847a41e640b
0x6151a0,0x168010,20854,0x53c520,0x2b4,0x100,0x68ecd4d0b681e8b7
0x615224,0x168870,20921,0x47fc64,0x3a0,0x100,0x7dd155d5b015847d
0x6152e0,0x168890,20922,0x600ce0,0x1d4,0x100,0xe301f44be83f027c
0x61539c,0x1688b0,20923,0x6c937c,0x228,0x100,0x20d7f488bc69a1f9
0x615458,0x1688d0,20924,0x5b14fc,0x3ac,0x100,0x3e2b38b6f8d1b801
0x615514,0x1688f0,20925,0x616de0,0x44c,0x100,0xd7e9db5da40ca11f
0x6155d0,0x168910,20926,0x49ce64,0x29c,0x100,0x909eb1147ff86ec5
0x61568c,0x168930,20927,0x2f0b14,0x1f0,0x100,0x4afac612f0030594
0x615748,0x168950,20928,0x5b26fc,0x188,0x100,0x872f01a22b54caed
0x615804,0x168970,20929,0x48c964,0x37c,0x100,0x2ffa513e85cc1c87
0x6158c0,0x168990,20930,0x36e590,0xd0,0x100,0x6dda813b9e106648
0x61597c,0x1689b0,20931,0x4cea44,0x26c,0x100,0x3c5305d4b6e8fc69
0x615a38,0x1689d0,20932,0x6086e0,0x2b8,0x100,0x622f40a433f4e76c
0x615a70,0x168010,20854,0x53c520,0x2b4,0x100,0x68ecd4d0b681e8b7
0x615af4,0x1689f0,20933,0x234808,0x328,0x100,0x38abf396966b9643
0x615b2c,0x168010,20854,0x53c520,0x2b4,0x100,0x68ecd4d0b681e8b7
0x615bb0,0x168a10,20934,0x5b64fc,0x2d4,0x100,0xe4fecec94e1467d3
0x615c6c,0x168a30,20935,0x263094,0x274,0x100,0xdc35e2fbcadbf641
0x615d28,0x168a50,20936,0x42bf38,0x404,0x100,0xe009e8ac16cc0a53
0x615de4,0x168a90,20938,0x52e820,0xc4,0x100,0x9e3a5f7183b5c6bb
0x615e1c,0x168010,20854,0x53c520,0x2b4,0x100,0x68ecd4d0b681e8b7
0x615ea0,0x168ab0,20939,0x6c97c8,0x1fc,0x100,0xd99fea6164e1ab05
0x615f5c,0x168ad0,20940,0x3ac6d0,0xe4,0x100,0x97ed1547eb404a8d
0x616018,0x168af0,20941,0x2e7514,0x34,0x100,0xb1d7c7effc5194d5
0x6160d4,0x168b10,20942,0x5b45fc,0x1e4,0x100,0x4dcf16279b3b7e59
0x616190,0x168b30,20943,0x2e6214,0x100,0x100,0x5ebf2666d395792f
0x616278,0x168b50,20944,0x433338,0x104,0x100,0xa9e2c6841bbff151
0x616360,0x168b70,20945,0x55ce4c,0x30,0x100,0x51f40e1663550d58
0x616448,0x168b90,20946,0x530a20,0x78,0x100,0x80d7e6fc012538e2
0x616504,0x168bb0,20947,0x2e7e14,0x16c,0x100,0xb6f9a892ce14aba5
0x6165c0,0x168bd0,20948,0x36f690,0xf8,0x100,0x8be13d92dd31a35f
0x61667c,0x168bf0,20949,0x2f4314,0x2ec,0x100,0xa87ae8591402c2e9
0x616764,0x168c10,20950,0x419538,0xdc,0x100,0x183a0bedf05fac45
0x616820,0x168c30,20951,0x667448,0x154,0x100,0xc2718fd7864abf0
0x6168dc,0x168c50,20952,0x60f7e0,0x78,0x100,0x91d39ff391911add
0x616998,0x168c70,20953,0x429038,0x64,0x100,0x780c0be08908ec0f
0x616a54,0x168c90,20954,0x391454,0x1b4,0x100,0xf48a566e7d7b7f80
0x616a8c,0x168010,20854,0x53c520,0x2b4,0x100,0x68ecd4d0b681e8b7
0x616b10,0x168cb0,20955,0x60f5e0,0x180,0x100,0xb90e812870a2e698
0x616bcc,0x168cd0,20956,0x538520,0x150,0x100,0x67ff786925d78d64
0x616c88,0x168d10,20958,0x42cd38,0x194,0x100,0xe635e09355547161
0x616d44,0x168e90,20970,0x4c9f44,0x14c,0x100,0x4969dad52dfc010b
0x616e00,0x168ef0,20973,0x314c3c,0x158,0x100,0x9d23dc7a7f993236
0x616ebc,0x168f10,20974,0x496464,0x170,0x100,0x4f1bb56b475bc1f0
0x616f78,0x168f30,20975,0x496664,0x214,0x100,0xaba85e9121a66bdc
0x616fb0,0x168010,20854,0x53c520,0x2b4,0x100,0x68ecd4d0b681e8b7
0x617034,0x168f50,20976,0x538e20,0x170,0x100,0x4638c7b460d31c8f
0x6170f0,0x168f70,20977,0x432a38,0x64,0x100,0x40980e2a2d4d31c4
0x6171c0,0x168f90,20978,0x25ec94,0x5d0,0x100,0x27a7f83dfe65dad4
0x617238,0x169570,21025,0x65b2f0,0x20,0x0,0xb1eb908e2df67731
0x6175ac,0x169590,21026,0x65b450,0x20,0x0,0xb7c087f789b3620d
0x6178d0,0x1695b0,21027,0x65b5b0,0x20,0x0,0x9c569af16ab04ecb
0x617d94,0x1695d0,21028,0x65b710,0x20,0x0,0x21a102193361d5e1
0x618160,0x1695f0,21029,0x65b870,0x20,0x0,0x2c288b9fa563898c
0x618394,0x169610,21030,0x65b9d0,0x20,0x0,0x8cb58b475828cedb
0x6187dc,0x169630,21031,0x65bb30,0x20,0x0,0xf9b99671e5976f5d
0x618ba8,0x169650,21032,0x65bc90,0x20,0x0,0x7c272253211d9177
0x61a500,0x169670,21033,0x65bdf0,0x20,0x0,0x93530f520eb7703f
0x61b2f8,0x169690,21034,0x65bf50,0x20,0x0,0x8360b060892ac425
0x61b8f0,0x1696b0,21035,0x65c0b0,0x20,0x0,0xddbd13c503809068
0x61bc08,0x1696d0,21036,0x65c210,0x20,0x0,0x5eb6172a724d5947
0x61c624,0x1696f0,21037,0x65c370,0x20,0x0,0x17ae0d992adbc9ce
0x61c780,0x169730,21039,0x65c630,0x20,0x0,0x8319c62f516884e1
0x61cac0,0x169750,21040,0x65c7b0,0x20,0x0,0x121200917b17cca1
0x61d39c,0x169770,21041,0x65c910,0x20,0x0,0x1972f307b36fef1f
0x61d738,0x169790,21042,0x65ca70,0x20,0x0,0x9fc3105c8aabd0b3
0x61dfa4,0x1697b0,21043,0x65cbd0,0x20,0x0,0x5156a7dfc7711272
0x61e1a8,0x1697d0,21044,0x65cd30,0x20,0x0,0xf3bbc2c81205141c
0x61e358,0x1697f0,21045,0x65ce90,0x20,0x0,0x35806bbb50218b77
0x61eb50,0x169810,21046,0x65cff0,0x20,0x0,0xe05700a821a20b57
0x61ec7c,0x169830,21047,0x65d150,0x20,0x0,0xed2a4777160a587c
0x61ee24,0x169870,21049,0x52bd20,0x130,0x100,0x964fd787415fdaeb
0x61eef4,0x169890,21050,0x36a790,0x144,0x100,0xf9498bd2c83b33bc
0x61ef2c,0x169010,20982,0x6577d0,0x20,0x0,0x4a0b651a48f9ea5a
0x61efb0,0x1698d0,21052,0x55f94c,0x310,0x100,0x843db8b2cce72525
0x61f06c,0x1698f0,21053,0x53d820,0x4c8,0x100,0xd2d25c15beca5d52
0x61f128,0x169910,21054,0x376e90,0x3c0,0x100,0x6a908b50a42ce58
0x61f1e4,0x169930,21055,0x52a220,0x23c,0x100,0x3ba813837f236d8b
0x61f2a0,0x169950,21056,0x6cbec8,0x45c,0x100,0x35a66a703c1fc1f1
0x61f3a0,0x169970,21057,0x2e6514,0x3ac,0x100,0x34ca3a28d9dd2ac4
0x61f45c,0x169990,21058,0x4c6d44,0x1958,0x100,0xf809440dbfb68
0x61f518,0x1699b0,21059,0x2e8614,0xe10,0x100,0x6db44d1c251b3be6
0x61f5d4,0x1699d0,21060,0x600fe0,0x610,0x100,0xee40195be60f0863
0x61f690,0x1699f0,21061,0x36c090,0x2e8,0x100,0x64de456c74390eb5
0x61f74c,0x169a30,21063,0x4d5b44,0x390,0x100,0xb033bd3a7ab97c7e
0x61f808,0x169a50,21064,0x60d3e0,0x874,0x100,0x7c191eeb708b915e
0x61f840,0x169010,20982,0x6577d0,0x20,0x0,0x4a0b651a48f9ea5a
0x61f8c4,0x169a70,21065,0x202934,0x22c,0x100,0x89ec9749f94b7ac1
0x61f980,0x169a90,21066,0x4d9544,0x314,0x100,0xde561b710c490cf5
0x61fa3c,0x169ab0,21067,0x261f94,0x8fc,0x100,0xf5a126213009ff9c
0x61facc,0x16a3f0,21141,0x663710,0x20,0x0,0xdd62062d431689be
0x620008,0x16a410,21142,0x663870,0x20,0x0,0xe4f3b07270174395
0x6203a4,0x16a430,21143,0x6639d0,0x20,0x0,0xcdcb8928033f8dd2
0x620860,0x16a450,21144,0x663b30,0x20,0x0,0xfc23b039633ef0f4
0x6211d0,0x16a470,21145,0x663c90,0x20,0x0,0x910ee1f11211a6a4
0x621444,0x16a490,21146,0x663df0,0x20,0x0,0x5663564c7f3226ce
0x6216bc,0x16a4b0,21147,0x663f50,0x20,0x0,0xd477ca0f0b360200
0x621fb4,0x16a4d0,21148,0x6640b0,0x20,0x0,0x8bf06d1107d6cd3c
0x62269c,0x16a4f0,21149,0x664210,0x20,0x0,0x1df91bbd330d201b
0x622ce4,0x16a510,21150,0x664370,0x20,0x0,0xa7d9167722dc05ca
0x6231cc,0x16a530,21151,0x6644d0,0x20,0x0,0x37b7551a99282795
0x623ba8,0x16a550,21152,0x664630,0x20,0x0,0x304806476193e21b
0x62422c,0x16a570,21153,0x664790,0x20,0x0,0x343f2ffd3171f24b
0x625cb0,0x16a590,21154,0x6648f0,0x20,0x0,0xc84646142ff02621
0x6260b4,0x16a5d0,21156,0x664bb0,0x20,0x0,0xd8df60bc84a0c67d
0x626ad8,0x16a5f0,21157,0x664d10,0x20,0x0,0x2097bdd21f9e8fa9
0x627048,0x16a610,21158,0x664e70,0x20,0x0,0x7763876ef038d4ff
0x62731c,0x16a630,21159,0x664fd0,0x20,0x0,0x37ac95f276ddebe5
0x627c38,0x16a650,21160,0x665130,0x20,0x0,0x83bacb37d1e0ba6e
0x628214,0x16a670,21161,0x665290,0x20,0x0,0xa7d70a17d41afdc1
0x628394,0x16a690,21162,0x6653f0,0x20,0x0,0x6e2f4ded18ae46e8
0x6284b0,0x16a6b0,21163,0x665550,0x20,0x0,0x178f61f8e5d7656
0x6286fc,0x16a6d0,21164,0x6656b0,0x20,0x0,0xff044eb2c3e9032c
0x628e2c,0x16a6f0,21165,0x665810,0x20,0x0,0x578939e05f47d243
0x629438,0x16a710,21166,0x665970,0x20,0x0,0xef01196a84809550
0x62972c,0x16a730,21167,0x665ad0,0x20,0x0,0x4b061f94fbaf70d6
0x629a58,0x16a750,21168,0x665c30,0x20,0x0,0xa407c0f4b21faf6a
0x629c64,0x16a770,21169,0x665d90,0x20,0x0,0xdd6b32f2176d8404
0x62a194,0x16a790,21170,0x665ef0,0x20,0x0,0x2a733f53b2e5319a
0x62a798,0x16a7b0,21171,0x666050,0x20,0x0,0x82085deab3310f6b
0x62bd70,0x16a7d0,21172,0x6661b0,0x20,0x0,0x3e7fb854c49bc929
0x62bf9c,0x16a7f0,21173,0x666310,0x20,0x0,0x1d6c2c08644a10fe
0x62c3dc,0x16a810,21174,0x666470,0x20,0x0,0x6befd7ab3881f7e4
0x62c894,0x16a830,21175,0x6665d0,0x20,0x0,0x46dc2661dc032895
0x62cce4,0x16a850,21176,0x666730,0x20,0x0,0x3b34a7f8ac6db1e8
0x62d07c,0x16a870,21177,0x666890,0x20,0x0,0x9af1bd06e84a47ab
0x62d548,0x16a890,21178,0x6669f0,0x20,0x0,0x57cc9077533d2ae0
0x62db74,0x16a8b0,21179,0x666b50,0x20,0x0,0x6066c9a4f69b364f
0x62dcc4,0x16a8d0,21180,0x666cb0,0x20,0x0,0xe8792a19ae434db2
0x62de64,0x16a8f0,21181,0x668748,0x13c,0x98,0x67b37ac772ebdd48
0x62de9c,0x16a010,21110,0x660c70,0x20,0x0,0x8a9971f5fae03632
0x62df20,0x16a910,21182,0x425d38,0x200,0x100,0x5130b12718bce460
0x62df58,0x16a010,21110,0x660c70,0x20,0x0,0x8a9971f5fae03632
0x62dff0,0x16a930,21183,0x60bee0,0x154,0x100,0xd19714a1e4f24c4a
0x62e0ac,0x16a970,21185,0x5b15fc,0x398,0x100,0x2980fe60b00f4b9c
0x62e168,0x16a990,21186,0x370590,0x4c8,0x100,0x229f86d3cf6929f3
0x62e224,0x16a9b0,21187,0x60f8e0,0x964,0x100,0xe7b279fd02ced5be
0x62e25c,0x16a010,21110,0x660c70,0x20,0x0,0x8a9971f5fae03632
0x62e2e0,0x16a9f0,21189,0x28cacc,0x274,0x100,0x9c3c9e9dc05cd53
0x62e39c,0x16aa10,21190,0x487964,0x6d0,0x100,0xa66f03b60facd4ff
0x62e458,0x16aa70,21193,0x259e94,0x640,0x100,0x2981190c6406b2c3
0x62e514,0x16aa90,21194,0x488464,0x4e8,0x100,0xe4cba5a1919f0e3a
0x62e5d0,0x16aab0,21195,0x2eaa14,0x9e4,0x100,0x117251735c7127b1
0x62e68c,0x16aad0,21196,0x396c54,0x1a9c,0x100,0xb626ea9ad5ccaf1e
0x62e748,0x16aaf0,21197,0x396954,0x3fc,0x100,0xb899816c01f0f088
0x62e804,0x16ab50,21200,0x311e3c,0x548,0x100,0xbb8aa28fb3054f9e
0x62e8c0,0x16ab70,21201,0x496464,0x2e8,0x100,0xdaa6e78773b621d0
0x62e97c,0x16ab90,21202,0x531d20,0x90c,0x100,0x76da2372497102c7
0x62e9b4,0x16a010,21110,0x660c70,0x20,0x0,0x8a9971f5fae03632
0x62ea38,0x16abb0,21203,0x67da20,0x5e4,0x100,0xa0675831ce952b7
0x62eaf4,0x16abd0,21204,0x532d20,0x11c,0x100,0xa006573245db7596
0x62eb2c,0x16a010,21110,0x660c70,0x20,0x0,0x8a9971f5fae03632
0x62ebb0,0x16ac10,21206,0x3aded0,0x750,0x100,0xddf47b800ad8b8cb
0x62ecb0,0x16ac30,21207,0x4c9544,0x628,0x100,0x15bd4b963ac27878
0x62ed6c,0x16ac50,21208,0x497164,0x2dc,0x100,0xd9da14dfcea64556
0x62eda4,0x16a010,21110,0x660c70,0x20,0x0,0x8a9971f5fae03632
0x62ee28,0x16ac70,21209,0x48c764,0x32c,0x100,0x7702b3770ca5977d
0x62eee4,0x16ac90,21210,0x689c34,0x538,0x100,0x574fbb11c4953df
0x62efa0,0x16acb0,21211,0x30016c,0x5f0,0x100,0xddb505f2fc494b0a
0x62f05c,0x16acd0,21212,0x366590,0x160c,0x100,0x922e10b83aeccb8
0x62f118,0x16acf0,21213,0x488c64,0x458,0x100,0x5542f93b096a5d61
0x62f1d4,0x16ad10,21214,0x4ca144,0x4a8,0x100,0x47b8eab7a9c5bf40
0x62f290,0x16ad30,21215,0x53e520,0x460,0x100,0xd9133bcb421bd0d7
0x62f34c,0x16ad50,21216,0x288ccc,0x380,0x100,0x7970fc7034c8c9fd
0x62f44c,0x16ad70,21217,0x535720,0x4f8,0x100,0xa5812c2d3254162d
0x62f508,0x16ad90,21218,0x5b18fc,0x3b4,0x100,0xe7ae5649595482d7
0x62f56c,0x16b110,21246,0x669350,0x20,0x0,0xd9802a2ee95cdf21
0x62f7d8,0x16b130,21247,0x6694b0,0x20,0x0,0x39270ae84d130b2f
0x630198,0x16b150,21248,0x669610,0x20,0x0,0x5a09035735d58f79
0x6305f8,0x16b170,21249,0x669770,0x20,0x0,0x4beaba4f29248535
0x630eac,0x16b190,21250,0x6698d0,0x20,0x0,0x61b7e01a62bf28cb
0x631220,0x16a010,21110,0x660c70,0x20,0x0,0x8a9971f5fae03632
0x6312a8,0x16b1b0,21251,0x669a30,0x20,0x0,0xabd7b432be6a33e
0x6318d4,0x16b1d0,21252,0x669b90,0x20,0x0,0xf89d5606daf2f8b3
0x632114,0x16b1f0,21253,0x669cf0,0x20,0x0,0xd343add5de16269
0x632470,0x16b210,21254,0x669e50,0x20,0x0,0xfd323c3b7d93b891
0x632860,0x16b230,21255,0x669fb0,0x20,0x0,0x4bddb32b6805e545
0x632a9c,0x16b250,21256,0x66a110,0x20,0x0,0x86f1779ef619e98d
0x632d40,0x16b270,21257,0x66a270,0x20,0x0,0xa1d5ed2876cdb8a9
0x632e9c,0x16b290,21258,0x66a3d0,0x20,0x0,0xde3ced355a450b12
0x633038,0x16b2b0,21259,0x495f64,0x160,0x100,0x200f6f5159cf6912
0x633108,0x16b2d0,21260,0x259f94,0x138,0x100,0x6ef4b22fee0f2968
0x633140,0x16b010,21238,0x668850,0x20,0x0,0x5ce52c57dea4290b
0x633208,0x16b2f0,21261,0x67f020,0x864,0x100,0xda021fae4579aafb
0x6332c4,0x16b310,21262,0x67ed20,0x9c0,0x100,0x9dfe9e3e391d6d1b
0x6332fc,0x16b010,21238,0x668850,0x20,0x0,0x5ce52c57dea4290b
0x633380,0x16b350,21264,0x396154,0x8b0,0x100,0x5011e1e31e67fcf5
0x63343c,0x16b370,21265,0x2f3f14,0x3fc,0x100,0x7eef9e70343aec22
0x6334f8,0x16b390,21266,0x2e6614,0x624,0x100,0xfeae4c4829e23876
0x6335b4,0x16b3b0,21267,0x6b7c30,0x344,0x100,0x1130a19c54081881
0x633670,0x16b3d0,21268,0x31503c,0x424,0x100,0x76a12232d49d6d42
0x6336e4,0x16b650,21288,0x66bf50,0x20,0x0,0x5920c301287566cf
0x63385c,0x16b670,21289,0x66c0b0,0x20,0x0,0xfeacc9be40bf5a80
0x633a90,0x16b690,21290,0x66c210,0x20,0x0,0xadb477cc569086aa
0x633bf8,0x16b6b0,21291,0x66c370,0x20,0x0,0xc403cc6b2e993371
0x634174,0x16b6d0,21292,0x66c4d0,0x20,0x0,0x9033d13aff290ab1
0x6343e4,0x16b6f0,21293,0x66c630,0x20,0x0,0xa58e21f6dd3296d0
0x63495c,0x16b710,21294,0x66c790,0x20,0x0,0xd8b472c40fa688cc
0x6351e4,0x16b730,21295,0x66c8f0,0x20,0x0,0xfa7e033c0007ebda
0x635518,0x16b750,21296,0x66ca50,0x20,0x0,0x20b29c0fd41f1d8f
0x635a44,0x16b770,21297,0x66cbb0,0x20,0x0,0xf7162498fb6d63bf
0x635c00,0x16b790,21298,0x66cd10,0x20,0x0,0x7487925a34dff597
0x635d90,0x16b7d0,21300,0x265394,0x1c0,0x100,0x86d391191c5992ef
0x635e60,0x16b7f0,21301,0x2e9a14,0x12c,0x100,0x87da12e64212bd6a
0x635e98,0x16b010,21238,0x668850,0x20,0x0,0x5ce52c57dea4290b
0x635f1c,0x16b810,21302,0x5ac7fc,0x168,0x100,0x1723f717cd1e638
0x635f54,0x16b010,21238,0x668850,0x20,0x0,0x5ce52c57dea4290b
0x635fd8,0x16b830,21303,0x418638,0x244,0x100,0x62c82a647b3fd852
0x636094,0x16b850,21304,0x4d6144,0x158,0x100,0xf16ad31b28fff4a4
0x636150,0x16b870,21305,0x2f3c14,0x26c,0x100,0xf107fb7416cd8494
0x636250,0x16b890,21306,0x53a920,0x880,0x100,0x55fd6ba6e63d4ff4
0x63630c,0x16b8b0,21307,0x6005e0,0x578,0x100,0xc5570722dc6256fe
0x6363c8,0x16b8d0,21308,0x55e24c,0x350,0x100,0xabf63fca93a68c09
0x636484,0x16b8f0,21309,0x422e38,0x368,0x100,0x6e62bfe0adcc17d
0x636518,0x16b990,21314,0x66d3f0,0x20,0x0,0x7c2311fa30f3b160
0x636cdc,0x16b9b0,21315,0x66d550,0x20,0x0,0x64a664c4557949c2
0x637388,0x16b9f0,21317,0x2fc5bc,0x5c,0x100,0xf191d5d93c26bed0
0x637478,0x16ba10,21318,0x530020,0x4c,0x100,0x2b91d02424fde282
0x6374b0,0x16b010,21238,0x668850,0x20,0x0,0x5ce52c57dea4290b
0x637534,0x16ba30,21319,0x5b93fc,0x464,0x100,0x4b43f551a14e45c2
0x63759c,0x16bcd0,21340,0x66f230,0x20,0x0,0xd44d66769cfa3cd9
0x6377a4,0x16bcf0,21341,0x66f390,0x20,0x0,0x64f9d3f0b087c1ac
0x637990,0x16bd10,21342,0x66f4f0,0x20,0x0,0x84d712c3a5329120
0x637c50,0x16bd30,21343,0x66f650,0x20,0x0,0xbd89ab62db979eca
0x637ebc,0x16bd50,21344,0x66f7b0,0x20,0x0,0xd01033df7a9de552
0x638188,0x16bd70,21345,0x66f910,0x20,0x0,0x28742a8324b9025b
0x6385fc,0x16bd90,21346,0x66fa70,0x20,0x0,0xb8209366b93a5b5e
0x638940,0x16bdb0,21347,0x66fbd0,0x20,0x0,0xea9f93cb686f8944
0x638c58,0x16bdd0,21348,0x66fd30,0x20,0x0,0xebb4417918e75ee
0x638db8,0x16bdf0,21349,0x66fe90,0x20,0x0,0x157700f490b3bd02
0x638f68,0x16be10,21350,0x418338,0x1dc,0x100,0xb9462bd367140700
0x639038,0x16be30,21351,0x69b40c,0x160,0x100,0xf21b99c2d3ceb464
0x639070,0x16b010,21238,0x668850,0x20,0x0,0x5ce52c57dea4290b
0x639108,0x16be50,21352,0x55954c,0x164,0x100,0xf16ec60073a32841
0x6391c4,0x16bed0,21356,0x5bbcfc,0x258,0x100,0x6b36d2f056ba45d8
0x639280,0x16bef0,21357,0x36b490,0x478,0x100,0x5763a3fecd86b37a
0x63933c,0x16bf10,21358,0x3a3934,0x374,0x100,0x2fb3b4a8714ab7b9
0x63938c,0x16c230,21383,0x6720f0,0x20,0x0,0x76e5daf6b4aff491
0x6394b8,0x16c250,21384,0x672250,0x20,0x0,0xa00abcf7d11c1891
0x639600,0x16c270,21385,0x6723b0,0x20,0x0,0x6544b9188ee025d0
0x639968,0x16c2d0,21388,0x6727d0,0x20,0x0,0xb9a8057587a57c11
0x63a174,0x16c290,21386,0x672510,0x20,0x0,0x82b030c43592e59
0x63ac3c,0x16c2b0,21387,0x672670,0x20,0x0,0xf3f085e2bb765780
0x63addc,0x16c2f0,21389,0x672930,0x20,0x0,0xd51d8d94ef843844
0x63ae10,0x16c230,21383,0x6720f0,0x20,0x0,0x76e5daf6b4aff491
0x63b388,0x16c010,21366,0x670990,0x20,0x0,0x93ae118ad5a905a1
0x63b42c,0x16c310,21390,0x672a90,0x20,0x0,0xec364f77fb0b4d1
0x63b46c,0x16c2d0,21388,0x6727d0,0x20,0x0,0xb9a8057587a57c11
0x63c758,0x16c330,21391,0x672bf0,0x20,0x0,0xfd6b9e0bfb383123
0x63c798,0x16c2d0,21388,0x6727d0,0x20,0x0,0xb9a8057587a57c11
0x63dc34,0x16c350,21392,0x672d50,0x20,0x0,0x7e492bfebde21d14
0x63def0,0x16c370,21393,0x672eb0,0x20,0x0,0x3ba04037fb967e01
0x63e390,0x16c390,21394,0x673030,0x20,0x0,0xa1797c8c37733aee
0x63e3fc,0x16c2d0,21388,0x6727d0,0x20,0x0,0xb9a8057587a57c11
0x63e7b4,0x16c3b0,21395,0x673190,0x20,0x0,0xcf205181817f0110
0x63ea54,0x16c3d0,21396,0x6732f0,0x20,0x0,0xcc3ec3fdd35a8347
0x63ebac,0x16c3f0,21397,0x673450,0x20,0x0,0xf2329c04f1f182a5
0x63ed4c,0x16c410,21398,0x5b28fc,0x15c,0x100,0x79cba14401a8ca1
0x63ee1c,0x16c430,21399,0x431238,0x13c,0x100,0x9a1322aeb991003d
0x63ee54,0x16c010,21366,0x670990,0x20,0x0,0x93ae118ad5a905a1
0x63eed8,0x16c450,21400,0x55984c,0xaf4,0x100,0x67a8f713cef58d7f
0x63ef94,0x16c490,21402,0x42d938,0x16c,0x100,0xd24caa79efafe084
0x63f050,0x16c4b0,21403,0x488e64,0xb70,0x100,0x3ccd7125543e7b26
0x63f10c,0x16c4d0,21404,0x487f64,0x120,0x100,0x7f9b432d7682e512
0x63f1c8,0x16c4f0,21405,0x6492d4,0x1334,0x100,0xc3cf7fae96315ef7
0x63f284,0x16c510,21406,0x67a384,0x14e8,0x68,0x96cd4559b5a08f42
0x63f340,0x16c530,21407,0x233b08,0x2c0,0x100,0xbd612478462abd5f
0x63f3fc,0x16c570,21409,0x36d290,0x474,0x100,0xeb2913310b65ead1
0x63f44c,0x16c7b0,21427,0x674d10,0x20,0x0,0xe90a384da4bfe176
0x63f580,0x16c7d0,21428,0x674e70,0x20,0x0,0x4891fb9ccfaba7d9
0x63f6d4,0x16c7f0,21429,0x674fd0,0x20,0x0,0x14f91e52b3de8bb3
0x63f994,0x16c810,21430,0x675130,0x20,0x0,0xd65c0aa05d2c2b89
0x63fb88,0x16c830,21431,0x675290,0x20,0x0,0xe95fbd0940e7df27
0x644140,0x16c850,21432,0x6753f0,0x20,0x0,0x48b3f7513c44b7b6
0x644990,0x16c870,21433,0x675550,0x20,0x0,0xa9b3d677023ee88c
0x644ef8,0x16c890,21434,0x6756b0,0x20,0x0,0xbd957ba900e3e34b
0x645390,0x16c8b0,21435,0x675810,0x20,0x0,0x5e6b1c6d6d3d72ed
0x645534,0x16c7b0,21427,0x674d10,0x20,0x0,0xe90a384da4bfe176
0x645790,0x16c8d0,21436,0x675970,0x20,0x0,0xd4ddb401fc16058b
0x645908,0x16c8f0,21437,0x675ad0,0x20,0x0,0xca1ce10ed9d81e3b
0x645a90,0x16c910,21438,0x228c34,0x298,0x100,0xa20820eb4f8d25dd
0x645b60,0x16c930,21439,0x41f938,0x17c,0x100,0x387961a20fe8a2b6
0x645c30,0x16c950,21440,0x36df90,0x138,0x100,0x56a66581c0ef949
0x645c68,0x16c010,21366,0x670990,0x20,0x0,0x93ae118ad5a905a1
0x645cec,0x16c970,21441,0x264a94,0x130,0x100,0x3f23b53bb5aebde9
0x645da8,0x16c990,21442,0x5b66fc,0x57c,0x100,0xee904261599c266f
0x645e64,0x16c9d0,21444,0x3a4a34,0x858,0x100,0x3be18b3792702264
0x645f20,0x16c9f0,21445,0x42a438,0x47ac,0x100,0x297d1d86c93c8de3
0x645fdc,0x16ca10,21446,0x423238,0x484,0x100,0x45b82aafd15ce37d
0x646014,0x16c010,21366,0x670990,0x20,0x0,0x93ae118ad5a905a1
0x64602c,0x16ceb0,21483,0x678db0,0x20,0x0,0x27affa122122863a
0x6460c4,0x16ced0,21484,0x678f10,0x20,0x0,0x4b4d002386991068
0x646204,0x16cef0,21485,0x679070,0x20,0x0,0x76e8c2072f0ac4b4
0x64643c,0x16cf10,21486,0x6791d0,0x20,0x0,0x405cc491055407da
0x6466e0,0x16cf30,21487,0x679330,0x20,0x0,0x857c46e1b7b954fa
0x646a28,0x16cf50,21488,0x679490,0x20,0x0,0xd5499ada2a1a6126
0x646be0,0x16cf70,21489,0x6795f0,0x20,0x0,0x13006b90f1372948
0x646da4,0x16cf90,21490,0x679750,0x20,0x0,0xff4ffa02389785ad
0x646ef0,0x16cfb0,21491,0x6798b0,0x20,0x0,0x26e0d93447b79f91
0x6470c0,0x16cfd0,21492,0x679a10,0x20,0x0,0x65cdd48a68e61319
0x647250,0x16cff0,21493,0x679b70,0x20,0x0,0x77426349cf56f906
0x64738c,0x16d030,21495,0x679e30,0x20,0x0,0xc41eafa1cc7f5371
0x64761c,0x16ceb0,21483,0x678db0,0x20,0x0,0x27affa122122863a
0x647738,0x16d050,21496,0x679f90,0x20,0x0,0xea0f22c8333a4d85
0x6479a4,0x16d070,21497,0x67a0f0,0x20,0x0,0x7b690a4cf2240ba5
0x647afc,0x16d090,21498,0x67a250,0x20,0x0,0x62211d1588e27841
0x647ed8,0x16d0b0,21499,0x67a3b0,0x20,0x0,0x4b88e9fde6e4cd43
0x647f98,0x16d010,21494,0x679cd0,0x20,0x0,0x7b585a6a456f52c1
0x64808c,0x16d0d0,21500,0x67a510,0x20,0x0,0x7b97cf3409336024
0x648274,0x16d0f0,21501,0x67a670,0x20,0x0,0x310fb99c6ca7e1ef
0x6485a8,0x16d110,21502,0x67a7d0,0x20,0x0,0xadb99adc1ee737e9
0x648854,0x16d130,21503,0x67a930,0x20,0x0,0x732c4de9444cd6f6
0x648970,0x16ced0,21484,0x678f10,0x20,0x0,0x4b4d002386991068
0x648c2c,0x16d150,21504,0x67aa90,0x20,0x0,0x40ab3d81a1e68266
0x648e94,0x16d170,21505,0x67abf0,0x20,0x0,0xbfb01bea944f2efa
0x649044,0x16d190,21506,0x5bedfc,0x260,0x100,0xa27536e42968b4b2
0x649114,0x16d1b0,21507,0x4cef44,0x164,0x100,0xaa3c31f2f9f9b593
0x6491d0,0x16d1f0,21509,0x6142e0,0x374,0x100,0x8f6e129043c01669
0x64928c,0x16d210,21510,0x42d338,0x154,0x100,0xbc9740049d3db7
0x649348,0x16d230,21511,0x53c920,0x1ac,0x100,0x79eb14d3548d87c7
0x649404,0x16d270,21513,0x262694,0x1cc,0x100,0x637050521540aa05
0x6494c0,0x16d290,21514,0x4c9e44,0x36c,0x100,0x57cbc4b309b4e5e7
0x64957c,0x16d350,21520,0x6db578,0x428,0x100,0x7463e3b57adc0070
0x649638,0x16d370,21521,0x426a38,0x19c,0x100,0xaf4b469d9c5e9d33
0x649670,0x16d010,21494,0x679cd0,0x20,0x0,0x7b585a6a456f52c1
0x6496a4,0x16d430,21527,0x67b170,0x20,0x0,0xf6e7320147d2f5e
0x649864,0x16d450,21528,0x67b2d0,0x20,0x0,0x10450c1bf09d256b
0x649a10,0x16d470,21529,0x2e7a14,0x1b0,0x100,0x20a8f8b2d9395da
0x649a60,0x16d8f0,21565,0x67e2f0,0x20,0x0,0x65c0fa05f7e85001
0x649b90,0x16d910,21566,0x67e470,0x20,0x0,0xa1359ff2e747b26b
0x649f20,0x16d930,21567,0x67e5d0,0x20,0x0,0x500131d8d2c2844d
0x64a3dc,0x16d970,21569,0x67e890,0x20,0x0,0xd4c9d966504d4627
0x64a864,0x16d950,21568,0x67e730,0x20,0x0,0x3e10977babea25f1
0x64aa5c,0x16d010,21494,0x679cd0,0x20,0x0,0x7b585a6a456f52c1
0x64ab98,0x16d970,21569,0x67e890,0x20,0x0,0xd4c9d966504d4627
0x64b08c,0x16d990,21570,0x67e9f0,0x20,0x0,0x891018be99f59666
0x64b250,0x16d9b0,21571,0x67eb50,0x20,0x0,0x307f64a674f789fe
0x64b538,0x16d9d0,21572,0x67ecb0,0x20,0x0,0x24db5b4ea3092ed7
0x64bc94,0x16d010,21494,0x679cd0,0x20,0x0,0x7b585a6a456f52c1
0x64bd44,0x16d9f0,21573,0x67ee10,0x20,0x0,0x42b4ecceba2816e
0x64cfe0,0x16d010,21494,0x679cd0,0x20,0x0,0x7b585a6a456f52c1
0x64d450,0x16da10,21574,0x67ef70,0x20,0x0,0x30ddc8e6755d47ce
0x64d994,0x16da30,21575,0x67f0d0,0x20,0x0,0x64808547f5ca9d0b
0x64db7c,0x16da50,21576,0x67f230,0x20,0x0,0x92a738474cc07346
0x64e6f4,0x16da70,21577,0x67f390,0x20,0x0,0xaa1ce17f53862482
0x64ea2c,0x16da90,21578,0x67f4f0,0x20,0x0,0x7e24275b7870ba83
0x64ecd4,0x16dab0,21579,0x67f650,0x20,0x0,0x2eb771c3633acb30
0x64eeb8,0x16dad0,21580,0x67f7b0,0x20,0x0,0x4dac49f7028898f1
0x64f13c,0x16daf0,21581,0x67f910,0x20,0x0,0xb5c2d032198dd587
0x64f170,0x16db30,21583,0x67fbd0,0x20,0x0,0x2791df0c8ae234ba
0x64f44c,0x16d970,21569,0x67e890,0x20,0x0,0xd4c9d966504d4627
0x64f878,0x16db10,21582,0x67fa70,0x20,0x0,0x2b84fcd144e0b5d7
0x64fa70,0x16db30,21583,0x67fbd0,0x20,0x0,0x2791df0c8ae234ba
0x64fc98,0x16d970,21569,0x67e890,0x20,0x0,0xd4c9d966504d4627
0x64ff20,0x16db50,21584,0x67fd30,0x20,0x0,0xd2e4343c1c42ac7e
0x650448,0x16d970,21569,0x67e890,0x20,0x0,0xd4c9d966504d4627
0x650718,0x16db70,21585,0x67fe90,0x20,0x0,0x2e4c3ca6fdc91883
0x6508ac,0x16db90,21586,0x67fff0,0x20,0x0,0xb484821a754f1e89
0x6509c0,0x16dbb0,21587,0x6014e0,0x868,0x100,0x2dd149ee2ed6b852
0x650a90,0x16dbd0,21588,0x26e700,0x198,0x100,0x522a481880f6cab2
0x650b60,0x16dc10,21590,0x41db38,0xc4,0x100,0xe4630adb244d7fb9
0x650b98,0x16d010,21494,0x679cd0,0x20,0x0,0x7b585a6a456f52c1
0x650c1c,0x16dc30,21591,0x36b590,0x950,0x100,0xc1a9fbdd35028a23
0x650cd8,0x16dc50,21592,0x36df90,0x800,0x100,0xa10e29fc0122023c
0x650d10,0x16d010,21494,0x679cd0,0x20,0x0,0x7b585a6a456f52c1
0x650d94,0x16dc70,21593,0x4cb944,0x2d8,0x100,0x7b76455c1ab68706
0x650e50,0x16dc90,21594,0x2e4f14,0x1708,0x100,0x8ecb40d8f749f62f
0x650f0c,0x16dcb0,21595,0x60ace0,0x560,0x100,0xe9f81019e893775c
0x650fc8,0x16dcd0,21596,0x42d938,0xb38,0x100,0x14e921273ba763fe
0x651084,0x16dcf0,21597,0x41dd38,0x27c,0x100,0xd11c9f9a8312f19a
0x651140,0x16dd10,21598,0x48a264,0x1c8,0x100,0xb82db38572c5fa9
0x6511fc,0x16dd30,21599,0x6137e0,0x338,0x100,0xe10fa6f822aafe6d
0x6512b8,0x16dd90,21602,0x2edf14,0x754,0x100,0xd81619eb4b4581b8
0x651374,0x16ddb0,21603,0x52ea20,0x81c,0x100,0x8135351bd9ca84a5
0x651400,0x16df30,21615,0x681070,0x20,0x0,0x7a06b1eb75666eba
0x65187c,0x16df50,21616,0x6811d0,0x20,0x0,0x5a6cc80987071eb9
0x651a04,0x16df70,21617,0x681330,0x20,0x0,0x7eb2e139a941f129
0x651dc8,0x16df90,21618,0x681490,0x20,0x0,0x197a24fd366dff75
0x651f84,0x16dfb0,21619,0x6815f0,0x20,0x0,0x495a27252349c3c6
0x65235c,0x16dfd0,21620,0x681750,0x20,0x0,0x8c6b43095ca975eb
0x65263c,0x16dff0,21621,0x6818b0,0x20,0x0,0x5f879e9745ed7f58
0x652ae4,0x16e010,21622,0x681a10,0x20,0x0,0xa17b357d74786211
0x652c8c,0x16e030,21623,0x681b70,0x20,0x0,0x46e13cfe3c054aad
0x652d50,0x16e050,21624,0x681cd0,0x20,0x0,0xae9f1fae8d18af2
0x652e64,0x16e090,21626,0x3a3f34,0x198,0x100,0x392c0183e8725e28
0x652f34,0x16e0b0,21627,0x4a2364,0xc8,0x100,0xe8a716fe327cccf5
0x653004,0x16e0d0,21628,0x226934,0xc4,0x100,0x8ebec482b0ee7af0
0x65303c,0x16e010,21622,0x681a10,0x20,0x0,0xa17b357d74786211
0x6530c0,0x16e0f0,21629,0x532420,0x3c8,0x100,0xf8731cee466576d1
0x6530f8,0x16e010,21622,0x681a10,0x20,0x0,0xa17b357d74786211
0x65317c,0x16e130,21631,0x378c90,0x17c,0x100,0x7a5b7a0dd0a320fe
0x653238,0x16e150,21632,0x534a20,0x2dc,0x100,0x8fd9a5d9735f3060
0x6532f4,0x16e170,21633,0x268ea8,0x4b0,0x100,0xa30b2625e2581006
0x6533b0,0x16e190,21634,0x537920,0x1b0,0x100,0xd0c4175af6f6c9a9
0x653420,0x16e230,21639,0x6823b0,0x20,0x0,0x7feb5dfe85921e42
0x6535c4,0x16e250,21640,0x682510,0x20,0x0,0x8b2d359d3969d48c
0x653838,0x16edd0,21732,0x68a0f0,0x20,0x0,0xda7150139d0e6c40
0x654d1c,0x16edf0,21733,0x68a250,0x20,0x0,0xe5091ed7b0300138
0x655248,0x16ee10,21734,0x68a3b0,0x20,0x0,0x79160cd5bd59277e
0x655878,0x16ee30,21735,0x68a510,0x20,0x0,0xb612b4805874acc6
0x656958,0x16ee50,21736,0x68a670,0x20,0x0,0xb5cef3ac0e94ab51
0x656d38,0x16ee70,21737,0x68a7d0,0x20,0x0,0xb72acf65165138dc
0x656f34,0x16ee90,21738,0x68a930,0x20,0x0,0x6f207e07a48878dc
0x657484,0x16eeb0,21739,0x68aa90,0x20,0x0,0xfadbe428cd563e8e
0x657a20,0x16eed0,21740,0x68abf0,0x20,0x0,0xa3e8f6a8615af484
0x658218,0x16eef0,21741,0x68ad50,0x20,0x0,0x3141281f5b2c658d
0x658890,0x16ef10,21742,0x68aeb0,0x20,0x0,0x5a6af63272509905
0x658fd4,0x16ef30,21743,0x68b010,0x20,0x0,0xfd87e7d523b781b0
0x659340,0x16ef50,21744,0x68b170,0x20,0x0,0x4c4676a5d91d52d9
0x659540,0x16ef70,21745,0x68b2d0,0x20,0x0,0xad7560e50cf4ffc1
0x659da0,0x16ef90,21746,0x68b430,0x20,0x0,0x23a0641098fc3f20
0x65a330,0x16efb0,21747,0x68b590,0x20,0x0,0x1aa6ccac39042255
0x65a4b8,0x16efd0,21748,0x68b6f0,0x20,0x0,0x27a1c4cf433553d
0x65a740,0x16eff0,21749,0x68b850,0x20,0x0,0x356848cbb2813240
0x65ab28,0x16f010,21750,0x68b9b0,0x20,0x0,0x232f8d235d9555a4
0x65adf4,0x16f030,21751,0x68bb10,0x20,0x0,0xc0256bc4c2dbb874
0x65b4c4,0x16f050,21752,0x68bc70,0x20,0x0,0xf2aa3eae1a433dc2
0x65c084,0x16f0d0,21756,0x68c1f0,0x20,0x0,0x594616d998770731
0x65c5ec,0x16f070,21753,0x68bdd0,0x20,0x0,0xa693c4267b9fa328
0x65cd74,0x16f090,21754,0x68bf30,0x20,0x0,0xb9ead010817df200
0x65d344,0x16f0b0,21755,0x68c090,0x20,0x0,0x68aa67f887814733
0x65e260,0x16f0d0,21756,0x68c1f0,0x20,0x0,0x594616d998770731
0x65e364,0x16f0f0,21757,0x68c350,0x20,0x0,0xba91b1388a6d2240
0x65e65c,0x16f110,21758,0x68c4b0,0x20,0x0,0xa1add31d5143a4f4
0x65ed68,0x16f130,21759,0x68c610,0x20,0x0,0x30ddc8e6755d47ce
0x65ef48,0x16f150,21760,0x68c770,0x20,0x0,0x49097ea6e8794771
0x660a48,0x16f170,21761,0x68c8d0,0x20,0x0,0x348c16d89c0e729e
0x660c24,0x16f190,21762,0x68ca30,0x20,0x0,0xf813e56222cf305c
0x660dfc,0x16f1b0,21763,0x68cb90,0x20,0x0,0x739527dae7c4ebeb
0x660f54,0x16f1d0,21764,0x68ccf0,0x20,0x0,0x6e6246ee9b485d8e
0x661140,0x16f1f0,21765,0x68ce50,0x20,0x0,0xa1359ff2e747b26b
0x661508,0x16f210,21766,0x68cfb0,0x20,0x0,0x500131d8d2c2844d
0x661738,0x16f230,21767,0x68d110,0x20,0x0,0xc6d6dee46a9b1aa9
0x661b68,0x16f250,21768,0x68d270,0x20,0x0,0x98e59296b046c1ad
0x661d44,0x16f270,21769,0x68d3d0,0x20,0x0,0xaa58ecb7cefa5c4
0x662310,0x16f290,21770,0x68d530,0x20,0x0,0x307f64a676f784e5
0x6637fc,0x16f2d0,21772,0x68d7f0,0x20,0x0,0x1eaafc98233abd56
0x6641e4,0x16f2f0,21773,0x68d950,0x20,0x0,0x30ddc8e6755d47ce
0x6646d0,0x16f310,21774,0x68dab0,0x20,0x0,0x64808547f5ca9d0b
0x664940,0x16f330,21775,0x68dc10,0x20,0x0,0xc21ec0574cfcba88
0x665818,0x16f350,21776,0x68dd70,0x20,0x0,0x85dec584e3250f7e
0x665ef4,0x16f370,21777,0x68ded0,0x20,0x0,0x378f08f74d36279b
0x666180,0x16f390,21778,0x68e030,0x20,0x0,0xfd7c2568488daf74
0x6663ec,0x16f3b0,21779,0x68e190,0x20,0x0,0x99a5200c661a859e
0x666934,0x16f3d0,21780,0x68e2f0,0x20,0x0,0x727c65f3fba54c05
0x666b2c,0x16f3f0,21781,0x68e450,0x20,0x0,0x3d4600927e0b9222
0x666ca4,0x16f410,21782,0x68e5b0,0x20,0x0,0x5510d54064459aa0
0x666dcc,0x16f450,21784,0x499564,0x17c,0x100,0xcf9463561d6bc7a9
0x666e9c,0x16f470,21785,0x28c3cc,0xc4,0x100,0xed35c4cea64fbbd7
0x666ed4,0x16f010,21750,0x68b9b0,0x20,0x0,0x232f8d235d9555a4
0x666f58,0x16f490,21786,0x5b56fc,0x1e4,0x100,0x275c9773b93459b4
0x666f90,0x16f010,21750,0x68b9b0,0x20,0x0,0x232f8d235d9555a4
0x667014,0x16f4b0,21787,0x2917cc,0x520,0x100,0xaa28f92ad5ae5701
0x66704c,0x16f010,21750,0x68b9b0,0x20,0x0,0x232f8d235d9555a4
0x6670d0,0x16f4d0,21788,0x423038,0x630,0x100,0xe271b7bae3b9b938
0x667108,0x16f010,21750,0x68b9b0,0x20,0x0,0x232f8d235d9555a4
0x66718c,0x16f4f0,21789,0x28bccc,0x194,0x100,0x857b48d70610ffd
0x6671c4,0x16f010,21750,0x68b9b0,0x20,0x0,0x232f8d235d9555a4
0x667248,0x16f510,21790,0x48cc64,0x10ec,0x100,0xe7fbd64e943c674f
0x667304,0x16f530,21791,0x396554,0x3f8,0x100,0x2d436675c240c6ac
0x66733c,0x16f010,21750,0x68b9b0,0x20,0x0,0x232f8d235d9555a4
0x6673c0,0x16f590,21794,0x6016e0,0x5ac,0x100,0x9860a50027d83ac8
0x66747c,0x16f5d0,21796,0x376c90,0x66c,0x100,0xd5cc453bacde892c
0x6674b4,0x16f010,21750,0x68b9b0,0x20,0x0,0x232f8d235d9555a4
0x667538,0x16f5f0,21797,0x48cb64,0x70c,0x100,0xd3b14aa4672e8960
0x6675f4,0x16f630,21799,0x41e938,0x1b30,0x100,0x9d0cdd58afd31d25
0x6676b0,0x16f650,21800,0x260094,0x810,0x100,0x2ebbaaa53d433b53
0x6676e8,0x16f010,21750,0x68b9b0,0x20,0x0,0x232f8d235d9555a4
0x66776c,0x16f670,21801,0x419b38,0x14f4,0x100,0x7cf239b7c5cb858d
0x667828,0x16f6d0,21804,0x4d7a44,0x3e0,0x100,0x76e5ece76d8039cc
0x6678e4,0x16f710,21806,0x2eb514,0x6ec,0x100,0x1f877be52c369650
0x6679a0,0x16f730,21807,0x485d64,0x1128,0x100,0xce06fde094c126da
0x6679d8,0x16f010,21750,0x68b9b0,0x20,0x0,0x232f8d235d9555a4
0x667a5c,0x16f750,21808,0x419738,0x774,0x100,0x5a5a1efd2e1483a7
0x667a94,0x16f010,21750,0x68b9b0,0x20,0x0,0x232f8d235d9555a4
0x667b18,0x16f770,21809,0x5be1fc,0x760,0x100,0x40e8cde4af51aef1
0x667bd4,0x16f790,21810,0x48c864,0x5d8,0x100,0x259d88f1c460dff7
0x667c90,0x16f7b0,21811,0x4d2f44,0xf34,0x100,0x3fc763a5b88b00f9
0x667d4c,0x16f7d0,21812,0x4dad44,0xf4,0x100,0x538277b0b1a6ab44
0x667e08,0x16f7f0,21813,0x488064,0x2e0,0x100,0x8143fbeb4a1cad36
0x667ec4,0x16f810,21814,0x263594,0x1dc,0x100,0x9e151db543072c6a
0x667f80,0x16f830,21815,0x2904cc,0x1d4,0x100,0xf701ca86e318a896
0x66803c,0x16f850,21816,0x22a934,0x164,0x100,0x52e0c218026460b6
0x6680f8,0x16f870,21817,0x5a7ffc,0x1e0,0x100,0x16a299b05e8cb04d
0x6681b4,0x16f890,21818,0x4cc544,0x3dc,0x100,0x231bd41941986261
0x668270,0x16f8b0,21819,0x22ad34,0x218,0x100,0xeaedb6dec15dd974
0x66832c,0x16f8d0,21820,0x229b34,0x460,0x100,0xe2f4c5d205a704f4
0x6683e8,0x16f8f0,21821,0x2fc0bc,0x9e8,0x100,0x423e1aeb861a1b0b
0x6684a4,0x16f910,21822,0x6083e0,0x4f4,0x100,0x5258b3dbc7fd016a
0x668560,0x16f930,21823,0x41ca38,0xecc,0x100,0xdae8875c530cc28b
0x66861c,0x16f950,21824,0x2915cc,0x2b0,0x100,0x941f7560d1863c16
0x6686d8,0x16f970,21825,0x266494,0x6e4,0x100,0x737bacdc5c027ede
0x668794,0x16f9d0,21828,0x6113e0,0x198,0x100,0x53f4dabade3c083d
0x668834,0x16fb30,21839,0x68f4d0,0x20,0x0,0x3edfd86d21a76947
0x6692d0,0x16fb50,21840,0x68f630,0x20,0x0,0x45711f328e88a902
0x669884,0x16fb70,21841,0x68f790,0x20,0x0,0xd3cdf96d9efae4b
0x669bd0,0x16fb90,21842,0x68f8f0,0x20,0x0,0xcdd16c1369f680cd
0x66a6c0,0x16fbb0,21843,0x68fa50,0x20,0x0,0x2ee16681167649d6
0x66aec4,0x1708d0,21948,0x6983f0,0x20,0x0,0xcae9474ab2faba03
0x66bb18,0x1708f0,21949,0x698550,0x20,0x0,0x695b30e72581dbbc
0x66bd10,0x170910,21950,0x6986b0,0x20,0x0,0xde2f84099a79cbaf
0x66bed4,0x170930,21951,0x698810,0x20,0x0,0xb2397258b5dbd1e0
0x66c090,0x170950,21952,0x698970,0x20,0x0,0xf8ca1cea79229fa7
0x66c324,0x170970,21953,0x698ad0,0x20,0x0,0x797156b2f7ecb70d
0x66c4c4,0x170990,21954,0x698c30,0x20,0x0,0x2b6961e7e23ca475
0x66c6b8,0x1709b0,21955,0x698d90,0x20,0x0,0x8cfbc23dc7262c4b
0x66c8a0,0x1709d0,21956,0x698ef0,0x20,0x0,0x4ac54759eedbf921
0x66cfa4,0x1709f0,21957,0x699050,0x20,0x0,0x94def2dfcaf4fbd6
0x66d2f8,0x170a10,21958,0x6991b0,0x20,0x0,0xfbd4d7dc87b916db
0x66d6c8,0x170a30,21959,0x699310,0x20,0x0,0x75ae488f0117799a
0x66d944,0x170a50,21960,0x699470,0x20,0x0,0x5c16ec55646045ac
0x66dff0,0x170a70,21961,0x6995d0,0x20,0x0,0xcb0ccee0554085a3
0x66e100,0x170a90,21962,0x699730,0x20,0x0,0x4dd2848190b8ca24
0x66e34c,0x170ab0,21963,0x699890,0x20,0x0,0x621d6d32869c3d59
0x66e6cc,0x170ad0,21964,0x6999f0,0x20,0x0,0x57b2bb7004d7bed1
0x66ea9c,0x170b10,21966,0x699cb0,0x20,0x0,0xb032d539806f47b
0x66edac,0x170b30,21967,0x699e10,0x20,0x0,0x15edc151b4eba128
0x66f058,0x170b50,21968,0x699f70,0x20,0x0,0xf3ff1aa9e290d8a3
0x66f24c,0x170b70,21969,0x69a0d0,0x20,0x0,0x47672f51ad925cf3
0x66f618,0x170b90,21970,0x69a230,0x20,0x0,0x8b573771331a9aa0
0x66f8d0,0x170bb0,21971,0x69a390,0x20,0x0,0xeb14089d11f05539
0x66fa7c,0x170bd0,21972,0x69a4f0,0x20,0x0,0xfdb0884b46455c12
0x66fc1c,0x170a70,21961,0x6995d0,0x20,0x0,0xcb0ccee0554085a3
0x67081c,0x170bf0,21973,0x69a650,0x20,0x0,0x400aaea15a13b8c0
0x670cf4,0x170c10,21974,0x69a7b0,0x20,0x0,0x1767a30d0252c4d1
0x671164,0x170c30,21975,0x69a910,0x20,0x0,0xcda0eb8f92a46ecf
0x671434,0x170c50,21976,0x69aa70,0x20,0x0,0x1316eb81a0d81ab7
0x6717dc,0x170a70,21961,0x6995d0,0x20,0x0,0xcb0ccee0554085a3
0x672048,0x170c70,21977,0x69abd0,0x20,0x0,0x6d4a732e5ffaa6bf
0x672640,0x170c90,21978,0x69ad30,0x20,0x0,0x20b3ea3f94eed42c
0x6729b4,0x170cb0,21979,0x69ae90,0x20,0x0,0x9308df6e68b5436
0x672d4c,0x170cd0,21980,0x69aff0,0x20,0x0,0xee4363907706ec35
0x67318c,0x170cf0,21981,0x69b150,0x20,0x0,0x879ec5a5b5b776fc
0x673450,0x170d10,21982,0x69b2b0,0x20,0x0,0x108c93b286e3f4d9
0x67360c,0x170d30,21983,0x69b410,0x20,0x0,0xb1fe91a8d1839fd5
0x673a54,0x170d50,21984,0x69b570,0x20,0x0,0xae7352679f039870
0x674174,0x170d70,21985,0x69b6d0,0x20,0x0,0xe1b66f4ea5841fa5
0x6744d0,0x170d90,21986,0x69b830,0x20,0x0,0x60b265fc4eefc8a8
0x674974,0x170db0,21987,0x69b990,0x20,0x0,0xfeedb4f3f583190c
0x674e54,0x170dd0,21988,0x69baf0,0x20,0x0,0x64808547f5ca9d0b
0x675148,0x170df0,21989,0x69bc50,0x20,0x0,0xf3ea1175a360dea
0x6757a4,0x170e10,21990,0x69bdb0,0x20,0x0,0xa14005cc609c6094
0x675b4c,0x170e30,21991,0x69bf10,0x20,0x0,0x794ff718fd40d6b8
0x675e2c,0x170e50,21992,0x69c070,0x20,0x0,0xa19cccef1eeb751f
0x675e48,0x170a70,21961,0x6995d0,0x20,0x0,0xcb0ccee0554085a3
0x6765cc,0x170e70,21993,0x69c1d0,0x20,0x0,0x5768aaa266fa825e
0x676784,0x170a70,21961,0x6995d0,0x20,0x0,0xcb0ccee0554085a3
0x677d74,0x170e90,21994,0x69c330,0x20,0x0,0x1ceed1ebca1306aa
0x678218,0x170eb0,21995,0x69c490,0x20,0x0,0xdb21df0a11b32299
0x6784e0,0x170ed0,21996,0x69c5f0,0x20,0x0,0xf29059ad75905c9f
0x678834,0x170ef0,21997,0x69c750,0x20,0x0,0x2ce195065af58291
0x678cf8,0x170f10,21998,0x69c8b0,0x20,0x0,0xc2a0437756db5749
0x67912c,0x170f30,21999,0x69ca10,0x20,0x0,0x4d45b3a29c8efe5a
0x679fa4,0x170f50,22000,0x69cb70,0x20,0x0,0x45fe5a64c9a85567
0x67a440,0x170f70,22001,0x69ccd0,0x20,0x0,0x500eff15b4a2747f
0x67a514,0x170a70,21961,0x6995d0,0x20,0x0,0xcb0ccee0554085a3
0x67ac04,0x170f90,22002,0x69ce30,0x20,0x0,0x5fdde5b196248c10
0x67b080,0x170fb0,22003,0x69cf90,0x20,0x0,0xb09babab4c025742
0x67b460,0x170fd0,22004,0x69d0f0,0x20,0x0,0xbb431fb34dea927f
0x67b5ec,0x170a70,21961,0x6995d0,0x20,0x0,0xcb0ccee0554085a3
0x67c98c,0x170ff0,22005,0x69d250,0x20,0x0,0xda66159676c63305
0x67cd1c,0x171010,22006,0x69d3b0,0x20,0x0,0x3233a916e6ca0d45
0x67d04c,0x171030,22007,0x69d510,0x20,0x0,0x1b29ade9a3473a35
0x67d1ac,0x171050,22008,0x69d670,0x20,0x0,0x6ee3d3ec0facff71
0x67d3a4,0x171090,22010,0x55b64c,0x164,0x100,0xa6813cb24c78cf4d
0x67d460,0x1710b0,22011,0x226a34,0x1b0,0x100,0xa3cd2202b57ec83d
0x67d51c,0x1710d0,22012,0x2e7314,0x1f4,0x100,0x5889aba63ca761ed
0x67d5d8,0x1710f0,22013,0x375190,0x1c4,0x100,0x885f13b8527f31f1
0x67d6a8,0x171110,22014,0x391854,0x194,0x100,0x21febbf9e42fdd1b
0x67d6e0,0x171010,22006,0x69d3b0,0x20,0x0,0x3233a916e6ca0d45
0x67d764,0x171130,22015,0x431238,0x1c4,0x100,0x23398dc3efce8319
0x67d820,0x171150,22016,0x233a08,0x284,0x100,0x176ccf89b7e6eaa0
0x67d8dc,0x171170,22017,0x52f720,0x1cc,0x100,0x4e41e5f99b436475
0x67d998,0x171190,22018,0x2806b4,0x1f8,0x100,0xa8b49fe54f4516ca
0x67da54,0x1711b0,22019,0x534020,0x348,0x100,0xad4dbd802725bb76
0x67db10,0x171210,22022,0x6119e0,0x11c,0x100,0x1b00b6059967e245
0x67dbcc,0x171230,22023,0x396c54,0x3e4,0x100,0xe29b15cd09068774
0x67dc88,0x171250,22024,0x41b638,0x274,0x100,0x5187daa900c879bd
0x67dd44,0x171270,22025,0x392b54,0x230,0x100,0x57bdc6bfe86741aa
0x67de00,0x1712d0,22028,0x2906cc,0x4c4,0x100,0xd08619dd7098c7c3
0x67debc,0x1712f0,22029,0x393c54,0x3c8,0x100,0x2f62ca89b81cd635
0x67def4,0x171010,22006,0x69d3b0,0x20,0x0,0x3233a916e6ca0d45
0x67df78,0x171310,22030,0x6012e0,0x32c,0x100,0x572ad7f3b5c2bdce
0x67e034,0x171330,22031,0x52ec20,0x1d0,0x100,0xbeda53ccef5f1b88
0x67e0f0,0x171370,22033,0x49bf64,0x2a4,0x100,0xed880a1b56b36e9
0x67e1ac,0x171390,22034,0x227c34,0x2c4,0x100,0x80644697862a7c27
0x67e268,0x1713b0,22035,0x25a894,0x2cc,0x100,0x2b7a504a7e9b4665
0x67e324,0x1713d0,22036,0x374d90,0x350,0x100,0x41371eccfc2ba179
0x67e3e0,0x171430,22039,0x399d54,0x300,0x100,0x99235a70c2d5fcd7
0x67e49c,0x171450,22040,0x41cb38,0x42c,0x100,0xe470e7be18f624d9
0x67e4d4,0x171010,22006,0x69d3b0,0x20,0x0,0x3233a916e6ca0d45
0x67e558,0x171470,22041,0x4cc244,0x2f4,0x100,0x9ee23880bbf5ceb3
0x67e614,0x171490,22042,0x6a0818,0x610,0x100,0x569f05588a30eff3
0x67e6d0,0x1714d0,22044,0x49aa64,0x398,0x100,0xef0121e4ea069915
0x67e78c,0x1714f0,22045,0x490f64,0x1c8,0x100,0x5692a6f433e45070
0x67e7c4,0x171010,22006,0x69d3b0,0x20,0x0,0x3233a916e6ca0d45
0x67e848,0x171510,22046,0x2e9514,0xea0,0x100,0xdd6f9b1333e6674f
0x67e904,0x171530,22047,0x2ef714,0x444,0x100,0xf49da9f2183daedc
0x67e9c0,0x171550,22048,0x4a1f64,0x708,0x100,0xb1e3437873af3823
0x67ea7c,0x171570,22049,0x488a64,0x7c8,0x100,0xb2b3d45faefe07c0
0x67eb38,0x171590,22050,0x490664,0x4b8,0x100,0x629bb479a6f16a05
0x67ebf4,0x1715b0,22051,0x373f90,0x4d8,0x100,0xc73254ed6d5ea9ca
0x67ec2c,0x171010,22006,0x69d3b0,0x20,0x0,0x3233a916e6ca0d45
0x67ecb0,0x1715d0,22052,0x481964,0x3c0,0x100,0x89c11aa95da87a1
0x67ed6c,0x1715f0,22053,0x4cdf44,0x650,0x100,0x1684ce131797a10f
0x67eda4,0x171010,22006,0x69d3b0,0x20,0x0,0x3233a916e6ca0d45
0x67ee28,0x171630,22055,0x394b54,0x17b8,0x100,0x530befd3211c0c2e
0x67ee60,0x171010,22006,0x69d3b0,0x20,0x0,0x3233a916e6ca0d45
0x67eee4,0x171650,22056,0x6141e0,0x374,0x100,0xbef9cba4ab800323
0x67efa0,0x171670,22057,0x22af34,0x48c,0x100,0x82e7d48b27b49b58
0x67efd8,0x171010,22006,0x69d3b0,0x20,0x0,0x3233a916e6ca0d45
0x67f05c,0x171690,22058,0x496964,0x2d8,0x100,0xd3ea15d8e57ba352
0x67f118,0x1716b0,22059,0x261294,0x4b8,0x100,0xc79e9e40a3efa7c7
0x67f150,0x171010,22006,0x69d3b0,0x20,0x0,0x3233a916e6ca0d45
0x67f1d4,0x171730,22063,0x3b6874,0x3a4,0x100,0x7d829dfceca70701
0x67f20c,0x171010,22006,0x69d3b0,0x20,0x0,0x3233a916e6ca0d45
0x67f290,0x171750,22064,0x261e94,0x300,0x100,0x1fd2e44538db961f
0x67f2f8,0x1720f0,22141,0x6a4070,0x20,0x0,0x5abab87a2612f9aa
0x67f538,0x172110,22142,0x6a41d0,0x20,0x0,0x7427a79ca8edfb90
0x67f998,0x172130,22143,0x6a4330,0x20,0x0,0x16cec44c3318aad3
0x67fb30,0x172150,22144,0x6a4490,0x20,0x0,0xeb6e0f87313e5d13
0x6804a4,0x172170,22145,0x6a45f0,0x20,0x0,0xff77987cf70cffce
0x68080c,0x172190,22146,0x6a4750,0x20,0x0,0x30d0b9bdc9eb8892
0x6809d4,0x1721b0,22147,0x6a48b0,0x20,0x0,0xbbbb4f3338bac3a3
0x680c38,0x1721d0,22148,0x6a4a10,0x20,0x0,0x51c19e6fe90618ef
0x680df0,0x1721f0,22149,0x6a4b70,0x20,0x0,0x2c167c415a61bdd9
0x681d74,0x172210,22150,0x6a4cd0,0x20,0x0,0x297ff361a1bff84a
0x682038,0x172230,22151,0x6a4e30,0x20,0x0,0x6437d58be4118457
0x6822e0,0x172250,22152,0x6a4f90,0x20,0x0,0xadb1cf79e594cefb
0x6824cc,0x172270,22153,0x6a50f0,0x20,0x0,0xb561953d0d7ac3fe
0x6829d8,0x172290,22154,0x6a5250,0x20,0x0,0x66b6cd4029f4eec1
0x682d8c,0x1722b0,22155,0x6a53b0,0x20,0x0,0xd91daaa9fd822b0c
0x683388,0x1722d0,22156,0x6a5510,0x20,0x0,0xfb2217f1cf70bd1f
0x683764,0x1722f0,22157,0x6a5670,0x20,0x0,0xa35f1c8e562b2d98
0x683a58,0x172310,22158,0x6a57d0,0x20,0x0,0xd1f12de145595206
0x683f1c,0x172330,22159,0x6a5930,0x20,0x0,0x9f73909e500e0334
0x68431c,0x172350,22160,0x6a5a90,0x20,0x0,0x3b3aea6a750101a5
0x6848ac,0x172370,22161,0x6a5bf0,0x20,0x0,0x4940e656cca041ee
0x684cfc,0x172390,22162,0x6a5d50,0x20,0x0,0xb0e7f315f9583e04
0x684f50,0x1723b0,22163,0x6a5eb0,0x20,0x0,0x1d4b8a165ab69edb
0x685504,0x1723d0,22164,0x6a6010,0x20,0x0,0x9650d6e002beee38
0x6856e4,0x1723f0,22165,0x6a6170,0x20,0x0,0x28a5481c3d7e06e1
0x685908,0x172410,22166,0x6a62d0,0x20,0x0,0xc80f82d1b353bb69
0x685d78,0x172430,22167,0x6a6430,0x20,0x0,0x85176240c85851de
0x68602c,0x172450,22168,0x6a6590,0x20,0x0,0x8e72d779e89c9783
0x6862b4,0x172470,22169,0x6a66f0,0x20,0x0,0x1915f01369d9e4a
0x68665c,0x172490,22170,0x6a6850,0x20,0x0,0x81ff1684420a97c3
0x6868e8,0x1724b0,22171,0x6a69b0,0x20,0x0,0xfa3ea328a88155a3
0x686bbc,0x1724d0,22172,0x6a6b10,0x20,0x0,0xd61d4726aa61755a
0x687354,0x1724f0,22173,0x6a6c70,0x20,0x0,0xba7d3da1a543906d
0x6875f0,0x172510,22174,0x6a6dd0,0x20,0x0,0x6b02b12d6cca350d
0x6877f4,0x172530,22175,0x6a6f30,0x20,0x0,0xbfc972517f46cd4f
0x687ddc,0x172550,22176,0x6a7090,0x20,0x0,0xcc54adefc092fef
0x689250,0x172570,22177,0x6a71f0,0x20,0x0,0xde4bbdffb8b87af1
0x689838,0x172590,22178,0x6a7350,0x20,0x0,0xcaa74a504e287159
0x6899a4,0x1725b0,22179,0x6a74b0,0x20,0x0,0xee459575d403313e
0x689cf0,0x1725d0,22180,0x6a7610,0x20,0x0,0x17105083d774a98a
0x689e80,0x1725f0,22181,0x6a7770,0x20,0x0,0x5a700bde667ade31
0x68a18c,0x172610,22182,0x6a78d0,0x20,0x0,0x1f1ea1c753f9708f
0x68a740,0x172630,22183,0x6a7a30,0x20,0x0,0x34b8fdecc5f0a693
0x68adc8,0x172650,22184,0x6a7b90,0x20,0x0,0x89438b79b6297087
0x68b484,0x172670,22185,0x6a7cf0,0x20,0x0,0x2e38c3b027b594c2
0x68baf0,0x172690,22186,0x6a7e50,0x20,0x0,0x4b6ddd22004e7605
0x68bed4,0x1726b0,22187,0x6a7fb0,0x20,0x0,0xa093aaed5a1670f4
0x68c3b8,0x1726d0,22188,0x6a8110,0x20,0x0,0xc507890dbb71d2b5
0x68c47c,0x1726f0,22189,0x6a8270,0x20,0x0,0xd2fd849f8517051a
0x68c640,0x172710,22190,0x484664,0x988,0x100,0xb2b8c8fb30b5cfde
0x68c710,0x172730,22191,0x28a0cc,0x174,0x100,0xb36b1655f01acd6a
0x68c748,0x172010,22134,0x6a36d0,0x20,0x0,0x89d1161cc739543c
0x68c7e0,0x172750,22192,0x25c494,0xc8,0x100,0xe1ea1a7a94ffa921
0x68c89c,0x172770,22193,0x49f864,0x178,0x100,0xe7c04f92363ec8de
0x68c958,0x172790,22194,0x532520,0x47c,0x100,0x627139e8f3684056
0x68ca14,0x1727b0,22195,0x494464,0x220,0x100,0xba5d022f8032155f
0x68cad0,0x1727d0,22196,0x41b638,0x2b0,0x100,0x964618cd1cb4773a
0x68cb8c,0x1727f0,22197,0x263894,0x1bc,0x100,0x2b9e99b0fbedd069
0x68cc48,0x172810,22198,0x53ad20,0x364,0x100,0x7e57e5254c0e3328
0x68cd04,0x172830,22199,0x42ac38,0x1cc,0x100,0x95be82610dd466ac
0x68cdc0,0x172850,22200,0x433438,0xf9c,0x100,0x19f8a3178e2234a9
0x68ce7c,0x172870,22201,0x366d90,0x264,0x100,0xb43e4100e020370a
0x68cf38,0x172890,22202,0x68972c,0x1a4,0xe0,0x4009d779c8370aa1
0x68cff4,0x1728b0,22203,0x42c238,0x514,0x100,0xd5ac8e2ba87c9b66
0x68d0b0,0x1728d0,22204,0x495d64,0x2c8,0x100,0x704618de64a897fa
0x68d16c,0x172910,22206,0x48d964,0x3b4,0x100,0x515510d60fea243c
0x68d228,0x172990,22210,0x25d594,0x1e0,0x100,0x3c664ec3a3bcfb24
0x68d2e4,0x1729f0,22213,0x31613c,0x5a0,0x100,0x4d3a8c8df0f599b4
0x68d3a0,0x172a50,22216,0x48dc64,0x14d8,0x100,0xebbb2c819f9d059f
0x68d45c,0x172a90,22218,0x425138,0x1fc,0x100,0xeffe159324a0ffb9
0x68d518,0x172ab0,22219,0x52cd20,0x234,0x100,0xaffb985efdefa05d
0x68d5d4,0x172ad0,22220,0x55f54c,0x44c,0x100,0x1733100a79cd2903
0x68d690,0x172b10,22222,0x28dfcc,0x26c,0x100,0xf32ffd2a5cc86e7c
0x68d74c,0x172b30,22223,0x48aa64,0x3b0,0x100,0xc3561b818ac3bbe6
0x68d808,0x172b70,22225,0x372a90,0x2e4,0x100,0x3a1b6a96d475fadc
0x68d8c4,0x172bd0,22228,0x537b20,0x2ec,0x100,0x969b385c38c7c5aa
0x68d980,0x172bf0,22229,0x28d8cc,0x5ac,0x100,0x65370de9527abf27
0x68da3c,0x172c10,22230,0x3b7574,0x698,0x100,0xeac12747aa2f4d70
0x68daf8,0x172c30,22231,0x6158e0,0x6a8,0x100,0xbf4b50f812d8005e
0x68dbb4,0x172c50,22232,0x26ee00,0x684,0xa8,0x425ceadc2ac8fb12
0x68dc70,0x172c70,22233,0x2b6880,0x4fc,0x100,0x6d9aed0984ce5a2f
0x68dd2c,0x172c90,22234,0x6e2198,0x3d8,0x100,0x5d7420fd65ad3b70
0x68dd9c,0x1730b0,22267,0x6aafd0,0x20,0x0,0x4cc3541b4e7e3f91
0x68e1d4,0x1730d0,22268,0x6ab130,0x20,0x0,0xb807778a1d7d2fd3
0x68e458,0x1730f0,22269,0x6ab290,0x20,0x0,0x4135f3d9f31f0593
0x68e684,0x173110,22270,0x6ab3f0,0x20,0x0,0x49854e9c077b0f57
0x68ea64,0x173130,22271,0x6ab570,0x20,0x0,0xade89d3e2fa27180
0x68f0d8,0x173170,22273,0x6ab830,0x20,0x0,0xe43da00cd8c0b2c6
0x68f28c,0x173190,22274,0x6ab990,0x20,0x0,0xdfafd88406c9ee60
0x68f64c,0x1731b0,22275,0x6abaf0,0x20,0x0,0x173f603f57639f03
0x68fac4,0x1731d0,22276,0x6abc50,0x20,0x0,0x88d639e93158afe2
0x68fdec,0x1731f0,22277,0x6abdb0,0x20,0x0,0xe0cd22d3e4d62aee
0x68ff88,0x173230,22279,0x6ac070,0x20,0x0,0xd5cee9a233cbd40c
0x69020c,0x173250,22280,0x6ac1d0,0x20,0x0,0x7ebd5d6788f11b37
0x690608,0x173270,22281,0x6ac330,0x20,0x0,0x7d1da83ef2c4fc4
0x6908d4,0x173290,22282,0x6ac490,0x20,0x0,0xc67b142e33ebda50
0x690ad4,0x1732b0,22283,0x6ac5f0,0x20,0x0,0xd28f24f5a9f76060
0x690ca8,0x1732d0,22284,0x6ac750,0x20,0x0,0x3ff982e4519d088c
0x690e3c,0x1732f0,22285,0x6ac8b0,0x20,0x0,0x261bbb599d720263
0x691004,0x173310,22286,0x6aca10,0x20,0x0,0x4238e8923b1a507f
0x691208,0x173330,22287,0x6acb70,0x20,0x0,0x2a1d3ffa05e2b238
0x6913b8,0x173350,22288,0x368590,0x43c,0x100,0x20486aeb548425ed
0x691488,0x173370,22289,0x259994,0x208,0x100,0x2d8e6697d38068e0
0x691544,0x173390,22290,0x2e9b14,0x258,0x100,0x36ced005fc647989
0x691614,0x1733d0,22292,0x496264,0x160,0x100,0x5bfcc6759c33bb2
0x69164c,0x173010,22262,0x6aa8f0,0x20,0x0,0x2dc3307f8c890187
0x6916d0,0x173430,22295,0x53a120,0x650,0x100,0x124aec27c7cbf4b
0x69178c,0x1734d0,22300,0x2e7f14,0x438,0x100,0x622ea4387944102d
0x691800,0x1739d0,22340,0x6afb90,0x20,0x0,0x1de1ab89797d55d0
0x691b7c,0x1739f0,22341,0x6afcf0,0x20,0x0,0x2a5e57bcddee80f9
0x691d28,0x173a10,22342,0x6afe50,0x20,0x0,0xab13f2fa22d011de
0x691ee4,0x173a30,22343,0x6affb0,0x20,0x0,0x37f95562a3da396e
0x69243c,0x173a50,22344,0x6b0110,0x20,0x0,0xd6b2fac67caeb4fe
0x692800,0x173a70,22345,0x6b0270,0x20,0x0,0x8808ea41fdd90fb6
0x692aec,0x173a90,22346,0x6b03d0,0x20,0x0,0x1874fea6c22fa0c8
0x692e2c,0x173ad0,22348,0x6b0690,0x20,0x0,0x65127c023eb30a0e
0x6933e0,0x173af0,22349,0x6b07f0,0x20,0x0,0x10b8ad2a95b5fba7
0x69380c,0x173b10,22350,0x6b0950,0x20,0x0,0x14be0faa4526c059
0x693b50,0x173b30,22351,0x6b0ab0,0x20,0x0,0xd81d829864effb36
0x6942d8,0x173b70,22353,0x6b0d70,0x20,0x0,0x848a42b075e1672d
0x6946d4,0x173b90,22354,0x6b0ed0,0x20,0x0,0x20c94fa5152e9fb
0x694a44,0x173bb0,22355,0x6b1030,0x20,0x0,0xbccfe2f61b4eff1
0x694e8c,0x173bd0,22356,0x6b1190,0x20,0x0,0x22f977d8c9472a83
0x69531c,0x173bf0,22357,0x6b12f0,0x20,0x0,0x3fdd7220f1f868cc
0x695864,0x173c10,22358,0x6b1450,0x20,0x0,0x44b0b1ccf749b88c
0x695a7c,0x173c30,22359,0x6b15b0,0x20,0x0,0x65dbdab71c1f9d57
0x695c54,0x173c50,22360,0x482a64,0x378,0x100,0x2f7a88c16e2d8183
0x695d24,0x173c70,22361,0x687ad0,0x21c,0x100,0x6184db95ecb48439
0x695de0,0x173c90,22362,0x26eb00,0x1a0,0x100,0x699e17f6e72b882d
0x695e9c,0x173cb0,22363,0x2e5f14,0x1b8,0x100,0x47f357025bcef649
0x695f6c,0x173cd0,22364,0x2932cc,0x188,0x100,0x771a1ef838a5cd72
0x695fa4,0x173010,22262,0x6aa8f0,0x20,0x0,0x2dc3307f8c890187
0x696028,0x173cf0,22365,0x233608,0x348,0x100,0xa78b0225584b29af
0x6960e4,0x173d30,22367,0x36d690,0x2e0,0x100,0x9959d5af68762166
0x6961a0,0x173d50,22368,0x645f20,0x780,0x100,0xb0a99959dcf9d30d
0x69625c,0x173d70,22369,0x25fc94,0x3d8,0x100,0xe4377075108f1c00
0x696318,0x173e10,22374,0x392454,0x44c,0x100,0xc17b2cbbfc903882
0x6963a4,0x174250,22408,0x6b41b0,0x20,0x0,0x8ae95e8283bb03c1
0x69656c,0x174270,22409,0x6b4310,0x20,0x0,0xe3a769e7ed4b8f01
0x69662c,0x174290,22410,0x6b4470,0x20,0x0,0xb33f95c753ea33
0x6967e8,0x1742b0,22411,0x6b45d0,0x20,0x0,0x1210235e49e6ce03
0x6969e0,0x1742d0,22412,0x6b4730,0x20,0x0,0x803f4588353c0ae2
0x696d64,0x1742f0,22413,0x6b4890,0x20,0x0,0x21c0734dfba42e88
0x697198,0x174310,22414,0x6b49f0,0x20,0x0,0xe734a934344c3857
0x69793c,0x174330,22415,0x6b4b50,0x20,0x0,0xeedc0b72d011911e
0x697a98,0x174350,22416,0x6b4cb0,0x20,0x0,0xbd96de45c1663574
0x697ce8,0x174370,22417,0x6b4e10,0x20,0x0,0x419e93b5a5295fc4
0x697e24,0x174390,22418,0x6b4f70,0x20,0x0,0xaf10bc2be532a721
0x6981ac,0x1743b0,22419,0x6b50d0,0x20,0x0,0x31fa7218295fb0f4
0x6987c8,0x1743d0,22420,0x6b5230,0x20,0x0,0xf06c83b10ee65a
0x6989c0,0x1743f0,22421,0x6b5390,0x20,0x0,0xb0bf78eece6ae898
0x698b9c,0x174410,22422,0x6b54f0,0x20,0x0,0xaefe196c0a0c1531
0x698e58,0x174430,22423,0x6b5650,0x20,0x0,0x2960cafb9ae9489
0x698fbc,0x174450,22424,0x6b57b0,0x20,0x0,0x150d9187f7e28c43
0x6991a0,0x174470,22425,0x6b5910,0x20,0x0,0x9af372d18a9c45f6
0x69938c,0x174490,22426,0x6b5a70,0x20,0x0,0xbf6443031683a860
0x699528,0x1744b0,22427,0x6b5bd0,0x20,0x0,0x98efeea370147441
0x6996e4,0x1744d0,22428,0x6b5d30,0x20,0x0,0xe6b611710d977136
0x699870,0x174510,22430,0x4d7c44,0x1a0,0x100,0x6c788b117befa46f
0x6998a8,0x174010,22390,0x6b28f0,0x20,0x0,0x24fbc985cda95fcd
0x699940,0x174530,22431,0x53db20,0x1c0,0x100,0xd107684fa922baba
0x699a10,0x174550,22432,0x49e964,0x13c,0x100,0x4bc913d55477a125
0x699a48,0x174010,22390,0x6b28f0,0x20,0x0,0x24fbc985cda95fcd
0x699acc,0x174570,22433,0x41bf38,0x3b0,0x100,0x8b0efa22f2cb310c
0x699b88,0x1745b0,22435,0x487764,0x438,0x100,0xf14430bba7519379
0x699c44,0x1745f0,22437,0x369590,0x370,0x100,0x173114522edfd0c3
0x699d00,0x174650,22440,0x55fb4c,0x14c,0x100,0x3a8e3734b4ed5a5b
0x699dbc,0x174670,22441,0x55784c,0x240,0x100,0x838e7b0cfda77e35
0x699df4,0x174010,22390,0x6b28f0,0x20,0x0,0x24fbc985cda95fcd
0x699e78,0x174690,22442,0x25df94,0x130,0x100,0x4a2a4e931c351ce
0x699f34,0x1746f0,22445,0x224b34,0x14c,0x100,0x99c14f369e75508f
0x699ff0,0x174750,22448,0x427338,0x170,0x100,0xf80621cb5fc3fcb0
0x69a084,0x174990,22466,0x6b7610,0x20,0x0,0xfed28dbfe54b69de
0x69a22c,0x1749b0,22467,0x6b7770,0x20,0x0,0x69aca7f541e9b720
0x69a538,0x1749d0,22468,0x6b78d0,0x20,0x0,0xfb1f1b6814058f36
0x69a7e4,0x1749f0,22469,0x6b7a30,0x20,0x0,0xc3b0802ea81d230
0x69aa40,0x174a10,22470,0x6b7b90,0x20,0x0,0x243619a3149d1ffe
0x69ac24,0x174a30,22471,0x6b7cf0,0x20,0x0,0xda3a90d9f6e139e5
0x69ae58,0x174a50,22472,0x6b7e50,0x20,0x0,0x18ce77e7072a7ca0
0x69b0b8,0x174a90,22474,0x6b8110,0x20,0x0,0x57b2bb7004d7af86
0x69b290,0x174ab0,22475,0x25e794,0x178,0x100,0x9903c94623499a03
0x69b378,0x174ad0,22476,0x53bf20,0x2c,0x100,0xa3782974ebb06b97
0x69b460,0x174af0,22477,0x3a3334,0x188,0x100,0x260c099b3430e195
0x69b580,0x174b10,22478,0x2943cc,0x308,0x100,0xbb8010a9aed3e62c
0x69b6d0,0x174b30,22479,0x36b090,0x2b0,0x100,0x9f55a41d325b4c13
0x69b808,0x174b50,22480,0x42df38,0x244,0x100,0x2a2c10a969ee392a
0x69b840,0x174010,22390,0x6b28f0,0x20,0x0,0x24fbc985cda95fcd
0x69b8f8,0x174b70,22481,0x421e38,0x200,0x100,0x5f4c95ea3aa709d6
0x69ba30,0x174b90,22482,0x36c790,0x1d0,0x100,0xa19936064b9b3317
0x69bb38,0x174bb0,22483,0x480d64,0x24,0x100,0xcc3d3c6936083d39
0x69bc0c,0x174bd0,22484,0x22c634,0x1e0,0x20,0x7793961589f72700
0x69bcf4,0x174bf0,22485,0x42e438,0x5c,0x100,0xc5228af26df627b8
0x69bd88,0x174e70,22505,0x6b9c90,0x20,0x0,0xa81c1c98daf59557
0x69cb5c,0x174e90,22506,0x6b9df0,0x20,0x0,0x8a6563185ec52e6c
0x69cdd4,0x174eb0,22507,0x6b9f50,0x20,0x0,0xa5a5ba43d1a2fbdf
0x69d54c,0x174ed0,22508,0x6ba0b0,0x20,0x0,0x5642e82456e17591
0x69d6e8,0x174ef0,22509,0x6ba210,0x20,0x0,0xc89722c1744a41c8
0x69e4e4,0x174f10,22510,0x6ba370,0x20,0x0,0xd849b4a78d140edd
0x69f730,0x174f30,22511,0x6ba4d0,0x20,0x0,0xe09ddb91130a82b1
0x6a0300,0x174f50,22512,0x6ba630,0x20,0x0,0x2de5e52c381bbc1e
0x6a0500,0x174f70,22513,0x6ba790,0x20,0x0,0x6d9b9aec9f49bd07
0x6a0688,0x174f90,22514,0x4d6044,0xe04,0x100,0xd0126ad690324a13
0x6a0758,0x174fb0,22515,0x4d5444,0x204,0x100,0x8c65f4ab542fdba1
0x6a0828,0x174fd0,22516,0x223434,0x138,0x100,0x41211e51d5de6476
0x6a0860,0x174010,22390,0x6b28f0,0x20,0x0,0x24fbc985cda95fcd
0x6a08e4,0x174ff0,22517,0x5b1efc,0x238,0x100,0xd4d15d38935a31eb
0x6a091c,0x174010,22390,0x6b28f0,0x20,0x0,0x24fbc985cda95fcd
0x6a09a0,0x175010,22518,0x4d6944,0x790,0x100,0x51f64031e31d0006
0x6a0a5c,0x175030,22519,0x5ac6fc,0x1a0,0x100,0x2d6bbb5ccf2ca68e
0x6a0b18,0x175090,22522,0x3bcb98,0x124c,0x100,0x6a2acc610ffb7a02
0x6a0b50,0x175010,22518,0x4d6944,0x790,0x100,0x51f64031e31d0006
0x6a0bac,0x175bd0,22612,0x6c2370,0x20,0x0,0x45c6dabda4466dd1
0x6a0e9c,0x175bf0,22613,0x6c24d0,0x20,0x0,0x59c5daa7db9650a5
0x6a1348,0x175c10,22614,0x6c2630,0x20,0x0,0x77c302ff116a49c4
0x6a15f4,0x175c30,22615,0x6c2790,0x20,0x0,0x4de480631c2b6ccd
0x6a1a3c,0x175c50,22616,0x6c28f0,0x20,0x0,0x138cc0905b91b9e3
0x6a1cd0,0x175c70,22617,0x6c2a50,0x20,0x0,0xba4688320a32f51b
0x6a21c0,0x175c90,22618,0x6c2bb0,0x20,0x0,0xf813f9c622ce62dc
0x6a2480,0x175cb0,22619,0x6c2d10,0x20,0x0,0xab635d9d5aa0d33c
0x6a2884,0x175cd0,22620,0x6c2e70,0x20,0x0,0xc4a2f5667ca7997c
0x6a2ac4,0x175cf0,22621,0x6c2fd0,0x20,0x0,0x329f1d3c6bea29c1
0x6a2f74,0x175d10,22622,0x6c3130,0x20,0x0,0x84861d1929208b62
0x6a3244,0x175d30,22623,0x6c3290,0x20,0x0,0x1ee7dc49c3402f9f
0x6a3570,0x175d50,22624,0x6c33f0,0x20,0x0,0x109301a7feb4c381
0x6a3884,0x175d70,22625,0x6c3550,0x20,0x0,0xfedfa865ac305840
0x6a3d2c,0x175d90,22626,0x6c36b0,0x20,0x0,0x8b88e86523edcd0
0x6a3fec,0x175db0,22627,0x6c3810,0x20,0x0,0xdad3268fa56b66ad
0x6a4264,0x175dd0,22628,0x6c3970,0x20,0x0,0x889e46a6d2a79e14
0x6a46c4,0x175df0,22629,0x6c3ad0,0x20,0x0,0x838af4f05fcb334a
0x6a49cc,0x175e10,22630,0x6c3c30,0x20,0x0,0x21e19bf6cf094cda
0x6a4cb8,0x175e30,22631,0x6c3d90,0x20,0x0,0xd368ace341ca7d94
0x6a5100,0x175e50,22632,0x6c3ef0,0x20,0x0,0x642a27e2fcea75ce
0x6a5a60,0x175e70,22633,0x6c4050,0x20,0x0,0xf5525fe6be687460
0x6a5cb8,0x175e90,22634,0x6c41b0,0x20,0x0,0x8c988e75a279ca8
0x6a70c0,0x175eb0,22635,0x6c4310,0x20,0x0,0xade6e4f9b506f414
0x6a7678,0x175ed0,22636,0x6c4470,0x20,0x0,0x2a8be3a9556dd900
0x6a7b4c,0x175ef0,22637,0x6c45d0,0x20,0x0,0x42c450aa097126cf
0x6aa18c,0x175f10,22638,0x6c4730,0x20,0x0,0xaf034d35e1b6e6c6
0x6ab7f4,0x175f30,22639,0x6c4890,0x20,0x0,0xf57499b94a17e466
0x6abc00,0x175f50,22640,0x6c49f0,0x20,0x0,0x3efe89f525b8eeb6
0x6ac160,0x175f70,22641,0x6c4b50,0x20,0x0,0x1c974660085707d5
0x6ac498,0x175f90,22642,0x6c4cb0,0x20,0x0,0xadea793131e80189
0x6acf04,0x175fb0,22643,0x6c4e10,0x20,0x0,0xfbd699d28ec71c39
0x6ad6b4,0x175fd0,22644,0x6c4f70,0x20,0x0,0x824df34c4d3ee084
0x6ad944,0x175ff0,22645,0x6c50d0,0x20,0x0,0xaae673b58fd5fda3
0x6adc3c,0x176010,22646,0x6c5230,0x20,0x0,0x690dbae30e40d3c8
0x6add94,0x176030,22647,0x6c5390,0x20,0x0,0xf094d8f21e53db41
0x6adf34,0x1760b0,22651,0x420a38,0x4b0,0x100,0x1270c0bc91551eeb
0x6adff0,0x1760d0,22652,0x484a64,0x458,0x100,0xaf242495e6f26aa1
0x6ae0c0,0x1760f0,22653,0x22a634,0x15c,0x100,0xef0e57bab14a359e
0x6ae190,0x176110,22654,0x55ac4c,0x150,0x100,0xb6645625dcc6c869
0x6ae1c8,0x176010,22646,0x6c5230,0x20,0x0,0x690dbae30e40d3c8
0x6ae24c,0x176150,22656,0x42ac38,0x4fc,0x100,0x9334e8da39197460
0x6ae308,0x176170,22657,0x48f464,0x408,0x100,0x4ac5516aa89c98a9
0x6ae3c4,0x1761b0,22659,0x42c638,0x4bc,0x100,0xf9bce987ec0ebdd
0x6ae480,0x176270,22665,0x2ec014,0x4c0,0x100,0xdf11216ad2d46da
0x6ae53c,0x176290,22666,0x428038,0x468,0x100,0xf4cc7eae2598c703
0x6ae5f8,0x1762f0,22669,0x2f3814,0x43c,0x100,0x56e32f8df3c9e996
0x6ae630,0x176010,22646,0x6c5230,0x20,0x0,0x690dbae30e40d3c8
0x6ae6b4,0x176330,22671,0x635f0c,0x240,0x100,0xc9146e313d5da9ea
0x6ae6ec,0x176010,22646,0x6c5230,0x20,0x0,0x690dbae30e40d3c8
0x6ae770,0x176370,22673,0x53a020,0x5a8,0x100,0x3250981e67d42fcb
0x6ae7a8,0x176010,22646,0x6c5230,0x20,0x0,0x690dbae30e40d3c8
0x6ae82c,0x176390,22674,0x666f48,0x4ec,0x100,0xf2f3dc142f22eb2f
0x6ae864,0x176010,22646,0x6c5230,0x20,0x0,0x690dbae30e40d3c8
0x6ae8e8,0x1763b0,22675,0x6c341c,0x1e0,0x100,0x123c89a168f772
0x6ae938,0x1764d0,22684,0x6c5ff0,0x20,0x0,0xe5e883bbccb97334
0x6aea78,0x1764f0,22685,0x6c6150,0x20,0x0,0xfb4e2a8ff3c2e839
0x6af5b4,0x176510,22686,0x6c62b0,0x20,0x0,0x7ebb1389c58481df
0x6af77c,0x176530,22687,0x6c6410,0x20,0x0,0x36a65c9018dded3f
0x6af9b0,0x176550,22688,0x6c6570,0x20,0x0,0x8ef920ac33275903
0x6afb44,0x176570,22689,0x6c66d0,0x20,0x0,0x8fb70770b9f1c2a8
0x6afd64,0x1765d0,22692,0x5bc2fc,0x198,0x100,0x59f4c52072037442
0x6afe34,0x1765f0,22693,0x483c64,0x1bc,0x100,0x16956aa926506ee0
0x6afe6c,0x176010,22646,0x6c5230,0x20,0x0,0x690dbae30e40d3c8
0x6afef0,0x176610,22694,0x287fcc,0x1b4,0x100,0xc835fc530230bbaa
0x6aff28,0x176010,22646,0x6c5230,0x20,0x0,0x690dbae30e40d3c8
0x6aff74,0x176770,22705,0x6c75f0,0x20,0x0,0x9c5706933b2ddc90
0x6b0a38,0x176790,22706,0x6c7750,0x20,0x0,0xbab3eb32406404da
0x6b11b4,0x1767b0,22707,0x6c78b0,0x20,0x0,0x7ea4384c65ad5086
0x6b1e0c,0x1767d0,22708,0x6c7a10,0x20,0x0,0x59cdfdb90ee67d0e
0x6b25b4,0x1767f0,22709,0x6c7b70,0x20,0x0,0xb4c894bbfd672348
0x6b2980,0x176810,22710,0x6c7cd0,0x20,0x0,0xe913b67ab0ef3b78
0x6b2b1c,0x176830,22711,0x6c7e30,0x20,0x0,0x5fdc19bab631d1a9
0x6b2c90,0x176850,22712,0x6c7f90,0x20,0x0,0x42dfbf8f0425bde8
0x6b2e9c,0x176870,22713,0x538320,0x178,0x100,0xde6459a0b22a0497
0x6b2f58,0x1768b0,22715,0x28d4cc,0x77c,0x100,0x14a149fe9d0e33c9
0x6b3028,0x1768d0,22716,0x267094,0x1a8,0x100,0x4853d1c489a4e4ef
0x6b3060,0x176010,22646,0x6c5230,0x20,0x0,0x690dbae30e40d3c8
0x6b30e4,0x176910,22718,0x5b4efc,0x7a8,0x100,0x7f020dfc867d05ca
0x6b31a0,0x176930,22719,0x480b64,0x3e0,0x100,0xd13f71d2f1a651ef
0x6b325c,0x176950,22720,0x531d20,0x1a8,0x100,0x6f137e6cbda1a21a
0x6b32b8,0x176d10,22750,0x6ca8d0,0x20,0x0,0xd979be9f0f429526
0x6b3438,0x176d30,22751,0x6caa30,0x20,0x0,0x4213a793fc99a1
0x6b3644,0x176d50,22752,0x6cab90,0x20,0x0,0xc138a2d493eaaad0
0x6b389c,0x176d70,22753,0x6cacf0,0x20,0x0,0x1e0a7b3f3ad1c7da
0x6b3df8,0x176d90,22754,0x6cae50,0x20,0x0,0x5fe46d71ef50deef
0x6b4094,0x176eb0,22763,0x6cbab0,0x20,0x0,0xb2f3263d65a8f12d
0x6b4950,0x176db0,22755,0x6cafb0,0x20,0x0,0x8e35cd30ad1048a4
0x6b4b6c,0x176010,22646,0x6c5230,0x20,0x0,0x690dbae30e40d3c8
0x6b4e38,0x176dd0,22756,0x6cb110,0x20,0x0,0x679017dc00b85977
0x6b5264,0x176df0,22757,0x6cb270,0x20,0x0,0x7d7da7e8c8ebfec3
0x6b5d0c,0x176e10,22758,0x6cb3d0,0x20,0x0,0x45321788ab18e167
0x6b6478,0x176e30,22759,0x6cb530,0x20,0x0,0xf80904961cbb93e6
0x6b6774,0x176e50,22760,0x6cb690,0x20,0x0,0x174f5cda5ca13906
0x6b70d4,0x176e70,22761,0x6cb7f0,0x20,0x0,0xe6211e1b92910232
0x6b712c,0x176ef0,22765,0x6cbd70,0x20,0x0,0xc4c0c96354a81e55
0x6b713c,0x176eb0,22763,0x6cbab0,0x20,0x0,0xb2f3263d65a8f12d
0x6b75b8,0x176e90,22762,0x6cb950,0x20,0x0,0xeda5ae03e21ab528
0x6b770c,0x176ed0,22764,0x6cbc10,0x20,0x0,0xca759a94a8fb5ac2
0x6b780c,0x176010,22646,0x6c5230,0x20,0x0,0x690dbae30e40d3c8
0x6b7934,0x176f10,22766,0x6cbed0,0x20,0x0,0xbe5e56466fd81f96
0x6b7a78,0x176f30,22767,0x6cc030,0x20,0x0,0xd1a9cbe459160518
0x6b7cb4,0x176f70,22769,0x5b34fc,0x148,0x100,0x96959d9fcb704ab6
0x6b7d84,0x176fb0,22771,0x3adad0,0x1d8,0x100,0x144730938b600120
0x6b7dbc,0x176010,22646,0x6c5230,0x20,0x0,0x690dbae30e40d3c8
0x6b7e40,0x176ff0,22773,0x42aa38,0x428,0x100,0xbd5ccb2a98136e64
0x6b7efc,0x177010,22774,0x369690,0xb50,0x100,0x6a58c2f80dbd4b62
0x6b7fb8,0x177050,22776,0x4cd144,0x4fc,0x100,0xe1f426669631c738
0x6b8074,0x177070,22777,0x427538,0xa94,0x100,0x1382e6bfcdd91984
0x6b8130,0x177090,22778,0x4da544,0x958,0x100,0x4967b2f369bedf26
0x6b81ec,0x1770b0,22779,0x48dd64,0x2d8,0x100,0x65c8712b6fb5246e
0x6b82a8,0x1770d0,22780,0x379490,0x520,0x100,0x8cc6bed89e216592
0x6b8308,0x1772d0,22796,0x6cd650,0x20,0x0,0xc2426f574d3179e5
0x6b84b8,0x1772f0,22797,0x6cd7b0,0x20,0x0,0x7114c7fb78e25c9f
0x6b8680,0x177310,22798,0x6cd910,0x20,0x0,0x307f64a674f7a1c8
0x6b88e8,0x177350,22800,0x6cdbd0,0x20,0x0,0x1075678d03b5bd38
0x6b8f38,0x177390,22802,0x6cde90,0x20,0x0,0xf50f2cd0c9f5cb3e
0x6b96cc,0x1773b0,22803,0x6cdff0,0x20,0x0,0x32f2cacd2da18823
0x6b9ff0,0x1773d0,22804,0x6ce150,0x20,0x0,0xd4a37a111f7e69af
0x6ba15c,0x1773f0,22805,0x6ce2b0,0x20,0x0,0x60cb5b6214cdf3e4
0x6ba394,0x177410,22806,0x417e38,0x170,0x100,0x60a5b1c7fed624ed
0x6ba450,0x177430,22807,0x396654,0x1b8,0x100,0xfd64debb38de6e0b
0x6ba520,0x177450,22808,0x25b194,0x1d4,0x100,0x59a5bfbf7f72d277
0x6ba558,0x177010,22774,0x369690,0xb50,0x100,0x6a58c2f80dbd4b62
0x6ba5dc,0x177490,22810,0x4a2464,0x65c,0x100,0x30b16c319e62c2ed
0x6ba698,0x1774d0,22812,0x36c090,0x798,0x100,0x4c5c0a759279f81d
0x6ba730,0x177590,22818,0x6ceaf0,0x20,0x0,0x4c2ab8fc55a92834
0x6baa7c,0x1775b0,22819,0x6cec50,0x20,0x0,0x78c2b82a07cb2fc
0x6bad04,0x177870,22841,0x6d0930,0x20,0x0,0x84c133263b0e6d96
0x6baf54,0x177890,22842,0x6d0a90,0x20,0x0,0xe6df7040ae119d57
0x6bb0a0,0x177010,22774,0x369690,0xb50,0x100,0x6a58c2f80dbd4b62
0x6bb1fc,0x1778b0,22843,0x6d0bf0,0x20,0x0,0x5e1933ede8030a99
0x6bb584,0x1778d0,22844,0x6d0d50,0x20,0x0,0xf087be9635004d7c
0x6bb85c,0x1778f0,22845,0x6d0eb0,0x20,0x0,0x3b23c4a382a8aa0a
0x6bbb30,0x177910,22846,0x6d1010,0x20,0x0,0x6282526ece08d4f3
0x6bbdf8,0x177930,22847,0x6d1170,0x20,0x0,0x75d64553057a7c38
0x6bc510,0x177950,22848,0x6d12d0,0x20,0x0,0xeadf30b71045f45c
0x6bc5c0,0x1779d0,22852,0x6d1850,0x20,0x0,0x7aaa99ec7ea8d9d4
0x6bca24,0x177970,22849,0x6d1430,0x20,0x0,0x748da700067f8a3c
0x6bcbd0,0x177990,22850,0x6d1590,0x20,0x0,0x7bbb07cc516d3d4a
0x6bcbf0,0x1779b0,22851,0x6d16f0,0x20,0x0,0x6c075899bc1838cb
0x6bcdf0,0x1779d0,22852,0x6d1850,0x20,0x0,0x7aaa99ec7ea8d9d4
0x6bd0ec,0x1779f0,22853,0x6d19b0,0x20,0x0,0x193330c73e96b922
0x6bd268,0x177a10,22854,0x6d1b10,0x20,0x0,0x6f8c62822e4895cc
0x6bd42c,0x177a30,22855,0x2eb714,0x180,0x100,0xff13b526c52d1895
0x6bd4e8,0x177a50,22856,0x49b364,0x37c,0x100,0x2c1b8afe4fccc1a3
0x6bd5a4,0x177a70,22857,0x4d0c44,0x2d8,0x100,0x852d44970f1299c1
0x6bd674,0x177a90,22858,0x36e290,0x160,0x100,0xebc4815d1b0904b3
0x6bd6ac,0x177010,22774,0x369690,0xb50,0x100,0x6a58c2f80dbd4b62
0x6bd730,0x177b10,22862,0x53f520,0x73c,0x100,0xa5869f0e8767109e
0x6bd7ec,0x177b30,22863,0x62dfe0,0x1a8,0x100,0x48e893ef895cc53c
0x6bd8a8,0x177b50,22864,0x42b638,0x524,0x100,0xd40c002b97792118
0x6bd934,0x177c10,22870,0x6d2350,0x20,0x0,0x5d2e0bcb41b7fb75
0x6bddb8,0x177c30,22871,0x6d24b0,0x20,0x0,0x80322a7b169522f1
0x6be000,0x177c50,22872,0x6d2610,0x20,0x0,0x2101e69e334fe564
0x6be160,0x177c70,22873,0x6d2770,0x20,0x0,0x1bd6679fcb6dca03
0x6be380,0x177cb0,22875,0x22ae34,0x164,0x100,0xaedf942cd76cdd2f
0x6be450,0x177cd0,22876,0x6cc1c8,0x1bc,0x100,0xccfebce7f206dc69
0x6be488,0x177010,22774,0x369690,0xb50,0x100,0x6a58c2f80dbd4b62
0x6be50c,0x177cf0,22877,0x202a34,0x250,0x100,0xc465a25f63e4be9
0x6be6d8,0x177ef0,22893,0x6d3d70,0x20,0x0,0x578d7e5289564af1
0x6bea68,0x176050,22648,0x537c20,0x2f0,0x100,0xff6a720c55a0ce0b
0x6bf3e4,0x177f10,22894,0x6d3ed0,0x20,0x0,0x5cd6f04ad20a0daa
0x6bfec8,0x177f30,22895,0x6d4030,0x20,0x0,0x7a49899c03829b3e
0x6c02e0,0x177f70,22897,0x6d42f0,0x20,0x0,0x1afcec6390c19ab2
0x6c0d48,0x177f90,22898,0x6d4450,0x20,0x0,0xecfc053fbf3664da
0x6c148c,0x1770f0,22781,0x6cc190,0x20,0x0,0x9c49e63e365c6f65
0x6c1cf4,0x1772d0,22796,0x6cd650,0x20,0x0,0xc2426f574d3179e5
0x6c2204,0x177fb0,22899,0x6d45b0,0x20,0x0,0xcbfac0373f5af1bd
0x6c2218,0x177050,22776,0x4cd144,0x4fc,0x100,0xe1f426669631c738
0x6c23a4,0x177fd0,22900,0x6d4710,0x20,0x0,0xc4d9aafe593ced15
0x6c2514,0x177ff0,22901,0x6d4870,0x20,0x0,0x7dadbc1f9ff5cf30
0x6c2698,0x178010,22902,0x6d49d0,0x20,0x0,0xe4924dd6be337d66
0x6c2904,0x178030,22903,0x6d4b30,0x20,0x0,0x8cf4c252ba92a0c7
0x6c2a80,0x178050,22904,0x6d4c90,0x20,0x0,0x805a8890bd22c025
0x6c2b94,0x178070,22905,0x235408,0x12c,0x100,0xfa2518780025c2b6
0x6c2c64,0x1780b0,22907,0x263d94,0xc4,0x100,0xd1703acc75e644b
0x6c2c9c,0x178010,22902,0x6d49d0,0x20,0x0,0xe4924dd6be337d66
0x6c2d20,0x1780f0,22909,0x52cb20,0x694,0x100,0x4cd677cf3dbeb603
0x6c2ddc,0x178110,22910,0x4c6e44,0x11c,0x100,0x6818a389cf979d3e
0x6c2e98,0x178130,22911,0x234a08,0xe8,0x100,0x6001ad0397a293e3
0x6c2f54,0x178150,22912,0x647fd4,0x118,0xa0,0xd6f074c34cd9a6ac
0x6c3010,0x178170,22913,0x292dcc,0x114,0x100,0xe6ab6844282b1f9b
0x6c30e0,0x178190,22914,0x41fe38,0x180,0x100,0x76877cde9ac08821
0x6c319c,0x1781d0,22916,0x431638,0x14bc,0x100,0x59751d76a87fc76f
0x6c3258,0x1781f0,22917,0x531320,0x160,0x100,0x3136e2f13704c606
0x6c3314,0x178210,22918,0x225a34,0x19c,0x100,0x72e792b06d42eeae
0x6c33d0,0x178230,22919,0x417f38,0x270,0x100,0x64fcd6cfe6d1a574
0x6c3420,0x1784b0,22939,0x6d6810,0x20,0x0,0xf5f1edc180453a0f
0x6c360c,0x1784d0,22940,0x6d6970,0x20,0x0,0xe9f7c70c9054da61
0x6c37a8,0x1784f0,22941,0x6d6ad0,0x20,0x0,0xeecf81666543837e
0x6c391c,0x178510,22942,0x6d6c30,0x20,0x0,0x2840d78abf86075
0x6c481c,0x178530,22943,0x6d6d90,0x20,0x0,0xe361ee6d336f2df1
0x6c4b00,0x178550,22944,0x6d6ef0,0x20,0x0,0x6f05c9402e88b2d3
0x6c4d0c,0x178570,22945,0x6d7050,0x20,0x0,0x4cbdce194452ac
0x6c573c,0x178590,22946,0x6d71b0,0x20,0x0,0x48a430881e6a5f56
0x6c6034,0x1785b0,22947,0x6d7310,0x20,0x0,0xb901cf8754b962e9
0x6c6bf4,0x1785d0,22948,0x6d7470,0x20,0x0,0xf3f6412d46cbfe96
0x6c6d78,0x1785f0,22949,0x6d75d0,0x20,0x0,0xcf9b26e9f20b0c79
0x6c7888,0x178630,22951,0x6d7890,0x20,0x0,0x4d731121bef87523
0x6c7a94,0x178650,22952,0x6d79f0,0x20,0x0,0x4051e3647b2922bf
0x6c85a0,0x178670,22953,0x6d7b50,0x20,0x0,0x6580cce33c3a2e44
0x6c8ee0,0x178690,22954,0x6d7cb0,0x20,0x0,0xb747625be4089844
0x6c9044,0x1786b0,22955,0x6d7e10,0x20,0x0,0x8f25cf9e8ed00bd2
0x6c91ec,0x1786d0,22956,0x370c90,0xabc,0x100,0xfd18ae85cc38337c
0x6c92a8,0x178710,22958,0x31613c,0x2e8,0x100,0x99cc342637811dd4
0x6c9364,0x178730,22959,0x489264,0x1fc,0x100,0x4a192b796d21f41d
0x6c9434,0x178750,22960,0x261594,0x168,0x100,0x9fcfe22ac701a0f5
0x6c94f0,0x178770,22961,0x226534,0xbd4,0x100,0x479617fa9c13494e
0x6c95ac,0x178790,22962,0x28b2cc,0x904,0x100,0xf04d8461010a36e8
0x6c967c,0x1787d0,22964,0x48ef64,0x158,0x100,0x9d6cdedfa9058045
0x6c96b4,0x178010,22902,0x6d49d0,0x20,0x0,0xe4924dd6be337d66
0x6c96ec,0x1788b0,22971,0x6d87d0,0x20,0x0,0xd585241433765e4a
0x6cce58,0x1788d0,22972,0x6d8930,0x20,0x0,0x1ee4e10a850f87a2
0x6cd0b0,0x1788f0,22973,0x6d8a90,0x20,0x0,0xc4fe40046a0fce00
0x6cd37c,0x178930,22975,0x6d8d50,0x20,0x0,0x5a187d6315371425
0x6cd4f4,0x178950,22976,0x6d8eb0,0x20,0x0,0xb35261bb2f4d4c6
0x6cd6b0,0x178970,22977,0x28fbcc,0x17c,0x100,0xf38e688ce5339ddd
0x6cd76c,0x178990,22978,0x378290,0x254,0x100,0x41127fc7b58d9f0c
0x6cd828,0x1789b0,22979,0x265494,0x2d8,0x100,0xca10564088589108
0x6cd8f8,0x1789d0,22980,0x3ad8d0,0x158,0x100,0x7b7049d7f3a5aa07
0x6cd930,0x178010,22902,0x6d49d0,0x20,0x0,0xe4924dd6be337d66
0x6cd970,0x178b70,22993,0x6da090,0x20,0x0,0x65ad66e6c9ed0525
0x6cdc00,0x178b90,22994,0x6da1f0,0x20,0x0,0xf925ebd0056db3ea
0x6ce524,0x178bb0,22995,0x6da350,0x20,0x0,0xd847f1fbbee805db
0x6d0a2c,0x178bd0,22996,0x6da4b0,0x20,0x0,0x385692bab6a90efe
0x6d151c,0x178bf0,22997,0x6da610,0x20,0x0,0xcbf6b307e7258f86
0x6d1754,0x178c10,22998,0x6da770,0x20,0x0,0xcc97858435fac155
0x6d18d8,0x178c30,22999,0x6da8d0,0x20,0x0,0xcb0bdc028dd00e13
0x6d1ae4,0x178c50,23000,0x398554,0x284,0x100,0xdea0801d6187310d
0x6d1bb4,0x178c70,23001,0x25c394,0x188,0x100,0xa8bffb7c3dc38aca
0x6d1c70,0x178c90,23002,0x4d2444,0xac8,0x100,0x8a05b4db6813f508
0x6d1d2c,0x178cb0,23003,0x41be38,0x90c,0x100,0x97380de67b5efd0a
0x6d1d64,0x178010,22902,0x6d49d0,0x20,0x0,0xe4924dd6be337d66
0x6d1de8,0x178cd0,23004,0x378a90,0x2514,0x100,0xe4c63c2ec85bcb38
0x6d1eb8,0x178cf0,23005,0x233108,0x1bc,0x100,0xd314adafae9c1c7f
0x6d1ef0,0x178010,22902,0x6d49d0,0x20,0x0,0xe4924dd6be337d66
0x6d1f28,0x178fd0,23028,0x6dc710,0x20,0x0,0xe980fba35513ab57
0x6d2378,0x178ff0,23029,0x6dc870,0x20,0x0,0x95065b422986a8e9
0x6d2868,0x179050,23032,0x6dcc90,0x20,0x0,0x1095cdb5b4ae756b
0x6d2d88,0x179070,23033,0x6dcdf0,0x20,0x0,0x3058e748e6525a1
0x6d2f78,0x179090,23034,0x6dcf50,0x20,0x0,0x139162500d732a92
0x6d320c,0x1790b0,23035,0x6dd0b0,0x20,0x0,0x668442928e231e7f
0x6d38d8,0x1790d0,23036,0x6dd210,0x20,0x0,0x7216f09a5a83fdea
0x6d3c28,0x1790f0,23037,0x6dd370,0x20,0x0,0x48ab3452ff53c298
0x6d3dc4,0x178030,22903,0x6d4b30,0x20,0x0,0x8cf4c252ba92a0c7
0x6d3eb0,0x179030,23031,0x6dcb30,0x20,0x0,0x99816b9a153744ea
0x6d4178,0x179130,23039,0x6dd630,0x20,0x0,0xc528cb298e8588b6
0x6d43fc,0x1791b0,23043,0x42f138,0x60,0x100,0x44052b6b07a8eef8
0x6d44ec,0x1791d0,23044,0x315f3c,0x50,0x100,0xea9813dcde373cad
0x6d45a8,0x1791f0,23045,0x368d90,0x540,0x100,0xfd81e9bbe593e95
0x6d4664,0x179230,23047,0x25f394,0x204,0x100,0x7f5e840e34817665
0x6d4720,0x179250,23048,0x49b064,0x6f8,0x100,0x6a6db8f2619eedde
0x6d47dc,0x179270,23049,0x52a620,0x31c,0x100,0x67612da852150ee3
0x6d486c,0x179890,23098,0x6e1830,0x20,0x0,0xefc7fae6c7dd8d42
0x6d52fc,0x1798b0,23099,0x6e1990,0x20,0x0,0x88a72f5670e747f5
0x6d566c,0x1798d0,23100,0x6e1af0,0x20,0x0,0x74e85ff1fa94d481
0x6d6bbc,0x1798f0,23101,0x6e1c50,0x20,0x0,0xfe339ec92a6e3a92
0x6d8a00,0x179910,23102,0x6e1db0,0x20,0x0,0x765ee4d0268bec9d
0x6d8c90,0x179010,23030,0x6dc9d0,0x20,0x0,0x72845e811b375abf
0x6d904c,0x179930,23103,0x6e1f10,0x20,0x0,0x5d1b2e3f7cd5e967
0x6d9418,0x179950,23104,0x6e2070,0x20,0x0,0x61af66f22020423f
0x6d9650,0x179970,23105,0x6e21d0,0x20,0x0,0xdd3c4511a53adaad
0x6d998c,0x179990,23106,0x6e2330,0x20,0x0,0x18ce77e7072a7ca0
0x6d9c48,0x1799b0,23107,0x6e2490,0x20,0x0,0xfa4f590bb480fb2b
0x6da124,0x1799d0,23108,0x6e25f0,0x20,0x0,0xc3dbdf91522bbf6
0x6dad98,0x1799f0,23109,0x6e2750,0x20,0x0,0xa5437ec914eba7b5
0x6db39c,0x179a10,23110,0x6e28b0,0x20,0x0,0xdb527185a40af351
0x6db5a8,0x179a30,23111,0x6e2a10,0x20,0x0,0x18ce77e7072a7ca0
0x6db914,0x179a50,23112,0x6e2b70,0x20,0x0,0xe3798634b0d25b2b
0x6dbd54,0x179a70,23113,0x6e2cd0,0x20,0x0,0x55d5c339dec0354d
0x6dc6a0,0x179a90,23114,0x6e2e30,0x20,0x0,0xd1c85ccfdd0525d0
0x6dedfc,0x179ab0,23115,0x6e2f90,0x20,0x0,0x9546d31a5f454d10
0x6df95c,0x179ad0,23116,0x6e30f0,0x20,0x0,0x5c019bd2bc4e5646
0x6e0720,0x179af0,23117,0x6e3250,0x20,0x0,0xe5b3dd2ad1435a06
0x6e0f84,0x179b10,23118,0x6e33b0,0x20,0x0,0x503dc818a14c8288
0x6e17cc,0x179b30,23119,0x6e3510,0x20,0x0,0x8d3b138120a93031
0x6e1d44,0x179b50,23120,0x6e3670,0x20,0x0,0x46ed4c9c6edf38c2
0x6e1e80,0x179b70,23121,0x6e37d0,0x20,0x0,0x744fef93f67465b2
0x6e2008,0x179b90,23122,0x2905cc,0xaa4,0x100,0x75e11cb130a05438
0x6e20d8,0x179bb0,23123,0x5b81fc,0x140,0x100,0x144a9d1ae93eb59d
0x6e21a8,0x179bd0,23124,0x2f3214,0x138,0x100,0xf0fa1d02ae2baae6
0x6e21e0,0x179010,23030,0x6dc9d0,0x20,0x0,0x72845e811b375abf
0x6e2264,0x179bf0,23125,0x3bd498,0x1e3c,0x100,0x494538460c1e20a4
0x6e2320,0x179c10,23126,0x418838,0x34c,0x100,0xb33b2a9074e0998f
0x6e23dc,0x179c30,23127,0x2925cc,0x1568,0x100,0x4540e99c72c58e02
0x6e2498,0x179c50,23128,0x41d638,0x648,0x100,0xd0d658a0b954b0e7
0x6e2554,0x179c70,23129,0x3af4d0,0x3b0,0x100,0x395bc5dde825bf42
0x6e2654,0x179cd0,23132,0x616ae0,0x324,0x100,0x6f59f8abd27d13b8
0x6e268c,0x179010,23030,0x6dc9d0,0x20,0x0,0x72845e811b375abf
0x6e2710,0x179d30,23135,0x268594,0x878,0x100,0x6b5d04fb7fe896a4
0x6e27cc,0x179d50,23136,0x530f20,0x85c,0x100,0x53588c87d97f2f2
0x6e2888,0x179d70,23137,0x559f4c,0x54c,0x100,0x4ad2e07f3d066ec7
0x6e2944,0x179d90,23138,0x36b990,0x958,0x100,0x6b802c34259d463f
0x6e2a00,0x179db0,23139,0x292ecc,0x2760,0x100,0xfb06402df5f2948
0x6e2abc,0x179dd0,23140,0x49a264,0xb4c,0x100,0x716efb79208537fa
0x6e2b78,0x179df0,23141,0x42d738,0x434,0x100,0xfbc286c33c22137e
0x6e2c34,0x179e10,23142,0x225634,0xdd0,0x100,0x94319c898a120466
